{
  "type": "FeatureCollection",
  "features": [
    {
      "type": "Feature",
      "properties": {
        "@id": "relation/1116791",
        "alternate": "yes",
        "colour": "#51bc4a",
        "from": "Gaumberg",
        "name": "Bus 191: Gaumberg => St. Martin",
        "network": "Oberösterreichischer Verkehrsverbund",
        "network:short": "OÖVV",
        "network:wikidata": "Q2011605",
        "network:wikipedia": "de:Oberösterreichischer Verkehrsverbund",
        "operator": "Linz Linien GmbH",
        "public_transport:version": "2",
        "ref": "191",
        "route": "bus",
        "to": "Traun Sankt Martin",
        "type": "route"
      },
      "geometry": {
        "type": "MultiLineString",
        "coordinates": [
          [
            [
              14.2601749,
              48.2582901
            ],
            [
              14.2602299,
              48.258294
            ],
            [
              14.2602746,
              48.2583052
            ],
            [
              14.2603219,
              48.2583276
            ],
            [
              14.2603626,
              48.2583639
            ],
            [
              14.2603839,
              48.25841
            ],
            [
              14.2603818,
              48.2584513
            ],
            [
              14.2603668,
              48.2584828
            ],
            [
              14.2603316,
              48.2585182
            ],
            [
              14.2602877,
              48.2585423
            ],
            [
              14.2602363,
              48.2585573
            ],
            [
              14.2601743,
              48.2585623
            ],
            [
              14.2601175,
              48.2585557
            ],
            [
              14.2600675,
              48.2585396
            ],
            [
              14.2600209,
              48.2585111
            ],
            [
              14.2599919,
              48.2584785
            ],
            [
              14.2599789,
              48.258448
            ],
            [
              14.2599768,
              48.2584161
            ],
            [
              14.2600003,
              48.2583622
            ],
            [
              14.2600456,
              48.258324
            ],
            [
              14.2601059,
              48.2582995
            ],
            [
              14.2601749,
              48.2582901
            ],
            [
              14.2601466,
              48.2582177
            ],
            [
              14.2601077,
              48.2581249
            ],
            [
              14.2600904,
              48.2580745
            ],
            [
              14.260062,
              48.2579391
            ],
            [
              14.2600159,
              48.25768
            ],
            [
              14.2599783,
              48.2573071
            ],
            [
              14.2599877,
              48.2570782
            ],
            [
              14.2600527,
              48.2567104
            ],
            [
              14.2601167,
              48.2562768
            ],
            [
              14.2601945,
              48.2557494
            ],
            [
              14.2602366,
              48.2553905
            ],
            [
              14.2602579,
              48.2552658
            ],
            [
              14.260383,
              48.2543947
            ],
            [
              14.2604036,
              48.2540734
            ],
            [
              14.2603953,
              48.2538473
            ],
            [
              14.2603711,
              48.2536098
            ],
            [
              14.2603371,
              48.2533858
            ],
            [
              14.2603263,
              48.2533129
            ],
            [
              14.2603,
              48.2531406
            ],
            [
              14.2602675,
              48.2529928
            ],
            [
              14.2602532,
              48.2529385
            ],
            [
              14.2601997,
              48.2527616
            ],
            [
              14.2601667,
              48.2526627
            ],
            [
              14.2601245,
              48.2525647
            ],
            [
              14.2600676,
              48.2524534
            ],
            [
              14.2600306,
              48.2523752
            ],
            [
              14.2600096,
              48.2523155
            ],
            [
              14.2599914,
              48.2522197
            ],
            [
              14.2599743,
              48.2521439
            ],
            [
              14.259948,
              48.2520824
            ],
            [
              14.2598872,
              48.2519785
            ],
            [
              14.2598508,
              48.2519117
            ],
            [
              14.2596603,
              48.251413
            ],
            [
              14.2595988,
              48.2512053
            ],
            [
              14.2595695,
              48.2511161
            ],
            [
              14.2595517,
              48.2510621
            ],
            [
              14.2595358,
              48.251019
            ],
            [
              14.2594965,
              48.2509125
            ],
            [
              14.2594733,
              48.2508471
            ],
            [
              14.2593582,
              48.2505338
            ],
            [
              14.2593232,
              48.2504175
            ],
            [
              14.2592918,
              48.2503045
            ],
            [
              14.2592519,
              48.250167
            ],
            [
              14.2591989,
              48.2499789
            ],
            [
              14.2591579,
              48.2498016
            ],
            [
              14.2591197,
              48.2496248
            ],
            [
              14.2591087,
              48.249561
            ],
            [
              14.2590871,
              48.2494369
            ],
            [
              14.2590801,
              48.2493792
            ],
            [
              14.2590676,
              48.2492763
            ],
            [
              14.259058,
              48.2491732
            ],
            [
              14.2590518,
              48.2489806
            ],
            [
              14.2590536,
              48.2487665
            ],
            [
              14.2590601,
              48.2485818
            ],
            [
              14.259068,
              48.2484288
            ],
            [
              14.2590695,
              48.2484001
            ],
            [
              14.2590755,
              48.2483329
            ],
            [
              14.2590806,
              48.248267
            ],
            [
              14.2591002,
              48.2481298
            ],
            [
              14.2591099,
              48.248076
            ],
            [
              14.2591254,
              48.2479918
            ],
            [
              14.2591554,
              48.2478728
            ],
            [
              14.259182,
              48.2477675
            ],
            [
              14.2592203,
              48.2476157
            ],
            [
              14.2592845,
              48.247369
            ],
            [
              14.2593043,
              48.2472927
            ],
            [
              14.2593796,
              48.2470061
            ],
            [
              14.2594137,
              48.2468734
            ],
            [
              14.2594176,
              48.2468582
            ],
            [
              14.2594506,
              48.2467293
            ],
            [
              14.2594535,
              48.2467181
            ],
            [
              14.2595031,
              48.2465236
            ],
            [
              14.2595381,
              48.2463867
            ],
            [
              14.2595846,
              48.2462046
            ],
            [
              14.2596164,
              48.2460799
            ],
            [
              14.2596237,
              48.246041
            ],
            [
              14.259643,
              48.2459383
            ],
            [
              14.2596616,
              48.2458394
            ],
            [
              14.2596896,
              48.2456903
            ],
            [
              14.2597112,
              48.2455687
            ],
            [
              14.259511,
              48.245479
            ],
            [
              14.2593158,
              48.2453875
            ],
            [
              14.259219,
              48.2453428
            ]
          ],
          [
            [
              14.2603818,
              48.2584513
            ],
            [
              14.2604926,
              48.2584672
            ],
            [
              14.2606291,
              48.2584915
            ],
            [
              14.2607414,
              48.2585238
            ],
            [
              14.2608003,
              48.2585557
            ],
            [
              14.2630463,
              48.2599934
            ],
            [
              14.2635734,
              48.2603267
            ],
            [
              14.2636342,
              48.2603651
            ],
            [
              14.2637047,
              48.26041
            ],
            [
              14.2637874,
              48.2604626
            ],
            [
              14.2639353,
              48.260557
            ],
            [
              14.2641121,
              48.2606698
            ],
            [
              14.2642533,
              48.2607598
            ],
            [
              14.2645374,
              48.260941
            ],
            [
              14.264668,
              48.2610228
            ],
            [
              14.2648569,
              48.2611412
            ],
            [
              14.2649747,
              48.2612151
            ],
            [
              14.2650406,
              48.2612564
            ],
            [
              14.2651836,
              48.261346
            ],
            [
              14.2653659,
              48.2614636
            ],
            [
              14.2654974,
              48.2615484
            ],
            [
              14.2655373,
              48.2615741
            ],
            [
              14.2656382,
              48.2616377
            ],
            [
              14.2658263,
              48.2617562
            ],
            [
              14.266035,
              48.2618778
            ],
            [
              14.2660896,
              48.2619087
            ],
            [
              14.2660617,
              48.2619412
            ],
            [
              14.2660484,
              48.261976
            ],
            [
              14.2660476,
              48.2620035
            ],
            [
              14.2660566,
              48.2620339
            ],
            [
              14.2660755,
              48.262062
            ],
            [
              14.2659681,
              48.2621123
            ],
            [
              14.2656899,
              48.2622715
            ],
            [
              14.2653261,
              48.2624768
            ],
            [
              14.2651646,
              48.262568
            ],
            [
              14.2646352,
              48.2628669
            ],
            [
              14.2643248,
              48.2630421
            ],
            [
              14.2641882,
              48.2631288
            ],
            [
              14.2636923,
              48.2634436
            ],
            [
              14.263551,
              48.2635333
            ],
            [
              14.2634505,
              48.2635971
            ],
            [
              14.2634247,
              48.2635872
            ],
            [
              14.2633781,
              48.2635796
            ],
            [
              14.2633298,
              48.2635831
            ],
            [
              14.2632882,
              48.2635965
            ],
            [
              14.2632581,
              48.263616
            ],
            [
              14.2632374,
              48.263642
            ],
            [
              14.2632305,
              48.2636794
            ],
            [
              14.2632409,
              48.2637075
            ],
            [
              14.2632728,
              48.2637384
            ],
            [
              14.263163,
              48.263791
            ],
            [
              14.2630305,
              48.2638391
            ],
            [
              14.2628795,
              48.2638915
            ],
            [
              14.2626361,
              48.263986
            ],
            [
              14.2624292,
              48.2640711
            ],
            [
              14.2622422,
              48.264146
            ],
            [
              14.2621094,
              48.2642
            ],
            [
              14.2619401,
              48.2642691
            ],
            [
              14.261874,
              48.2642956
            ],
            [
              14.2617519,
              48.2643454
            ],
            [
              14.261376,
              48.2644979
            ],
            [
              14.2613396,
              48.2645143
            ],
            [
              14.2612936,
              48.2645365
            ],
            [
              14.2611844,
              48.2645894
            ],
            [
              14.2609713,
              48.2643968
            ],
            [
              14.2607104,
              48.2641605
            ],
            [
              14.2606306,
              48.2640912
            ],
            [
              14.2603836,
              48.2638767
            ],
            [
              14.2597781,
              48.2633508
            ],
            [
              14.2593019,
              48.262879
            ],
            [
              14.2591763,
              48.2627682
            ],
            [
              14.2588852,
              48.2625181
            ],
            [
              14.2586856,
              48.2623428
            ],
            [
              14.2586137,
              48.2624036
            ],
            [
              14.2585886,
              48.2624248
            ],
            [
              14.2585187,
              48.262484
            ],
            [
              14.2584116,
              48.2625746
            ],
            [
              14.2583686,
              48.2626214
            ],
            [
              14.2583464,
              48.2626634
            ],
            [
              14.258326,
              48.2627263
            ],
            [
              14.2583181,
              48.2627676
            ],
            [
              14.2583117,
              48.2628389
            ],
            [
              14.2583149,
              48.2629409
            ],
            [
              14.2583118,
              48.2629993
            ],
            [
              14.2583097,
              48.2630753
            ],
            [
              14.2583021,
              48.2631314
            ],
            [
              14.2582887,
              48.2631976
            ],
            [
              14.2582314,
              48.2633573
            ],
            [
              14.2581678,
              48.2635024
            ],
            [
              14.2580732,
              48.263748
            ],
            [
              14.2580055,
              48.2638889
            ],
            [
              14.2579388,
              48.264037
            ],
            [
              14.257815,
              48.2642842
            ],
            [
              14.2578091,
              48.2642962
            ],
            [
              14.2577786,
              48.2643578
            ]
          ],
          [
            [
              14.2576984,
              48.2645586
            ],
            [
              14.2576651,
              48.264551
            ],
            [
              14.2576304,
              48.2645359
            ],
            [
              14.2576008,
              48.2645132
            ],
            [
              14.2575847,
              48.264491
            ],
            [
              14.2575765,
              48.2644647
            ],
            [
              14.2575784,
              48.2644396
            ],
            [
              14.2576007,
              48.2644011
            ],
            [
              14.2576351,
              48.2643757
            ],
            [
              14.2576764,
              48.26436
            ],
            [
              14.2577271,
              48.2643532
            ],
            [
              14.2577786,
              48.2643578
            ],
            [
              14.257825,
              48.2643733
            ],
            [
              14.2578623,
              48.2643994
            ],
            [
              14.2578808,
              48.2644246
            ],
            [
              14.2578886,
              48.2644563
            ],
            [
              14.2578824,
              48.2644862
            ],
            [
              14.2578687,
              48.2645079
            ],
            [
              14.257846,
              48.2645285
            ],
            [
              14.2578139,
              48.2645458
            ],
            [
              14.2577627,
              48.2645591
            ],
            [
              14.2576984,
              48.2645586
            ]
          ],
          [
            [
              14.2576984,
              48.2645586
            ],
            [
              14.2576718,
              48.2646161
            ],
            [
              14.2576625,
              48.2646361
            ],
            [
              14.2575127,
              48.2649652
            ],
            [
              14.2573547,
              48.2652867
            ],
            [
              14.2573348,
              48.2653287
            ],
            [
              14.25724,
              48.2653133
            ],
            [
              14.25714,
              48.2653046
            ],
            [
              14.2570301,
              48.2653036
            ],
            [
              14.2568976,
              48.265309
            ],
            [
              14.2567053,
              48.2653253
            ],
            [
              14.256637,
              48.2653336
            ],
            [
              14.2564771,
              48.2653529
            ],
            [
              14.2564247,
              48.2653606
            ],
            [
              14.2562075,
              48.2653971
            ],
            [
              14.2561053,
              48.265414
            ],
            [
              14.2559558,
              48.2654394
            ],
            [
              14.2558794,
              48.2654523
            ],
            [
              14.2557749,
              48.2654717
            ],
            [
              14.2556802,
              48.2654903
            ],
            [
              14.2553357,
              48.265556
            ],
            [
              14.2552763,
              48.2655689
            ],
            [
              14.2552588,
              48.2655735
            ],
            [
              14.2551458,
              48.2656033
            ],
            [
              14.2545792,
              48.265793
            ],
            [
              14.2544791,
              48.265821
            ],
            [
              14.2544359,
              48.2658299
            ],
            [
              14.254149,
              48.2658774
            ],
            [
              14.253732,
              48.2659509
            ],
            [
              14.2532989,
              48.2660152
            ],
            [
              14.2532296,
              48.2660171
            ],
            [
              14.2531562,
              48.2660191
            ],
            [
              14.2527443,
              48.2660811
            ],
            [
              14.2526892,
              48.2660983
            ],
            [
              14.2526065,
              48.2661241
            ],
            [
              14.2523326,
              48.2661615
            ],
            [
              14.2520826,
              48.2661909
            ],
            [
              14.2519336,
              48.2662038
            ],
            [
              14.251806,
              48.2662097
            ],
            [
              14.2516894,
              48.2662148
            ],
            [
              14.2516604,
              48.2662159
            ],
            [
              14.2515545,
              48.26622
            ],
            [
              14.251471,
              48.266224
            ],
            [
              14.2504531,
              48.2662725
            ],
            [
              14.2493151,
              48.2663178
            ],
            [
              14.2491265,
              48.2663134
            ],
            [
              14.2489357,
              48.266303
            ],
            [
              14.246643,
              48.2660588
            ],
            [
              14.2462731,
              48.2660234
            ],
            [
              14.2459887,
              48.2660037
            ],
            [
              14.2457759,
              48.265999
            ],
            [
              14.2456281,
              48.2659966
            ],
            [
              14.2455916,
              48.2659961
            ],
            [
              14.2455081,
              48.2659976
            ],
            [
              14.2453297,
              48.2660053
            ],
            [
              14.2453377,
              48.2661254
            ],
            [
              14.2453289,
              48.2662653
            ],
            [
              14.2453131,
              48.2663717
            ],
            [
              14.2452863,
              48.2664829
            ],
            [
              14.2452456,
              48.2665865
            ],
            [
              14.2452116,
              48.2666628
            ],
            [
              14.2451582,
              48.266749
            ],
            [
              14.2450925,
              48.2668349
            ],
            [
              14.2448906,
              48.2670655
            ],
            [
              14.2447656,
              48.2672161
            ],
            [
              14.2446465,
              48.2673799
            ],
            [
              14.2445472,
              48.2675503
            ],
            [
              14.2443809,
              48.2679084
            ],
            [
              14.2441425,
              48.2684273
            ],
            [
              14.2439692,
              48.2687582
            ],
            [
              14.2439255,
              48.2688212
            ],
            [
              14.2437181,
              48.2691752
            ],
            [
              14.2435107,
              48.2695375
            ],
            [
              14.2435008,
              48.2695889
            ],
            [
              14.2435,
              48.2696297
            ],
            [
              14.2434975,
              48.2696835
            ],
            [
              14.2434948,
              48.2697964
            ],
            [
              14.2435248,
              48.2699809
            ],
            [
              14.2435314,
              48.2700214
            ],
            [
              14.2435673,
              48.2701939
            ],
            [
              14.243581,
              48.2702518
            ],
            [
              14.2436063,
              48.2703592
            ],
            [
              14.2436433,
              48.2704882
            ],
            [
              14.2436721,
              48.2705927
            ],
            [
              14.2437252,
              48.2707524
            ],
            [
              14.2437611,
              48.2708366
            ],
            [
              14.2437481,
              48.2708871
            ],
            [
              14.2441997,
              48.2709852
            ],
            [
              14.2442781,
              48.271002
            ],
            [
              14.2444137,
              48.2710288
            ],
            [
              14.2450639,
              48.2711618
            ],
            [
              14.2452548,
              48.2712061
            ],
            [
              14.2452967,
              48.2712158
            ],
            [
              14.2456102,
              48.2712846
            ],
            [
              14.2466368,
              48.2715154
            ],
            [
              14.2467975,
              48.2715506
            ],
            [
              14.246854,
              48.2715641
            ],
            [
              14.2473019,
              48.2716641
            ],
            [
              14.2474791,
              48.2717024
            ],
            [
              14.2477636,
              48.2717637
            ],
            [
              14.2478272,
              48.2717772
            ],
            [
              14.24819,
              48.2718561
            ],
            [
              14.2485677,
              48.2719402
            ],
            [
              14.2490589,
              48.2720443
            ],
            [
              14.2495975,
              48.2721584
            ],
            [
              14.2498129,
              48.272204
            ],
            [
              14.2499092,
              48.2722245
            ],
            [
              14.2501551,
              48.2722762
            ],
            [
              14.2502958,
              48.2723063
            ],
            [
              14.2506144,
              48.2723729
            ],
            [
              14.2520365,
              48.2726694
            ],
            [
              14.2523991,
              48.2727432
            ],
            [
              14.2527752,
              48.2728087
            ],
            [
              14.2528787,
              48.2728274
            ],
            [
              14.2532438,
              48.272886
            ],
            [
              14.2534373,
              48.2729199
            ],
            [
              14.2539033,
              48.2729999
            ],
            [
              14.2541145,
              48.2730428
            ],
            [
              14.254696,
              48.2731354
            ],
            [
              14.2547211,
              48.2731397
            ],
            [
              14.2551731,
              48.273217
            ],
            [
              14.2552381,
              48.273228
            ],
            [
              14.2555571,
              48.273282
            ],
            [
              14.2560811,
              48.2733774
            ],
            [
              14.2563574,
              48.2734155
            ],
            [
              14.2566234,
              48.2734451
            ],
            [
              14.2569334,
              48.2734722
            ],
            [
              14.2570137,
              48.2734765
            ],
            [
              14.2570704,
              48.2734795
            ]
          ],
          [
            [
              14.2574051,
              48.2735388
            ],
            [
              14.2573839,
              48.2735709
            ],
            [
              14.2573369,
              48.2736036
            ],
            [
              14.2572848,
              48.27362
            ],
            [
              14.2572203,
              48.2736238
            ],
            [
              14.2571645,
              48.2736136
            ],
            [
              14.2571267,
              48.2735976
            ],
            [
              14.2570961,
              48.2735754
            ],
            [
              14.2570764,
              48.2735509
            ],
            [
              14.2570647,
              48.2735132
            ],
            [
              14.2570704,
              48.2734795
            ],
            [
              14.2570858,
              48.273454
            ],
            [
              14.2571231,
              48.2734228
            ],
            [
              14.2571746,
              48.2734018
            ],
            [
              14.2572332,
              48.2733939
            ],
            [
              14.2573051,
              48.273403
            ],
            [
              14.2573532,
              48.2734232
            ],
            [
              14.2573938,
              48.2734592
            ],
            [
              14.2574097,
              48.2734957
            ],
            [
              14.2574051,
              48.2735388
            ]
          ],
          [
            [
              14.2574051,
              48.2735388
            ],
            [
              14.2574389,
              48.2735423
            ],
            [
              14.2575407,
              48.2735529
            ],
            [
              14.2577829,
              48.2735782
            ],
            [
              14.2581577,
              48.2736111
            ],
            [
              14.2587017,
              48.2736386
            ],
            [
              14.2589785,
              48.2736514
            ],
            [
              14.2595568,
              48.2736625
            ],
            [
              14.2600812,
              48.2736505
            ],
            [
              14.2611561,
              48.2736435
            ],
            [
              14.2612736,
              48.2736428
            ],
            [
              14.2618313,
              48.2736376
            ],
            [
              14.2620294,
              48.2736381
            ],
            [
              14.2623068,
              48.2736425
            ],
            [
              14.2625566,
              48.273649
            ],
            [
              14.2628699,
              48.273671
            ],
            [
              14.2630153,
              48.2736843
            ],
            [
              14.2630477,
              48.2736873
            ],
            [
              14.2632477,
              48.2737086
            ],
            [
              14.2634238,
              48.2737283
            ],
            [
              14.2634445,
              48.2737306
            ],
            [
              14.263801,
              48.2737726
            ],
            [
              14.2640989,
              48.2737943
            ],
            [
              14.2643643,
              48.2738085
            ],
            [
              14.2645128,
              48.2738132
            ],
            [
              14.2645122,
              48.2738604
            ],
            [
              14.2645115,
              48.2739165
            ],
            [
              14.2645125,
              48.2740312
            ],
            [
              14.2645097,
              48.2742057
            ],
            [
              14.2645011,
              48.2742504
            ],
            [
              14.2644792,
              48.2742923
            ],
            [
              14.2644603,
              48.2743195
            ],
            [
              14.2644102,
              48.2743709
            ],
            [
              14.2643461,
              48.2744237
            ],
            [
              14.26431,
              48.2744534
            ],
            [
              14.2642065,
              48.2745313
            ],
            [
              14.2636031,
              48.2749474
            ],
            [
              14.2635031,
              48.2750048
            ],
            [
              14.2634572,
              48.2750312
            ],
            [
              14.2632953,
              48.2751079
            ],
            [
              14.2631293,
              48.2751692
            ],
            [
              14.2629428,
              48.2752258
            ],
            [
              14.2628034,
              48.2752572
            ],
            [
              14.2627153,
              48.2752692
            ],
            [
              14.2626834,
              48.2752736
            ],
            [
              14.2625018,
              48.2752902
            ],
            [
              14.2622326,
              48.2753055
            ],
            [
              14.2616581,
              48.275334
            ],
            [
              14.261526,
              48.2753406
            ],
            [
              14.2610204,
              48.2753657
            ],
            [
              14.2609729,
              48.2753688
            ],
            [
              14.2606116,
              48.2753911
            ],
            [
              14.2603795,
              48.2754116
            ],
            [
              14.2602533,
              48.2754227
            ],
            [
              14.2600921,
              48.2754451
            ],
            [
              14.2598545,
              48.2754869
            ],
            [
              14.2594366,
              48.2755604
            ],
            [
              14.2594018,
              48.2755665
            ],
            [
              14.2591703,
              48.2756073
            ],
            [
              14.2591111,
              48.2756171
            ],
            [
              14.2589241,
              48.2756479
            ],
            [
              14.2587639,
              48.2756743
            ],
            [
              14.2587174,
              48.275681
            ],
            [
              14.258518,
              48.27571
            ],
            [
              14.2584777,
              48.2757159
            ],
            [
              14.2583511,
              48.2757305
            ],
            [
              14.2581377,
              48.2757516
            ],
            [
              14.258109,
              48.2757544
            ],
            [
              14.2578745,
              48.2757694
            ],
            [
              14.2577022,
              48.2757788
            ],
            [
              14.2575483,
              48.275792
            ],
            [
              14.257462,
              48.2758009
            ],
            [
              14.2571822,
              48.2758299
            ],
            [
              14.2570519,
              48.2758435
            ],
            [
              14.2563388,
              48.2759181
            ],
            [
              14.256052,
              48.275948
            ],
            [
              14.2555766,
              48.2759985
            ],
            [
              14.2554168,
              48.2760154
            ],
            [
              14.2548437,
              48.2760763
            ],
            [
              14.254853,
              48.2761415
            ],
            [
              14.2548512,
              48.2761693
            ],
            [
              14.2548501,
              48.2761862
            ],
            [
              14.254845,
              48.2762147
            ],
            [
              14.2548194,
              48.2762487
            ],
            [
              14.2543925,
              48.2765868
            ],
            [
              14.2543814,
              48.2765956
            ],
            [
              14.2540257,
              48.2768774
            ],
            [
              14.2539883,
              48.276907
            ],
            [
              14.2535863,
              48.2772254
            ],
            [
              14.2535468,
              48.2772567
            ],
            [
              14.2534556,
              48.2773326
            ],
            [
              14.253376,
              48.2773836
            ],
            [
              14.2532961,
              48.2774323
            ],
            [
              14.253041,
              48.2775855
            ],
            [
              14.2529378,
              48.2776475
            ],
            [
              14.2528972,
              48.2776719
            ],
            [
              14.2528196,
              48.2777185
            ],
            [
              14.2525715,
              48.2778675
            ],
            [
              14.2523154,
              48.2780213
            ],
            [
              14.2522267,
              48.2780746
            ],
            [
              14.2520072,
              48.2782065
            ],
            [
              14.2518574,
              48.2783152
            ],
            [
              14.2517307,
              48.2784179
            ],
            [
              14.2514183,
              48.2787019
            ],
            [
              14.2513156,
              48.2787901
            ],
            [
              14.2511812,
              48.2787382
            ],
            [
              14.2510598,
              48.278661
            ],
            [
              14.2509446,
              48.2785534
            ],
            [
              14.2508469,
              48.2784622
            ],
            [
              14.2506657,
              48.278293
            ],
            [
              14.2506259,
              48.2782559
            ],
            [
              14.2505921,
              48.2782243
            ],
            [
              14.2505449,
              48.2781802
            ],
            [
              14.250313,
              48.2779637
            ],
            [
              14.2502585,
              48.2779216
            ],
            [
              14.2502062,
              48.2779582
            ],
            [
              14.250187,
              48.2779716
            ],
            [
              14.2496356,
              48.2783513
            ],
            [
              14.2494584,
              48.278481
            ],
            [
              14.2492875,
              48.2786155
            ],
            [
              14.2491285,
              48.2787682
            ],
            [
              14.2490891,
              48.2788127
            ],
            [
              14.2490682,
              48.2788396
            ],
            [
              14.2490674,
              48.2788699
            ],
            [
              14.2491022,
              48.2789253
            ],
            [
              14.2491547,
              48.2789996
            ],
            [
              14.2491717,
              48.2790394
            ],
            [
              14.2491824,
              48.2790852
            ],
            [
              14.2491874,
              48.2791355
            ],
            [
              14.2491815,
              48.2791825
            ],
            [
              14.2491802,
              48.2791933
            ],
            [
              14.249165,
              48.2792478
            ],
            [
              14.2491357,
              48.2793037
            ],
            [
              14.2490868,
              48.2793655
            ],
            [
              14.2490319,
              48.2794228
            ],
            [
              14.2489687,
              48.2794878
            ],
            [
              14.24889,
              48.2795625
            ],
            [
              14.2488734,
              48.2795783
            ],
            [
              14.2488164,
              48.2796324
            ],
            [
              14.2488057,
              48.2796425
            ],
            [
              14.2487487,
              48.2796967
            ],
            [
              14.2487176,
              48.2797262
            ],
            [
              14.2486091,
              48.2798292
            ],
            [
              14.2483999,
              48.2800096
            ],
            [
              14.2483543,
              48.2800489
            ],
            [
              14.2482781,
              48.2801178
            ],
            [
              14.2483592,
              48.2801975
            ],
            [
              14.2484005,
              48.2802446
            ],
            [
              14.2486605,
              48.2806531
            ],
            [
              14.2487073,
              48.2807267
            ],
            [
              14.2487197,
              48.2807463
            ],
            [
              14.2487297,
              48.2807619
            ],
            [
              14.2488396,
              48.2809347
            ],
            [
              14.2488707,
              48.2809836
            ],
            [
              14.2489857,
              48.2811589
            ],
            [
              14.2490514,
              48.2812412
            ],
            [
              14.2491379,
              48.2813287
            ],
            [
              14.2492375,
              48.2814165
            ],
            [
              14.2493744,
              48.2815136
            ],
            [
              14.249451,
              48.281564
            ],
            [
              14.2497229,
              48.281743
            ],
            [
              14.2497477,
              48.2817593
            ],
            [
              14.249847,
              48.281837
            ],
            [
              14.2498769,
              48.2818624
            ],
            [
              14.2500187,
              48.2819833
            ],
            [
              14.2501307,
              48.2820886
            ],
            [
              14.2502689,
              48.2822186
            ],
            [
              14.2502827,
              48.2822317
            ],
            [
              14.2504706,
              48.2824006
            ],
            [
              14.2504837,
              48.2824123
            ],
            [
              14.250513,
              48.2824387
            ],
            [
              14.2507415,
              48.2826443
            ],
            [
              14.2507875,
              48.2826856
            ],
            [
              14.2509497,
              48.2828315
            ],
            [
              14.2509886,
              48.2828665
            ],
            [
              14.2512061,
              48.2830622
            ],
            [
              14.2513798,
              48.2832182
            ],
            [
              14.2514321,
              48.2832651
            ],
            [
              14.2517014,
              48.2835071
            ],
            [
              14.2518561,
              48.2836465
            ],
            [
              14.2519874,
              48.2837816
            ],
            [
              14.2521305,
              48.283955
            ],
            [
              14.2523899,
              48.2842964
            ],
            [
              14.2524049,
              48.2843156
            ],
            [
              14.2524533,
              48.2843774
            ],
            [
              14.2525467,
              48.2844968
            ],
            [
              14.2526249,
              48.2845823
            ],
            [
              14.2534316,
              48.2852928
            ],
            [
              14.2537057,
              48.2855368
            ],
            [
              14.2538098,
              48.2856453
            ],
            [
              14.2539112,
              48.28574
            ],
            [
              14.2540194,
              48.2858243
            ],
            [
              14.2540991,
              48.2858864
            ],
            [
              14.2540691,
              48.2859074
            ],
            [
              14.2540469,
              48.2859357
            ],
            [
              14.2540382,
              48.2859629
            ],
            [
              14.2540393,
              48.2859873
            ],
            [
              14.2540503,
              48.2860142
            ],
            [
              14.2540728,
              48.2860398
            ],
            [
              14.2541006,
              48.2860583
            ],
            [
              14.2541345,
              48.2860721
            ],
            [
              14.25418,
              48.2860809
            ],
            [
              14.2542303,
              48.2860804
            ],
            [
              14.2542726,
              48.2860717
            ],
            [
              14.2543114,
              48.2860549
            ],
            [
              14.2543414,
              48.286032
            ],
            [
              14.2543607,
              48.2860048
            ],
            [
              14.2543681,
              48.2859757
            ],
            [
              14.2543652,
              48.2859509
            ],
            [
              14.2543529,
              48.2859257
            ],
            [
              14.254335,
              48.2859058
            ],
            [
              14.2544793,
              48.2858249
            ],
            [
              14.2545292,
              48.285797
            ],
            [
              14.254595,
              48.2857602
            ],
            [
              14.2546937,
              48.2857055
            ],
            [
              14.2548198,
              48.2856357
            ],
            [
              14.2549376,
              48.2855638
            ],
            [
              14.2550279,
              48.28551
            ],
            [
              14.2551098,
              48.2854612
            ],
            [
              14.2551817,
              48.2854144
            ],
            [
              14.2552566,
              48.2853656
            ],
            [
              14.255332,
              48.2853137
            ],
            [
              14.255407,
              48.285262
            ],
            [
              14.2555623,
              48.2851551
            ],
            [
              14.2557462,
              48.2850284
            ],
            [
              14.2559175,
              48.2849104
            ],
            [
              14.2560908,
              48.2847911
            ],
            [
              14.2561844,
              48.2847266
            ],
            [
              14.2562365,
              48.2846997
            ],
            [
              14.2562695,
              48.2846705
            ],
            [
              14.2562883,
              48.2846538
            ],
            [
              14.25633,
              48.2846098
            ],
            [
              14.2564799,
              48.2845041
            ],
            [
              14.2568448,
              48.2842464
            ],
            [
              14.256942,
              48.2841778
            ],
            [
              14.2570022,
              48.2841353
            ],
            [
              14.2572734,
              48.2839439
            ],
            [
              14.2574154,
              48.2838436
            ],
            [
              14.257622,
              48.2836977
            ],
            [
              14.2577828,
              48.2835842
            ],
            [
              14.2580635,
              48.2833861
            ],
            [
              14.2581581,
              48.2833193
            ],
            [
              14.2582184,
              48.283277
            ],
            [
              14.258283,
              48.2832317
            ],
            [
              14.2585794,
              48.2834825
            ],
            [
              14.2586616,
              48.2835538
            ],
            [
              14.2587464,
              48.2836273
            ],
            [
              14.2587808,
              48.2836571
            ],
            [
              14.2589909,
              48.2835405
            ],
            [
              14.259279,
              48.2833806
            ],
            [
              14.2595476,
              48.2832316
            ],
            [
              14.2599934,
              48.2829841
            ],
            [
              14.2600531,
              48.2829612
            ],
            [
              14.2603525,
              48.2828459
            ],
            [
              14.2605852,
              48.2827563
            ],
            [
              14.2608352,
              48.2826652
            ],
            [
              14.261356,
              48.2824502
            ],
            [
              14.2616169,
              48.2823425
            ],
            [
              14.2616664,
              48.2823221
            ],
            [
              14.2620285,
              48.2821726
            ],
            [
              14.2621214,
              48.2821343
            ],
            [
              14.2622061,
              48.2820993
            ],
            [
              14.2623085,
              48.282057
            ],
            [
              14.2625012,
              48.2819727
            ],
            [
              14.2627115,
              48.2818807
            ],
            [
              14.2627501,
              48.2818638
            ],
            [
              14.2629694,
              48.2817933
            ],
            [
              14.2631531,
              48.2817526
            ],
            [
              14.2632038,
              48.2817414
            ],
            [
              14.2633878,
              48.2817099
            ],
            [
              14.2634668,
              48.2816964
            ],
            [
              14.2635243,
              48.2816865
            ],
            [
              14.2636263,
              48.2816693
            ],
            [
              14.2637086,
              48.2816555
            ],
            [
              14.2637991,
              48.2816392
            ],
            [
              14.2640326,
              48.2815743
            ],
            [
              14.2640903,
              48.2815583
            ],
            [
              14.2644142,
              48.2814787
            ],
            [
              14.2646355,
              48.281435
            ],
            [
              14.2646743,
              48.2814273
            ],
            [
              14.2647529,
              48.2814118
            ],
            [
              14.2650672,
              48.2813489
            ],
            [
              14.2650859,
              48.2813452
            ],
            [
              14.2651984,
              48.2813227
            ],
            [
              14.265243,
              48.2813138
            ],
            [
              14.2654789,
              48.2812666
            ],
            [
              14.2655104,
              48.2812603
            ],
            [
              14.2657363,
              48.2812151
            ],
            [
              14.2660237,
              48.2811577
            ],
            [
              14.2661377,
              48.2811349
            ],
            [
              14.2663198,
              48.2810882
            ],
            [
              14.2664681,
              48.2810427
            ],
            [
              14.2665615,
              48.2810119
            ],
            [
              14.2670322,
              48.2808564
            ],
            [
              14.2672259,
              48.2808089
            ],
            [
              14.2674689,
              48.2807559
            ],
            [
              14.2676055,
              48.2807314
            ],
            [
              14.2677535,
              48.2807049
            ],
            [
              14.2680794,
              48.2806561
            ],
            [
              14.2681895,
              48.2806423
            ],
            [
              14.2682769,
              48.2806363
            ],
            [
              14.2682921,
              48.2806353
            ],
            [
              14.2683675,
              48.2806357
            ],
            [
              14.2684933,
              48.2806445
            ],
            [
              14.2686975,
              48.2806736
            ],
            [
              14.2689047,
              48.2807249
            ],
            [
              14.2689704,
              48.2807412
            ],
            [
              14.2691049,
              48.2807817
            ],
            [
              14.2691773,
              48.2808141
            ],
            [
              14.2692399,
              48.280851
            ],
            [
              14.2692844,
              48.2808814
            ],
            [
              14.2693119,
              48.280914
            ],
            [
              14.2693433,
              48.2809503
            ],
            [
              14.2693717,
              48.2810016
            ],
            [
              14.2694115,
              48.2810696
            ],
            [
              14.2694663,
              48.2811428
            ],
            [
              14.2695156,
              48.2812088
            ],
            [
              14.2696233,
              48.2813528
            ],
            [
              14.2696413,
              48.281384
            ],
            [
              14.2696595,
              48.2814379
            ],
            [
              14.2696592,
              48.2814706
            ],
            [
              14.2697158,
              48.2814966
            ],
            [
              14.2697535,
              48.2815126
            ],
            [
              14.269782,
              48.2815355
            ],
            [
              14.2697996,
              48.2815552
            ],
            [
              14.2698092,
              48.2815808
            ],
            [
              14.2698115,
              48.2816126
            ],
            [
              14.2698055,
              48.2816551
            ],
            [
              14.2697896,
              48.2817177
            ],
            [
              14.2697826,
              48.2817677
            ],
            [
              14.2697835,
              48.2818194
            ],
            [
              14.2697926,
              48.2818689
            ],
            [
              14.2698088,
              48.2819093
            ],
            [
              14.2698417,
              48.2819726
            ],
            [
              14.2698547,
              48.2819927
            ],
            [
              14.2698882,
              48.2820442
            ],
            [
              14.2699341,
              48.2820939
            ],
            [
              14.26998,
              48.2821303
            ],
            [
              14.2700474,
              48.2821663
            ],
            [
              14.2701154,
              48.2821876
            ],
            [
              14.2701808,
              48.2821958
            ],
            [
              14.2702506,
              48.2821954
            ],
            [
              14.2703223,
              48.2821819
            ],
            [
              14.270382,
              48.2821629
            ],
            [
              14.270436,
              48.2821372
            ],
            [
              14.2704816,
              48.2821079
            ],
            [
              14.2705217,
              48.282055
            ],
            [
              14.2705487,
              48.2819914
            ],
            [
              14.2705839,
              48.2818376
            ],
            [
              14.2706547,
              48.2815286
            ],
            [
              14.2706652,
              48.2814881
            ],
            [
              14.2708584,
              48.2807422
            ],
            [
              14.2709543,
              48.2804179
            ],
            [
              14.2709713,
              48.2803435
            ],
            [
              14.2709981,
              48.2802644
            ],
            [
              14.2710292,
              48.2801911
            ],
            [
              14.2710521,
              48.28015
            ],
            [
              14.2710711,
              48.2801159
            ],
            [
              14.2711092,
              48.2800917
            ],
            [
              14.271167,
              48.2800551
            ],
            [
              14.2713098,
              48.2799849
            ],
            [
              14.271564,
              48.2798685
            ],
            [
              14.2715914,
              48.2798547
            ],
            [
              14.2716868,
              48.2798066
            ],
            [
              14.2718001,
              48.2797468
            ],
            [
              14.2718369,
              48.2797205
            ],
            [
              14.2718729,
              48.2796871
            ],
            [
              14.2718898,
              48.2796726
            ],
            [
              14.272177,
              48.2794259
            ],
            [
              14.2722332,
              48.2793883
            ],
            [
              14.272305,
              48.2793526
            ],
            [
              14.2723755,
              48.2793287
            ],
            [
              14.2724643,
              48.2793092
            ],
            [
              14.2726267,
              48.2792929
            ],
            [
              14.2728094,
              48.2792802
            ],
            [
              14.2728959,
              48.2792779
            ],
            [
              14.2729565,
              48.2792719
            ],
            [
              14.2730219,
              48.2792604
            ],
            [
              14.2730854,
              48.2792452
            ],
            [
              14.2732634,
              48.2791854
            ],
            [
              14.2733867,
              48.279138
            ],
            [
              14.2734837,
              48.2790835
            ],
            [
              14.273513,
              48.279067
            ],
            [
              14.2736173,
              48.2790053
            ],
            [
              14.2737223,
              48.2789433
            ],
            [
              14.2738396,
              48.2788739
            ],
            [
              14.2738723,
              48.2788548
            ],
            [
              14.2739011,
              48.2788381
            ],
            [
              14.2740486,
              48.2787521
            ],
            [
              14.2741022,
              48.278721
            ],
            [
              14.274247,
              48.2786372
            ],
            [
              14.2742818,
              48.278617
            ],
            [
              14.2744557,
              48.2785163
            ],
            [
              14.2747603,
              48.2783399
            ],
            [
              14.2747819,
              48.278354
            ],
            [
              14.2749416,
              48.2784546
            ],
            [
              14.2749789,
              48.2784787
            ],
            [
              14.2750313,
              48.2785168
            ],
            [
              14.2754002,
              48.2787577
            ],
            [
              14.2755116,
              48.2788305
            ],
            [
              14.275537,
              48.2788108
            ],
            [
              14.2756677,
              48.2786847
            ],
            [
              14.2757864,
              48.278597
            ],
            [
              14.2759603,
              48.2785024
            ],
            [
              14.2760796,
              48.2784419
            ],
            [
              14.276311,
              48.2783237
            ],
            [
              14.2764104,
              48.2782737
            ],
            [
              14.276447,
              48.2782553
            ],
            [
              14.2765644,
              48.2782203
            ],
            [
              14.2766428,
              48.2782256
            ],
            [
              14.2767571,
              48.2782614
            ],
            [
              14.276861,
              48.2783114
            ],
            [
              14.2768503,
              48.2783402
            ],
            [
              14.2768207,
              48.2783733
            ],
            [
              14.276801,
              48.2783838
            ],
            [
              14.2767805,
              48.2783949
            ],
            [
              14.2767272,
              48.2784021
            ],
            [
              14.2766724,
              48.2783885
            ],
            [
              14.2766412,
              48.2783552
            ],
            [
              14.2766359,
              48.2783169
            ],
            [
              14.2766405,
              48.2782561
            ],
            [
              14.2766428,
              48.2782256
            ],
            [
              14.2765644,
              48.2782203
            ],
            [
              14.276447,
              48.2782553
            ],
            [
              14.2764104,
              48.2782737
            ],
            [
              14.276311,
              48.2783237
            ]
          ],
          [
            [
              14.264997,
              48.2612712
            ],
            [
              14.2650567,
              48.2613091
            ],
            [
              14.2650889,
              48.2613294
            ]
          ],
          [
            [
              14.2620816,
              48.2641511
            ],
            [
              14.2620885,
              48.2641591
            ],
            [
              14.2617755,
              48.2642769
            ],
            [
              14.2617698,
              48.2642701
            ]
          ],
          [
            [
              14.2593011,
              48.2627663
            ],
            [
              14.2589629,
              48.2624791
            ]
          ],
          [
            [
              14.258175,
              48.2631084
            ],
            [
              14.2581899,
              48.2631457
            ],
            [
              14.2581283,
              48.2633783
            ],
            [
              14.2580928,
              48.2633921
            ]
          ],
          [
            [
              14.2457872,
              48.265969
            ],
            [
              14.2457125,
              48.2659678
            ],
            [
              14.2456305,
              48.2659693
            ]
          ],
          [
            [
              14.2486799,
              48.2796727
            ],
            [
              14.2487626,
              48.2795929
            ]
          ],
          [
            [
              14.2487372,
              48.2809423
            ],
            [
              14.2486139,
              48.280759
            ]
          ],
          [
            [
              14.2510847,
              48.2830282
            ],
            [
              14.2508879,
              48.2828529
            ]
          ],
          [
            [
              14.2536055,
              48.285599
            ],
            [
              14.2536364,
              48.2855929
            ],
            [
              14.2537621,
              48.2857451
            ],
            [
              14.2537376,
              48.2857597
            ]
          ]
        ]
      },
      "id": "relation/1116791"
    },
    {
      "type": "Feature",
      "properties": {
        "@id": "relation/1147280",
        "alternate": "no",
        "colour": "#51bc4a",
        "from": "St. Martin",
        "name": "Bus 191: St. Martin => Gaumberg",
        "network": "Oberösterreichischer Verkehrsverbund",
        "network:short": "OÖVV",
        "network:wikidata": "Q2011605",
        "network:wikipedia": "de:Oberösterreichischer Verkehrsverbund",
        "operator": "Linz Linien GmbH",
        "public_transport:version": "2",
        "ref": "191",
        "route": "bus",
        "to": "Gaumberg",
        "type": "route"
      },
      "geometry": {
        "type": "MultiLineString",
        "coordinates": [
          [
            [
              14.2574051,
              48.2735388
            ],
            [
              14.2573839,
              48.2735709
            ],
            [
              14.2573369,
              48.2736036
            ],
            [
              14.2572848,
              48.27362
            ],
            [
              14.2572203,
              48.2736238
            ],
            [
              14.2571645,
              48.2736136
            ],
            [
              14.2571267,
              48.2735976
            ],
            [
              14.2570961,
              48.2735754
            ],
            [
              14.2570764,
              48.2735509
            ],
            [
              14.2570647,
              48.2735132
            ],
            [
              14.2570704,
              48.2734795
            ],
            [
              14.2570858,
              48.273454
            ],
            [
              14.2571231,
              48.2734228
            ],
            [
              14.2571746,
              48.2734018
            ],
            [
              14.2572332,
              48.2733939
            ],
            [
              14.2573051,
              48.273403
            ],
            [
              14.2573532,
              48.2734232
            ],
            [
              14.2573938,
              48.2734592
            ],
            [
              14.2574097,
              48.2734957
            ],
            [
              14.2574051,
              48.2735388
            ],
            [
              14.2574389,
              48.2735423
            ],
            [
              14.2575407,
              48.2735529
            ],
            [
              14.2577829,
              48.2735782
            ],
            [
              14.2581577,
              48.2736111
            ],
            [
              14.2587017,
              48.2736386
            ],
            [
              14.2589785,
              48.2736514
            ],
            [
              14.2595568,
              48.2736625
            ],
            [
              14.2600812,
              48.2736505
            ],
            [
              14.2611561,
              48.2736435
            ],
            [
              14.2612736,
              48.2736428
            ],
            [
              14.2618313,
              48.2736376
            ],
            [
              14.2620294,
              48.2736381
            ],
            [
              14.2623068,
              48.2736425
            ],
            [
              14.2625566,
              48.273649
            ],
            [
              14.2628699,
              48.273671
            ],
            [
              14.2630153,
              48.2736843
            ],
            [
              14.2630477,
              48.2736873
            ],
            [
              14.2632477,
              48.2737086
            ],
            [
              14.2634238,
              48.2737283
            ],
            [
              14.2634445,
              48.2737306
            ],
            [
              14.263801,
              48.2737726
            ],
            [
              14.2640989,
              48.2737943
            ],
            [
              14.2643643,
              48.2738085
            ],
            [
              14.2645128,
              48.2738132
            ],
            [
              14.2645122,
              48.2738604
            ],
            [
              14.2645115,
              48.2739165
            ],
            [
              14.2645125,
              48.2740312
            ],
            [
              14.2645097,
              48.2742057
            ],
            [
              14.2645011,
              48.2742504
            ],
            [
              14.2644792,
              48.2742923
            ],
            [
              14.2644603,
              48.2743195
            ],
            [
              14.2644102,
              48.2743709
            ],
            [
              14.2643461,
              48.2744237
            ],
            [
              14.26431,
              48.2744534
            ],
            [
              14.2642065,
              48.2745313
            ],
            [
              14.2636031,
              48.2749474
            ],
            [
              14.2635031,
              48.2750048
            ],
            [
              14.2634572,
              48.2750312
            ],
            [
              14.2632953,
              48.2751079
            ],
            [
              14.2631293,
              48.2751692
            ],
            [
              14.2629428,
              48.2752258
            ],
            [
              14.2628034,
              48.2752572
            ],
            [
              14.2627153,
              48.2752692
            ],
            [
              14.2626834,
              48.2752736
            ],
            [
              14.2625018,
              48.2752902
            ],
            [
              14.2622326,
              48.2753055
            ],
            [
              14.2616581,
              48.275334
            ],
            [
              14.261526,
              48.2753406
            ],
            [
              14.2610204,
              48.2753657
            ],
            [
              14.2609729,
              48.2753688
            ],
            [
              14.2606116,
              48.2753911
            ],
            [
              14.2603795,
              48.2754116
            ],
            [
              14.2602533,
              48.2754227
            ],
            [
              14.2600921,
              48.2754451
            ],
            [
              14.2598545,
              48.2754869
            ],
            [
              14.2594366,
              48.2755604
            ],
            [
              14.2594018,
              48.2755665
            ],
            [
              14.2591703,
              48.2756073
            ],
            [
              14.2591111,
              48.2756171
            ],
            [
              14.2589241,
              48.2756479
            ],
            [
              14.2587639,
              48.2756743
            ],
            [
              14.2587174,
              48.275681
            ],
            [
              14.258518,
              48.27571
            ],
            [
              14.2584777,
              48.2757159
            ],
            [
              14.2583511,
              48.2757305
            ],
            [
              14.2581377,
              48.2757516
            ],
            [
              14.258109,
              48.2757544
            ],
            [
              14.2578745,
              48.2757694
            ],
            [
              14.2577022,
              48.2757788
            ],
            [
              14.2575483,
              48.275792
            ],
            [
              14.257462,
              48.2758009
            ],
            [
              14.2571822,
              48.2758299
            ],
            [
              14.2570519,
              48.2758435
            ],
            [
              14.2563388,
              48.2759181
            ],
            [
              14.256052,
              48.275948
            ],
            [
              14.2555766,
              48.2759985
            ],
            [
              14.2554168,
              48.2760154
            ],
            [
              14.2548437,
              48.2760763
            ],
            [
              14.254853,
              48.2761415
            ],
            [
              14.2548512,
              48.2761693
            ],
            [
              14.2548501,
              48.2761862
            ],
            [
              14.254845,
              48.2762147
            ],
            [
              14.2548194,
              48.2762487
            ],
            [
              14.2543925,
              48.2765868
            ],
            [
              14.2543814,
              48.2765956
            ],
            [
              14.2540257,
              48.2768774
            ],
            [
              14.2539883,
              48.276907
            ],
            [
              14.2535863,
              48.2772254
            ],
            [
              14.2535468,
              48.2772567
            ],
            [
              14.2534556,
              48.2773326
            ],
            [
              14.253376,
              48.2773836
            ],
            [
              14.2532961,
              48.2774323
            ],
            [
              14.253041,
              48.2775855
            ],
            [
              14.2529378,
              48.2776475
            ],
            [
              14.2528972,
              48.2776719
            ],
            [
              14.2528196,
              48.2777185
            ],
            [
              14.2525715,
              48.2778675
            ],
            [
              14.2523154,
              48.2780213
            ],
            [
              14.2522267,
              48.2780746
            ],
            [
              14.2520072,
              48.2782065
            ],
            [
              14.2518574,
              48.2783152
            ],
            [
              14.2517307,
              48.2784179
            ],
            [
              14.2514183,
              48.2787019
            ],
            [
              14.2513156,
              48.2787901
            ],
            [
              14.2511812,
              48.2787382
            ],
            [
              14.2510598,
              48.278661
            ],
            [
              14.2509446,
              48.2785534
            ],
            [
              14.2508469,
              48.2784622
            ],
            [
              14.2506657,
              48.278293
            ],
            [
              14.2506259,
              48.2782559
            ],
            [
              14.2505921,
              48.2782243
            ],
            [
              14.2505449,
              48.2781802
            ],
            [
              14.250313,
              48.2779637
            ],
            [
              14.2502585,
              48.2779216
            ],
            [
              14.2502062,
              48.2779582
            ],
            [
              14.250187,
              48.2779716
            ],
            [
              14.2496356,
              48.2783513
            ],
            [
              14.2494584,
              48.278481
            ],
            [
              14.2492875,
              48.2786155
            ],
            [
              14.2491285,
              48.2787682
            ],
            [
              14.2490891,
              48.2788127
            ],
            [
              14.2490682,
              48.2788396
            ],
            [
              14.2490674,
              48.2788699
            ],
            [
              14.2491022,
              48.2789253
            ],
            [
              14.2491547,
              48.2789996
            ],
            [
              14.2491717,
              48.2790394
            ],
            [
              14.2491824,
              48.2790852
            ],
            [
              14.2491874,
              48.2791355
            ],
            [
              14.2491815,
              48.2791825
            ],
            [
              14.2491802,
              48.2791933
            ],
            [
              14.249165,
              48.2792478
            ],
            [
              14.2491357,
              48.2793037
            ],
            [
              14.2490868,
              48.2793655
            ],
            [
              14.2490319,
              48.2794228
            ],
            [
              14.2489687,
              48.2794878
            ],
            [
              14.24889,
              48.2795625
            ],
            [
              14.2488734,
              48.2795783
            ],
            [
              14.2488164,
              48.2796324
            ],
            [
              14.2488057,
              48.2796425
            ],
            [
              14.2487487,
              48.2796967
            ],
            [
              14.2487176,
              48.2797262
            ],
            [
              14.2486091,
              48.2798292
            ],
            [
              14.2483999,
              48.2800096
            ],
            [
              14.2483543,
              48.2800489
            ],
            [
              14.2482781,
              48.2801178
            ],
            [
              14.2483592,
              48.2801975
            ],
            [
              14.2484005,
              48.2802446
            ],
            [
              14.2486605,
              48.2806531
            ],
            [
              14.2487073,
              48.2807267
            ],
            [
              14.2487197,
              48.2807463
            ],
            [
              14.2487297,
              48.2807619
            ],
            [
              14.2488396,
              48.2809347
            ],
            [
              14.2488707,
              48.2809836
            ],
            [
              14.2489857,
              48.2811589
            ],
            [
              14.2490514,
              48.2812412
            ],
            [
              14.2491379,
              48.2813287
            ],
            [
              14.2492375,
              48.2814165
            ],
            [
              14.2493744,
              48.2815136
            ],
            [
              14.249451,
              48.281564
            ],
            [
              14.2497229,
              48.281743
            ],
            [
              14.2497477,
              48.2817593
            ],
            [
              14.249847,
              48.281837
            ],
            [
              14.2498769,
              48.2818624
            ],
            [
              14.2500187,
              48.2819833
            ],
            [
              14.2501307,
              48.2820886
            ],
            [
              14.2502689,
              48.2822186
            ],
            [
              14.2502827,
              48.2822317
            ],
            [
              14.2504706,
              48.2824006
            ],
            [
              14.2504837,
              48.2824123
            ],
            [
              14.250513,
              48.2824387
            ],
            [
              14.2507415,
              48.2826443
            ],
            [
              14.2507875,
              48.2826856
            ],
            [
              14.2509497,
              48.2828315
            ],
            [
              14.2509886,
              48.2828665
            ],
            [
              14.2512061,
              48.2830622
            ],
            [
              14.2513798,
              48.2832182
            ],
            [
              14.2514321,
              48.2832651
            ],
            [
              14.2517014,
              48.2835071
            ],
            [
              14.2518561,
              48.2836465
            ],
            [
              14.2519874,
              48.2837816
            ],
            [
              14.2521305,
              48.283955
            ],
            [
              14.2523899,
              48.2842964
            ],
            [
              14.2524049,
              48.2843156
            ],
            [
              14.2524533,
              48.2843774
            ],
            [
              14.2525467,
              48.2844968
            ],
            [
              14.2526249,
              48.2845823
            ],
            [
              14.2534316,
              48.2852928
            ],
            [
              14.2537057,
              48.2855368
            ],
            [
              14.2538098,
              48.2856453
            ],
            [
              14.2539112,
              48.28574
            ],
            [
              14.2540194,
              48.2858243
            ],
            [
              14.2540991,
              48.2858864
            ],
            [
              14.2541333,
              48.2858722
            ],
            [
              14.254184,
              48.2858627
            ],
            [
              14.2542276,
              48.2858632
            ],
            [
              14.2542721,
              48.2858721
            ],
            [
              14.2543082,
              48.2858872
            ],
            [
              14.254335,
              48.2859058
            ],
            [
              14.2544793,
              48.2858249
            ],
            [
              14.2545292,
              48.285797
            ],
            [
              14.254595,
              48.2857602
            ],
            [
              14.2546937,
              48.2857055
            ],
            [
              14.2548198,
              48.2856357
            ],
            [
              14.2549376,
              48.2855638
            ],
            [
              14.2550279,
              48.28551
            ],
            [
              14.2551098,
              48.2854612
            ],
            [
              14.2551817,
              48.2854144
            ],
            [
              14.2552566,
              48.2853656
            ],
            [
              14.255332,
              48.2853137
            ],
            [
              14.255407,
              48.285262
            ],
            [
              14.2555623,
              48.2851551
            ],
            [
              14.2557462,
              48.2850284
            ],
            [
              14.2559175,
              48.2849104
            ],
            [
              14.2560908,
              48.2847911
            ],
            [
              14.2561844,
              48.2847266
            ],
            [
              14.2562365,
              48.2846997
            ],
            [
              14.2562695,
              48.2846705
            ],
            [
              14.2562883,
              48.2846538
            ],
            [
              14.25633,
              48.2846098
            ],
            [
              14.2564799,
              48.2845041
            ],
            [
              14.2568448,
              48.2842464
            ],
            [
              14.256942,
              48.2841778
            ],
            [
              14.2570022,
              48.2841353
            ],
            [
              14.2572734,
              48.2839439
            ],
            [
              14.2574154,
              48.2838436
            ],
            [
              14.257622,
              48.2836977
            ],
            [
              14.2577828,
              48.2835842
            ],
            [
              14.2580635,
              48.2833861
            ],
            [
              14.2581581,
              48.2833193
            ],
            [
              14.2582184,
              48.283277
            ],
            [
              14.258283,
              48.2832317
            ],
            [
              14.2585794,
              48.2834825
            ],
            [
              14.2586616,
              48.2835538
            ],
            [
              14.2587464,
              48.2836273
            ],
            [
              14.2587808,
              48.2836571
            ],
            [
              14.2589909,
              48.2835405
            ],
            [
              14.259279,
              48.2833806
            ],
            [
              14.2595476,
              48.2832316
            ],
            [
              14.2599934,
              48.2829841
            ],
            [
              14.2600531,
              48.2829612
            ],
            [
              14.2603525,
              48.2828459
            ],
            [
              14.2605852,
              48.2827563
            ],
            [
              14.2608352,
              48.2826652
            ],
            [
              14.261356,
              48.2824502
            ],
            [
              14.2616169,
              48.2823425
            ],
            [
              14.2616664,
              48.2823221
            ],
            [
              14.2620285,
              48.2821726
            ],
            [
              14.2621214,
              48.2821343
            ],
            [
              14.2622061,
              48.2820993
            ],
            [
              14.2623085,
              48.282057
            ],
            [
              14.2625012,
              48.2819727
            ],
            [
              14.2627115,
              48.2818807
            ],
            [
              14.2627501,
              48.2818638
            ],
            [
              14.2629694,
              48.2817933
            ],
            [
              14.2631531,
              48.2817526
            ],
            [
              14.2632038,
              48.2817414
            ],
            [
              14.2633878,
              48.2817099
            ],
            [
              14.2634668,
              48.2816964
            ],
            [
              14.2635243,
              48.2816865
            ],
            [
              14.2636263,
              48.2816693
            ],
            [
              14.2637086,
              48.2816555
            ],
            [
              14.2637991,
              48.2816392
            ],
            [
              14.2640326,
              48.2815743
            ],
            [
              14.2640903,
              48.2815583
            ],
            [
              14.2644142,
              48.2814787
            ],
            [
              14.2646355,
              48.281435
            ],
            [
              14.2646743,
              48.2814273
            ],
            [
              14.2647529,
              48.2814118
            ],
            [
              14.2650672,
              48.2813489
            ],
            [
              14.2650859,
              48.2813452
            ],
            [
              14.2651984,
              48.2813227
            ],
            [
              14.265243,
              48.2813138
            ],
            [
              14.2654789,
              48.2812666
            ],
            [
              14.2655104,
              48.2812603
            ],
            [
              14.2657363,
              48.2812151
            ],
            [
              14.2660237,
              48.2811577
            ],
            [
              14.2661377,
              48.2811349
            ],
            [
              14.2663198,
              48.2810882
            ],
            [
              14.2664681,
              48.2810427
            ],
            [
              14.2665615,
              48.2810119
            ],
            [
              14.2670322,
              48.2808564
            ],
            [
              14.2672259,
              48.2808089
            ],
            [
              14.2674689,
              48.2807559
            ],
            [
              14.2676055,
              48.2807314
            ],
            [
              14.2677535,
              48.2807049
            ],
            [
              14.2680794,
              48.2806561
            ],
            [
              14.2681895,
              48.2806423
            ],
            [
              14.2682769,
              48.2806363
            ],
            [
              14.2682921,
              48.2806353
            ],
            [
              14.2683675,
              48.2806357
            ],
            [
              14.2684933,
              48.2806445
            ],
            [
              14.2686975,
              48.2806736
            ],
            [
              14.2689047,
              48.2807249
            ],
            [
              14.2689704,
              48.2807412
            ],
            [
              14.2691049,
              48.2807817
            ],
            [
              14.2691773,
              48.2808141
            ],
            [
              14.2692399,
              48.280851
            ],
            [
              14.2692844,
              48.2808814
            ],
            [
              14.2693119,
              48.280914
            ],
            [
              14.2693433,
              48.2809503
            ],
            [
              14.2693717,
              48.2810016
            ],
            [
              14.2694115,
              48.2810696
            ],
            [
              14.2694663,
              48.2811428
            ],
            [
              14.2695156,
              48.2812088
            ],
            [
              14.2696233,
              48.2813528
            ],
            [
              14.2696413,
              48.281384
            ],
            [
              14.2696595,
              48.2814379
            ],
            [
              14.2696592,
              48.2814706
            ],
            [
              14.2697158,
              48.2814966
            ],
            [
              14.2697535,
              48.2815126
            ],
            [
              14.269782,
              48.2815355
            ],
            [
              14.2697996,
              48.2815552
            ],
            [
              14.2698092,
              48.2815808
            ],
            [
              14.2698115,
              48.2816126
            ],
            [
              14.2698055,
              48.2816551
            ],
            [
              14.2697896,
              48.2817177
            ],
            [
              14.2697826,
              48.2817677
            ],
            [
              14.2697835,
              48.2818194
            ],
            [
              14.2697926,
              48.2818689
            ],
            [
              14.2698088,
              48.2819093
            ],
            [
              14.2698417,
              48.2819726
            ],
            [
              14.2698547,
              48.2819927
            ],
            [
              14.2698882,
              48.2820442
            ],
            [
              14.2699341,
              48.2820939
            ],
            [
              14.26998,
              48.2821303
            ],
            [
              14.2700474,
              48.2821663
            ],
            [
              14.2701154,
              48.2821876
            ],
            [
              14.2701808,
              48.2821958
            ],
            [
              14.2702506,
              48.2821954
            ],
            [
              14.2703223,
              48.2821819
            ],
            [
              14.270382,
              48.2821629
            ],
            [
              14.270436,
              48.2821372
            ],
            [
              14.2704816,
              48.2821079
            ],
            [
              14.2705217,
              48.282055
            ],
            [
              14.2705487,
              48.2819914
            ],
            [
              14.2705839,
              48.2818376
            ],
            [
              14.2706547,
              48.2815286
            ],
            [
              14.2706652,
              48.2814881
            ],
            [
              14.2708584,
              48.2807422
            ],
            [
              14.2709543,
              48.2804179
            ],
            [
              14.2709713,
              48.2803435
            ],
            [
              14.2709981,
              48.2802644
            ],
            [
              14.2710292,
              48.2801911
            ],
            [
              14.2710521,
              48.28015
            ],
            [
              14.2710711,
              48.2801159
            ],
            [
              14.2711092,
              48.2800917
            ],
            [
              14.271167,
              48.2800551
            ],
            [
              14.2713098,
              48.2799849
            ],
            [
              14.271564,
              48.2798685
            ],
            [
              14.2715914,
              48.2798547
            ],
            [
              14.2716868,
              48.2798066
            ],
            [
              14.2718001,
              48.2797468
            ],
            [
              14.2718369,
              48.2797205
            ],
            [
              14.2718729,
              48.2796871
            ],
            [
              14.2718898,
              48.2796726
            ],
            [
              14.272177,
              48.2794259
            ],
            [
              14.2722332,
              48.2793883
            ],
            [
              14.272305,
              48.2793526
            ],
            [
              14.2723755,
              48.2793287
            ],
            [
              14.2724643,
              48.2793092
            ],
            [
              14.2726267,
              48.2792929
            ],
            [
              14.2728094,
              48.2792802
            ],
            [
              14.2728959,
              48.2792779
            ],
            [
              14.2729565,
              48.2792719
            ],
            [
              14.2730219,
              48.2792604
            ],
            [
              14.2730854,
              48.2792452
            ],
            [
              14.2732634,
              48.2791854
            ],
            [
              14.2733867,
              48.279138
            ],
            [
              14.2734837,
              48.2790835
            ],
            [
              14.273513,
              48.279067
            ],
            [
              14.2736173,
              48.2790053
            ],
            [
              14.2737223,
              48.2789433
            ],
            [
              14.2738396,
              48.2788739
            ],
            [
              14.2738723,
              48.2788548
            ],
            [
              14.2739011,
              48.2788381
            ],
            [
              14.2740486,
              48.2787521
            ],
            [
              14.2741022,
              48.278721
            ],
            [
              14.274247,
              48.2786372
            ],
            [
              14.2742818,
              48.278617
            ],
            [
              14.2744557,
              48.2785163
            ],
            [
              14.2747603,
              48.2783399
            ],
            [
              14.2747819,
              48.278354
            ],
            [
              14.2749416,
              48.2784546
            ],
            [
              14.2749789,
              48.2784787
            ],
            [
              14.2750313,
              48.2785168
            ],
            [
              14.2754002,
              48.2787577
            ],
            [
              14.2755116,
              48.2788305
            ],
            [
              14.275537,
              48.2788108
            ],
            [
              14.2756677,
              48.2786847
            ],
            [
              14.2757864,
              48.278597
            ],
            [
              14.2759603,
              48.2785024
            ],
            [
              14.2760796,
              48.2784419
            ],
            [
              14.276311,
              48.2783237
            ]
          ],
          [
            [
              14.2576984,
              48.2645586
            ],
            [
              14.2576651,
              48.264551
            ],
            [
              14.2576304,
              48.2645359
            ],
            [
              14.2576008,
              48.2645132
            ],
            [
              14.2575847,
              48.264491
            ],
            [
              14.2575765,
              48.2644647
            ],
            [
              14.2575784,
              48.2644396
            ],
            [
              14.2576007,
              48.2644011
            ],
            [
              14.2576351,
              48.2643757
            ],
            [
              14.2576764,
              48.26436
            ],
            [
              14.2577271,
              48.2643532
            ],
            [
              14.2577786,
              48.2643578
            ],
            [
              14.257825,
              48.2643733
            ],
            [
              14.2578623,
              48.2643994
            ],
            [
              14.2578808,
              48.2644246
            ],
            [
              14.2578886,
              48.2644563
            ],
            [
              14.2578824,
              48.2644862
            ],
            [
              14.2578687,
              48.2645079
            ],
            [
              14.257846,
              48.2645285
            ],
            [
              14.2578139,
              48.2645458
            ],
            [
              14.2577627,
              48.2645591
            ],
            [
              14.2576984,
              48.2645586
            ],
            [
              14.2576718,
              48.2646161
            ],
            [
              14.2576625,
              48.2646361
            ],
            [
              14.2575127,
              48.2649652
            ],
            [
              14.2573547,
              48.2652867
            ],
            [
              14.2573348,
              48.2653287
            ],
            [
              14.25724,
              48.2653133
            ],
            [
              14.25714,
              48.2653046
            ],
            [
              14.2570301,
              48.2653036
            ],
            [
              14.2568976,
              48.265309
            ],
            [
              14.2567053,
              48.2653253
            ],
            [
              14.256637,
              48.2653336
            ],
            [
              14.2564771,
              48.2653529
            ],
            [
              14.2564247,
              48.2653606
            ],
            [
              14.2562075,
              48.2653971
            ],
            [
              14.2561053,
              48.265414
            ],
            [
              14.2559558,
              48.2654394
            ],
            [
              14.2558794,
              48.2654523
            ],
            [
              14.2557749,
              48.2654717
            ],
            [
              14.2556802,
              48.2654903
            ],
            [
              14.2553357,
              48.265556
            ],
            [
              14.2552763,
              48.2655689
            ],
            [
              14.2552588,
              48.2655735
            ],
            [
              14.2551458,
              48.2656033
            ],
            [
              14.2545792,
              48.265793
            ],
            [
              14.2544791,
              48.265821
            ],
            [
              14.2544359,
              48.2658299
            ],
            [
              14.254149,
              48.2658774
            ],
            [
              14.253732,
              48.2659509
            ],
            [
              14.2532989,
              48.2660152
            ],
            [
              14.2532296,
              48.2660171
            ],
            [
              14.2531562,
              48.2660191
            ],
            [
              14.2527443,
              48.2660811
            ],
            [
              14.2526892,
              48.2660983
            ],
            [
              14.2526065,
              48.2661241
            ],
            [
              14.2523326,
              48.2661615
            ],
            [
              14.2520826,
              48.2661909
            ],
            [
              14.2519336,
              48.2662038
            ],
            [
              14.251806,
              48.2662097
            ],
            [
              14.2516894,
              48.2662148
            ],
            [
              14.2516604,
              48.2662159
            ],
            [
              14.2515545,
              48.26622
            ],
            [
              14.251471,
              48.266224
            ],
            [
              14.2504531,
              48.2662725
            ],
            [
              14.2493151,
              48.2663178
            ],
            [
              14.2491265,
              48.2663134
            ],
            [
              14.2489357,
              48.266303
            ],
            [
              14.246643,
              48.2660588
            ],
            [
              14.2462731,
              48.2660234
            ],
            [
              14.2459887,
              48.2660037
            ],
            [
              14.2457759,
              48.265999
            ],
            [
              14.2456281,
              48.2659966
            ],
            [
              14.2455916,
              48.2659961
            ],
            [
              14.2455081,
              48.2659976
            ],
            [
              14.2453297,
              48.2660053
            ],
            [
              14.2453377,
              48.2661254
            ],
            [
              14.2453289,
              48.2662653
            ],
            [
              14.2453131,
              48.2663717
            ],
            [
              14.2452863,
              48.2664829
            ],
            [
              14.2452456,
              48.2665865
            ],
            [
              14.2452116,
              48.2666628
            ],
            [
              14.2451582,
              48.266749
            ],
            [
              14.2450925,
              48.2668349
            ],
            [
              14.2448906,
              48.2670655
            ],
            [
              14.2447656,
              48.2672161
            ],
            [
              14.2446465,
              48.2673799
            ],
            [
              14.2445472,
              48.2675503
            ],
            [
              14.2443809,
              48.2679084
            ],
            [
              14.2441425,
              48.2684273
            ],
            [
              14.2439692,
              48.2687582
            ],
            [
              14.2439255,
              48.2688212
            ],
            [
              14.2437181,
              48.2691752
            ],
            [
              14.2435107,
              48.2695375
            ],
            [
              14.2435008,
              48.2695889
            ],
            [
              14.2435,
              48.2696297
            ],
            [
              14.2434975,
              48.2696835
            ],
            [
              14.2434948,
              48.2697964
            ],
            [
              14.2435248,
              48.2699809
            ],
            [
              14.2435314,
              48.2700214
            ],
            [
              14.2435673,
              48.2701939
            ],
            [
              14.243581,
              48.2702518
            ],
            [
              14.2436063,
              48.2703592
            ],
            [
              14.2436433,
              48.2704882
            ],
            [
              14.2436721,
              48.2705927
            ],
            [
              14.2437252,
              48.2707524
            ],
            [
              14.2437611,
              48.2708366
            ],
            [
              14.2437481,
              48.2708871
            ],
            [
              14.2441997,
              48.2709852
            ],
            [
              14.2442781,
              48.271002
            ],
            [
              14.2444137,
              48.2710288
            ],
            [
              14.2450639,
              48.2711618
            ],
            [
              14.2452548,
              48.2712061
            ],
            [
              14.2452967,
              48.2712158
            ],
            [
              14.2456102,
              48.2712846
            ],
            [
              14.2466368,
              48.2715154
            ],
            [
              14.2467975,
              48.2715506
            ],
            [
              14.246854,
              48.2715641
            ],
            [
              14.2473019,
              48.2716641
            ],
            [
              14.2474791,
              48.2717024
            ],
            [
              14.2477636,
              48.2717637
            ],
            [
              14.2478272,
              48.2717772
            ],
            [
              14.24819,
              48.2718561
            ],
            [
              14.2485677,
              48.2719402
            ],
            [
              14.2490589,
              48.2720443
            ],
            [
              14.2495975,
              48.2721584
            ],
            [
              14.2498129,
              48.272204
            ],
            [
              14.2499092,
              48.2722245
            ],
            [
              14.2501551,
              48.2722762
            ],
            [
              14.2502958,
              48.2723063
            ],
            [
              14.2506144,
              48.2723729
            ],
            [
              14.2520365,
              48.2726694
            ],
            [
              14.2523991,
              48.2727432
            ],
            [
              14.2527752,
              48.2728087
            ],
            [
              14.2528787,
              48.2728274
            ],
            [
              14.2532438,
              48.272886
            ],
            [
              14.2534373,
              48.2729199
            ],
            [
              14.2539033,
              48.2729999
            ],
            [
              14.2541145,
              48.2730428
            ],
            [
              14.254696,
              48.2731354
            ],
            [
              14.2547211,
              48.2731397
            ],
            [
              14.2551731,
              48.273217
            ],
            [
              14.2552381,
              48.273228
            ],
            [
              14.2555571,
              48.273282
            ],
            [
              14.2560811,
              48.2733774
            ],
            [
              14.2563574,
              48.2734155
            ],
            [
              14.2566234,
              48.2734451
            ],
            [
              14.2569334,
              48.2734722
            ],
            [
              14.2570137,
              48.2734765
            ],
            [
              14.2570704,
              48.2734795
            ]
          ],
          [
            [
              14.2594864,
              48.2604347
            ],
            [
              14.2594445,
              48.2605146
            ],
            [
              14.2593457,
              48.2606944
            ],
            [
              14.2588585,
              48.2616296
            ],
            [
              14.2588445,
              48.2616833
            ],
            [
              14.2588397,
              48.2617289
            ],
            [
              14.2588481,
              48.2618363
            ],
            [
              14.2588615,
              48.2619616
            ],
            [
              14.2588686,
              48.2620484
            ],
            [
              14.2588677,
              48.2621276
            ],
            [
              14.258851,
              48.2621864
            ],
            [
              14.2588229,
              48.2622287
            ],
            [
              14.2587666,
              48.2622755
            ],
            [
              14.2586856,
              48.2623428
            ],
            [
              14.2586137,
              48.2624036
            ],
            [
              14.2585886,
              48.2624248
            ],
            [
              14.2585187,
              48.262484
            ],
            [
              14.2584116,
              48.2625746
            ],
            [
              14.2583686,
              48.2626214
            ],
            [
              14.2583464,
              48.2626634
            ],
            [
              14.258326,
              48.2627263
            ],
            [
              14.2583181,
              48.2627676
            ],
            [
              14.2583117,
              48.2628389
            ],
            [
              14.2583149,
              48.2629409
            ],
            [
              14.2583118,
              48.2629993
            ],
            [
              14.2583097,
              48.2630753
            ],
            [
              14.2583021,
              48.2631314
            ],
            [
              14.2582887,
              48.2631976
            ],
            [
              14.2582314,
              48.2633573
            ],
            [
              14.2581678,
              48.2635024
            ],
            [
              14.2580732,
              48.263748
            ],
            [
              14.2580055,
              48.2638889
            ],
            [
              14.2579388,
              48.264037
            ],
            [
              14.257815,
              48.2642842
            ],
            [
              14.2578091,
              48.2642962
            ],
            [
              14.2577786,
              48.2643578
            ]
          ],
          [
            [
              14.2595379,
              48.260225
            ],
            [
              14.2595944,
              48.2602342
            ],
            [
              14.2596449,
              48.2602581
            ],
            [
              14.2596724,
              48.2602843
            ],
            [
              14.2596883,
              48.2603217
            ],
            [
              14.2596842,
              48.2603576
            ],
            [
              14.2596571,
              48.2603955
            ],
            [
              14.2596019,
              48.2604266
            ],
            [
              14.2595436,
              48.2604379
            ],
            [
              14.2594864,
              48.2604347
            ],
            [
              14.2594295,
              48.2604156
            ],
            [
              14.2593895,
              48.2603849
            ],
            [
              14.2593688,
              48.2603414
            ],
            [
              14.2593719,
              48.2603084
            ],
            [
              14.2593915,
              48.260276
            ],
            [
              14.2594304,
              48.2602471
            ],
            [
              14.2594726,
              48.2602315
            ],
            [
              14.2595379,
              48.260225
            ]
          ],
          [
            [
              14.2595379,
              48.260225
            ],
            [
              14.2595622,
              48.2601374
            ],
            [
              14.259603,
              48.2599905
            ],
            [
              14.2597296,
              48.2595733
            ],
            [
              14.259779,
              48.2594071
            ],
            [
              14.2599266,
              48.2589021
            ],
            [
              14.2599708,
              48.2587955
            ],
            [
              14.2600747,
              48.2586236
            ],
            [
              14.2601175,
              48.2585557
            ]
          ],
          [
            [
              14.2601749,
              48.2582901
            ],
            [
              14.2602299,
              48.258294
            ],
            [
              14.2602746,
              48.2583052
            ],
            [
              14.2603219,
              48.2583276
            ],
            [
              14.2603626,
              48.2583639
            ],
            [
              14.2603839,
              48.25841
            ],
            [
              14.2603818,
              48.2584513
            ],
            [
              14.2603668,
              48.2584828
            ],
            [
              14.2603316,
              48.2585182
            ],
            [
              14.2602877,
              48.2585423
            ],
            [
              14.2602363,
              48.2585573
            ],
            [
              14.2601743,
              48.2585623
            ],
            [
              14.2601175,
              48.2585557
            ],
            [
              14.2600675,
              48.2585396
            ],
            [
              14.2600209,
              48.2585111
            ],
            [
              14.2599919,
              48.2584785
            ],
            [
              14.2599789,
              48.258448
            ],
            [
              14.2599768,
              48.2584161
            ],
            [
              14.2600003,
              48.2583622
            ],
            [
              14.2600456,
              48.258324
            ],
            [
              14.2601059,
              48.2582995
            ],
            [
              14.2601749,
              48.2582901
            ]
          ],
          [
            [
              14.2601749,
              48.2582901
            ],
            [
              14.2601466,
              48.2582177
            ],
            [
              14.2601077,
              48.2581249
            ],
            [
              14.2600904,
              48.2580745
            ],
            [
              14.260062,
              48.2579391
            ],
            [
              14.2600159,
              48.25768
            ],
            [
              14.2599783,
              48.2573071
            ],
            [
              14.2599877,
              48.2570782
            ],
            [
              14.2600527,
              48.2567104
            ],
            [
              14.2601167,
              48.2562768
            ],
            [
              14.2601945,
              48.2557494
            ],
            [
              14.2602366,
              48.2553905
            ],
            [
              14.2602579,
              48.2552658
            ],
            [
              14.260383,
              48.2543947
            ],
            [
              14.2604036,
              48.2540734
            ],
            [
              14.2603953,
              48.2538473
            ],
            [
              14.2603711,
              48.2536098
            ],
            [
              14.2603371,
              48.2533858
            ],
            [
              14.2603263,
              48.2533129
            ],
            [
              14.2603,
              48.2531406
            ],
            [
              14.2602675,
              48.2529928
            ],
            [
              14.2602532,
              48.2529385
            ],
            [
              14.2601997,
              48.2527616
            ],
            [
              14.2601667,
              48.2526627
            ],
            [
              14.2601245,
              48.2525647
            ],
            [
              14.2600676,
              48.2524534
            ],
            [
              14.2600306,
              48.2523752
            ],
            [
              14.2600096,
              48.2523155
            ],
            [
              14.2599914,
              48.2522197
            ],
            [
              14.2599743,
              48.2521439
            ],
            [
              14.259948,
              48.2520824
            ],
            [
              14.2598872,
              48.2519785
            ],
            [
              14.2598508,
              48.2519117
            ],
            [
              14.2596603,
              48.251413
            ],
            [
              14.2595988,
              48.2512053
            ],
            [
              14.2595695,
              48.2511161
            ],
            [
              14.2595517,
              48.2510621
            ],
            [
              14.2595358,
              48.251019
            ],
            [
              14.2594965,
              48.2509125
            ],
            [
              14.2594733,
              48.2508471
            ],
            [
              14.2593582,
              48.2505338
            ],
            [
              14.2592844,
              48.2505433
            ],
            [
              14.2592157,
              48.2505517
            ],
            [
              14.259143,
              48.2505534
            ],
            [
              14.2590713,
              48.2505504
            ],
            [
              14.2589372,
              48.2505385
            ],
            [
              14.2583868,
              48.2504717
            ],
            [
              14.2581892,
              48.2504477
            ],
            [
              14.2579933,
              48.2504199
            ],
            [
              14.2579368,
              48.2504048
            ],
            [
              14.2577997,
              48.2503683
            ],
            [
              14.2577308,
              48.2503476
            ],
            [
              14.2576897,
              48.2503353
            ],
            [
              14.257608,
              48.2503108
            ],
            [
              14.2574652,
              48.2502689
            ],
            [
              14.257399,
              48.2502495
            ],
            [
              14.2573296,
              48.2502291
            ],
            [
              14.2571307,
              48.25017
            ],
            [
              14.2570764,
              48.2501539
            ],
            [
              14.2569055,
              48.2501107
            ],
            [
              14.2566827,
              48.2500596
            ],
            [
              14.2563981,
              48.2500003
            ],
            [
              14.2557509,
              48.249883
            ],
            [
              14.2554459,
              48.2498314
            ],
            [
              14.2552844,
              48.249804
            ],
            [
              14.2549812,
              48.2497527
            ],
            [
              14.2546661,
              48.2496993
            ],
            [
              14.2545498,
              48.2496796
            ],
            [
              14.2544312,
              48.2496596
            ],
            [
              14.2544598,
              48.2496206
            ],
            [
              14.2545582,
              48.2494848
            ],
            [
              14.2546271,
              48.2493898
            ],
            [
              14.2548034,
              48.2491465
            ],
            [
              14.2550197,
              48.2488482
            ],
            [
              14.2551354,
              48.2487029
            ],
            [
              14.2552309,
              48.2485751
            ],
            [
              14.2554372,
              48.2482988
            ],
            [
              14.2555465,
              48.2481782
            ],
            [
              14.2555861,
              48.2481381
            ],
            [
              14.2556851,
              48.2480379
            ],
            [
              14.2560218,
              48.2477168
            ],
            [
              14.2560969,
              48.2476452
            ],
            [
              14.2563449,
              48.2474087
            ],
            [
              14.2563689,
              48.2473859
            ],
            [
              14.2563903,
              48.2473606
            ],
            [
              14.2564311,
              48.2473123
            ],
            [
              14.2565628,
              48.2471075
            ],
            [
              14.2565977,
              48.2470434
            ],
            [
              14.2566204,
              48.2470019
            ],
            [
              14.2566496,
              48.2469482
            ],
            [
              14.2566901,
              48.2468739
            ],
            [
              14.2567616,
              48.2467426
            ],
            [
              14.2567761,
              48.2467153
            ],
            [
              14.2569004,
              48.2464811
            ],
            [
              14.2570606,
              48.2461794
            ],
            [
              14.2571689,
              48.2460194
            ],
            [
              14.257366,
              48.245728
            ],
            [
              14.2574752,
              48.2455665
            ],
            [
              14.2574939,
              48.2455415
            ],
            [
              14.2577577,
              48.2451896
            ],
            [
              14.2578307,
              48.2450922
            ],
            [
              14.2579094,
              48.2449871
            ],
            [
              14.2579642,
              48.2449141
            ],
            [
              14.2580589,
              48.2447878
            ],
            [
              14.2580798,
              48.2447599
            ],
            [
              14.2582377,
              48.2448339
            ],
            [
              14.2587398,
              48.2450756
            ],
            [
              14.2589675,
              48.2451833
            ],
            [
              14.2590857,
              48.2452658
            ],
            [
              14.259219,
              48.2453428
            ]
          ],
          [
            [
              14.2537093,
              48.285462
            ],
            [
              14.2538245,
              48.2855547
            ],
            [
              14.253895,
              48.2856115
            ]
          ],
          [
            [
              14.2501151,
              48.281973
            ],
            [
              14.2499901,
              48.2818578
            ],
            [
              14.2499447,
              48.2818221
            ]
          ],
          [
            [
              14.2486697,
              48.2805063
            ],
            [
              14.2487898,
              48.2806846
            ]
          ],
          [
            [
              14.2488062,
              48.2797359
            ],
            [
              14.2488805,
              48.2796657
            ]
          ],
          [
            [
              14.2584574,
              48.2628476
            ],
            [
              14.2584124,
              48.2630383
            ]
          ]
        ]
      },
      "id": "relation/1147280"
    }
  ]
}