{
  "type": "FeatureCollection",
  "features": [
    {
      "type": "Feature",
      "properties": {
        "@id": "relation/403523",
        "colour": "#fc87bf",
        "from": "Fernheizkraftwerk",
        "name": "Bus 19: Fernheizkraftwerk => Pichlinger See",
        "network": "Oberösterreichischer Verkehrsverbund",
        "network:short": "OÖVV",
        "network:wikidata": "Q2011605",
        "network:wikipedia": "de:Oberösterreichischer Verkehrsverbund",
        "operator": "Linz Linien GmbH",
        "public_transport:version": "2",
        "ref": "19",
        "route": "bus",
        "to": "Pichlinger See",
        "type": "route"
      },
      "geometry": {
        "type": "MultiLineString",
        "coordinates": [
          [
            [
              14.2577786,
              48.2643578
            ],
            [
              14.2578091,
              48.2642962
            ],
            [
              14.257815,
              48.2642842
            ],
            [
              14.2579388,
              48.264037
            ],
            [
              14.2580055,
              48.2638889
            ],
            [
              14.2580732,
              48.263748
            ],
            [
              14.2581678,
              48.2635024
            ],
            [
              14.2582314,
              48.2633573
            ],
            [
              14.2582887,
              48.2631976
            ],
            [
              14.2583021,
              48.2631314
            ],
            [
              14.2583097,
              48.2630753
            ],
            [
              14.2583118,
              48.2629993
            ],
            [
              14.2583149,
              48.2629409
            ],
            [
              14.2583117,
              48.2628389
            ],
            [
              14.2583181,
              48.2627676
            ],
            [
              14.258326,
              48.2627263
            ],
            [
              14.2583464,
              48.2626634
            ],
            [
              14.2583686,
              48.2626214
            ],
            [
              14.2584116,
              48.2625746
            ],
            [
              14.2585187,
              48.262484
            ],
            [
              14.2585886,
              48.2624248
            ],
            [
              14.2586137,
              48.2624036
            ],
            [
              14.2586856,
              48.2623428
            ],
            [
              14.2588852,
              48.2625181
            ],
            [
              14.2591763,
              48.2627682
            ],
            [
              14.2593019,
              48.262879
            ],
            [
              14.2597781,
              48.2633508
            ],
            [
              14.2603836,
              48.2638767
            ],
            [
              14.2606306,
              48.2640912
            ],
            [
              14.2607104,
              48.2641605
            ],
            [
              14.2609713,
              48.2643968
            ],
            [
              14.2611844,
              48.2645894
            ],
            [
              14.2612936,
              48.2645365
            ],
            [
              14.2613396,
              48.2645143
            ],
            [
              14.261376,
              48.2644979
            ],
            [
              14.2617519,
              48.2643454
            ],
            [
              14.261874,
              48.2642956
            ],
            [
              14.2619401,
              48.2642691
            ],
            [
              14.2621094,
              48.2642
            ],
            [
              14.2622422,
              48.264146
            ],
            [
              14.2624292,
              48.2640711
            ],
            [
              14.2626361,
              48.263986
            ],
            [
              14.2628795,
              48.2638915
            ],
            [
              14.2630305,
              48.2638391
            ],
            [
              14.263163,
              48.263791
            ],
            [
              14.2632728,
              48.2637384
            ],
            [
              14.2632409,
              48.2637075
            ],
            [
              14.2632305,
              48.2636794
            ],
            [
              14.2632374,
              48.263642
            ],
            [
              14.2632581,
              48.263616
            ],
            [
              14.2632882,
              48.2635965
            ],
            [
              14.2633298,
              48.2635831
            ],
            [
              14.2633781,
              48.2635796
            ],
            [
              14.2634247,
              48.2635872
            ],
            [
              14.2634505,
              48.2635971
            ],
            [
              14.263551,
              48.2635333
            ],
            [
              14.2636923,
              48.2634436
            ],
            [
              14.2641882,
              48.2631288
            ],
            [
              14.2643248,
              48.2630421
            ],
            [
              14.2646352,
              48.2628669
            ],
            [
              14.2651646,
              48.262568
            ],
            [
              14.2653261,
              48.2624768
            ],
            [
              14.2656899,
              48.2622715
            ],
            [
              14.2659681,
              48.2621123
            ],
            [
              14.2660755,
              48.262062
            ],
            [
              14.2660566,
              48.2620339
            ],
            [
              14.2660476,
              48.2620035
            ],
            [
              14.2660484,
              48.261976
            ],
            [
              14.2660617,
              48.2619412
            ],
            [
              14.2660896,
              48.2619087
            ],
            [
              14.2661197,
              48.2618876
            ],
            [
              14.266166,
              48.2618679
            ],
            [
              14.2662256,
              48.2618563
            ],
            [
              14.2662847,
              48.2618567
            ],
            [
              14.2663387,
              48.2618675
            ],
            [
              14.2663811,
              48.2618848
            ],
            [
              14.2664167,
              48.2619089
            ],
            [
              14.2665013,
              48.2618677
            ],
            [
              14.2671064,
              48.2615736
            ],
            [
              14.2671879,
              48.261534
            ],
            [
              14.2675783,
              48.2613387
            ],
            [
              14.2678516,
              48.2612051
            ],
            [
              14.2686707,
              48.2607869
            ],
            [
              14.2688342,
              48.260701
            ],
            [
              14.269453,
              48.2603723
            ],
            [
              14.2696668,
              48.2602516
            ],
            [
              14.2698062,
              48.2601624
            ],
            [
              14.2698887,
              48.2600943
            ],
            [
              14.2699947,
              48.2599995
            ],
            [
              14.2701219,
              48.2598876
            ],
            [
              14.2702598,
              48.2597601
            ],
            [
              14.2703948,
              48.259639
            ],
            [
              14.2704961,
              48.2595528
            ],
            [
              14.2705964,
              48.2594794
            ],
            [
              14.2706898,
              48.2594167
            ],
            [
              14.2708749,
              48.2593049
            ],
            [
              14.2711421,
              48.2591481
            ],
            [
              14.2714144,
              48.2589868
            ],
            [
              14.2718423,
              48.2587332
            ],
            [
              14.2721831,
              48.2585393
            ],
            [
              14.272486,
              48.2583669
            ],
            [
              14.2725071,
              48.2583549
            ],
            [
              14.2727995,
              48.2581895
            ],
            [
              14.2730174,
              48.2580578
            ],
            [
              14.2731702,
              48.2579655
            ],
            [
              14.2732455,
              48.2579185
            ],
            [
              14.273526,
              48.2577437
            ],
            [
              14.2741366,
              48.2572988
            ],
            [
              14.2745295,
              48.2570102
            ],
            [
              14.2747815,
              48.2568202
            ],
            [
              14.274895,
              48.2567398
            ],
            [
              14.27506,
              48.2566283
            ],
            [
              14.275217,
              48.2565238
            ],
            [
              14.2753853,
              48.2564092
            ],
            [
              14.2754996,
              48.2563328
            ],
            [
              14.2759304,
              48.2560393
            ],
            [
              14.2760216,
              48.2559788
            ],
            [
              14.2760865,
              48.2559357
            ],
            [
              14.2762908,
              48.2558
            ],
            [
              14.2765378,
              48.255636
            ],
            [
              14.2767481,
              48.2554964
            ],
            [
              14.2769825,
              48.2553382
            ],
            [
              14.2770443,
              48.2552965
            ],
            [
              14.2770685,
              48.2552801
            ],
            [
              14.277181,
              48.2552042
            ],
            [
              14.2773659,
              48.2550731
            ],
            [
              14.2775639,
              48.2549431
            ],
            [
              14.2776741,
              48.2548664
            ],
            [
              14.2778871,
              48.2547199
            ],
            [
              14.2780005,
              48.2546516
            ],
            [
              14.2780879,
              48.2546009
            ],
            [
              14.2781415,
              48.2545706
            ],
            [
              14.2783704,
              48.2544476
            ],
            [
              14.2785895,
              48.2543359
            ],
            [
              14.2787038,
              48.2542822
            ],
            [
              14.2788293,
              48.254233
            ],
            [
              14.2790486,
              48.2541691
            ],
            [
              14.2791219,
              48.2541529
            ],
            [
              14.2791775,
              48.2541406
            ],
            [
              14.2792931,
              48.2541221
            ],
            [
              14.2793258,
              48.2541199
            ],
            [
              14.2794186,
              48.2541138
            ],
            [
              14.2795369,
              48.254122
            ],
            [
              14.2797173,
              48.2541564
            ],
            [
              14.2804195,
              48.2543286
            ],
            [
              14.280542,
              48.2543586
            ],
            [
              14.2806129,
              48.254376
            ],
            [
              14.2809818,
              48.2544665
            ],
            [
              14.2812527,
              48.2545329
            ],
            [
              14.2814157,
              48.2545729
            ],
            [
              14.2818668,
              48.2546835
            ],
            [
              14.2819536,
              48.2546977
            ],
            [
              14.2820049,
              48.2546959
            ],
            [
              14.2820559,
              48.2546852
            ],
            [
              14.2820973,
              48.2546664
            ],
            [
              14.2821413,
              48.2546254
            ],
            [
              14.2821999,
              48.2545209
            ],
            [
              14.2822313,
              48.2544649
            ],
            [
              14.2822606,
              48.2544125
            ],
            [
              14.2822902,
              48.2543596
            ],
            [
              14.2823203,
              48.2543058
            ],
            [
              14.2823894,
              48.2541825
            ],
            [
              14.282434,
              48.2541026
            ],
            [
              14.2824482,
              48.2540791
            ],
            [
              14.2824713,
              48.2540399
            ],
            [
              14.282507,
              48.2539815
            ],
            [
              14.2825619,
              48.2538903
            ],
            [
              14.2826239,
              48.2537874
            ],
            [
              14.28268,
              48.2536943
            ],
            [
              14.2827317,
              48.2536084
            ],
            [
              14.2827588,
              48.2535609
            ],
            [
              14.2828764,
              48.25335
            ],
            [
              14.2829683,
              48.2531853
            ],
            [
              14.2830177,
              48.2530456
            ],
            [
              14.2832338,
              48.2531162
            ],
            [
              14.2833144,
              48.2531405
            ],
            [
              14.2835446,
              48.253194
            ],
            [
              14.2839325,
              48.2532841
            ],
            [
              14.2840362,
              48.2533082
            ],
            [
              14.2846877,
              48.2534596
            ],
            [
              14.2848956,
              48.2535079
            ],
            [
              14.2849621,
              48.2535234
            ],
            [
              14.2851088,
              48.2535472
            ],
            [
              14.2852714,
              48.2535676
            ],
            [
              14.2855089,
              48.2535903
            ],
            [
              14.2857334,
              48.2536006
            ],
            [
              14.2859258,
              48.2536029
            ],
            [
              14.2859658,
              48.253602
            ],
            [
              14.286119,
              48.2535985
            ],
            [
              14.2862903,
              48.2535912
            ],
            [
              14.286597,
              48.253572
            ],
            [
              14.2867007,
              48.2535611
            ],
            [
              14.2869156,
              48.2535362
            ],
            [
              14.2872029,
              48.2534936
            ],
            [
              14.2876958,
              48.2534133
            ],
            [
              14.2882061,
              48.2533302
            ],
            [
              14.2882389,
              48.2533248
            ],
            [
              14.2883933,
              48.2532992
            ],
            [
              14.2885837,
              48.2532677
            ],
            [
              14.2886233,
              48.2532611
            ],
            [
              14.2887683,
              48.2532367
            ],
            [
              14.2888289,
              48.2532265
            ],
            [
              14.2890813,
              48.2531842
            ],
            [
              14.2891706,
              48.2531693
            ],
            [
              14.2895414,
              48.2531075
            ],
            [
              14.2895921,
              48.2530984
            ],
            [
              14.2900793,
              48.2530031
            ],
            [
              14.2910901,
              48.2528201
            ],
            [
              14.2913751,
              48.2527685
            ],
            [
              14.2916161,
              48.2527248
            ],
            [
              14.291688,
              48.2527118
            ],
            [
              14.2917572,
              48.2526993
            ],
            [
              14.2917942,
              48.2526926
            ],
            [
              14.291939,
              48.2526664
            ],
            [
              14.2920411,
              48.2526497
            ],
            [
              14.2920834,
              48.2526428
            ],
            [
              14.2922442,
              48.2526165
            ],
            [
              14.2922943,
              48.2526084
            ],
            [
              14.2925638,
              48.2525644
            ],
            [
              14.2928765,
              48.2525138
            ],
            [
              14.2930228,
              48.2524384
            ],
            [
              14.2931826,
              48.2524138
            ],
            [
              14.2933509,
              48.252388
            ],
            [
              14.2935298,
              48.2523605
            ],
            [
              14.2936014,
              48.2523494
            ],
            [
              14.2938897,
              48.2523066
            ],
            [
              14.2940403,
              48.2523292
            ],
            [
              14.2940983,
              48.2523224
            ],
            [
              14.2942427,
              48.2523041
            ],
            [
              14.2943306,
              48.252293
            ],
            [
              14.2944655,
              48.2522759
            ],
            [
              14.2948781,
              48.2522236
            ],
            [
              14.2953642,
              48.252162
            ],
            [
              14.295901,
              48.2521122
            ],
            [
              14.2963801,
              48.252088
            ],
            [
              14.2968041,
              48.2520807
            ],
            [
              14.2972174,
              48.2520816
            ],
            [
              14.2976259,
              48.252092
            ],
            [
              14.2980857,
              48.2521162
            ],
            [
              14.2985311,
              48.2521547
            ],
            [
              14.2988833,
              48.2521956
            ],
            [
              14.299232,
              48.2522479
            ],
            [
              14.2995301,
              48.2523065
            ],
            [
              14.2998255,
              48.2523709
            ],
            [
              14.3004311,
              48.252519
            ],
            [
              14.3007037,
              48.2526017
            ],
            [
              14.3009298,
              48.2526772
            ],
            [
              14.3012621,
              48.2527839
            ],
            [
              14.3015235,
              48.2528535
            ],
            [
              14.3016902,
              48.2528939
            ],
            [
              14.301959,
              48.2529578
            ],
            [
              14.3021463,
              48.2530074
            ],
            [
              14.3021816,
              48.2530168
            ],
            [
              14.3023608,
              48.253067
            ],
            [
              14.3026886,
              48.2531536
            ],
            [
              14.3027042,
              48.2531573
            ],
            [
              14.3029824,
              48.253223
            ],
            [
              14.3029952,
              48.2532257
            ],
            [
              14.3032103,
              48.253272
            ],
            [
              14.30329,
              48.2532891
            ],
            [
              14.3034664,
              48.2533225
            ],
            [
              14.3035021,
              48.2533292
            ],
            [
              14.3037302,
              48.2533688
            ],
            [
              14.3037892,
              48.2533784
            ],
            [
              14.3041326,
              48.2534342
            ],
            [
              14.3044979,
              48.2534848
            ],
            [
              14.3045573,
              48.2534916
            ],
            [
              14.3048194,
              48.2535216
            ],
            [
              14.3048555,
              48.2535249
            ],
            [
              14.3049206,
              48.2535308
            ],
            [
              14.3050296,
              48.2535407
            ],
            [
              14.3052431,
              48.2535578
            ],
            [
              14.3055744,
              48.2535757
            ],
            [
              14.3059076,
              48.2535882
            ],
            [
              14.3059281,
              48.2535886
            ],
            [
              14.3063825,
              48.2535984
            ],
            [
              14.3064445,
              48.2535997
            ],
            [
              14.3066681,
              48.2536032
            ],
            [
              14.306828,
              48.2536057
            ],
            [
              14.3072145,
              48.2536057
            ],
            [
              14.3073433,
              48.253603
            ],
            [
              14.3077026,
              48.2535956
            ],
            [
              14.3079481,
              48.2535889
            ],
            [
              14.3081415,
              48.2535829
            ],
            [
              14.3085878,
              48.2535692
            ],
            [
              14.3088873,
              48.2535574
            ],
            [
              14.3090808,
              48.2535452
            ],
            [
              14.3091982,
              48.2535378
            ],
            [
              14.3096157,
              48.2535014
            ],
            [
              14.3098727,
              48.2534774
            ],
            [
              14.310464,
              48.2534222
            ],
            [
              14.3104948,
              48.2534193
            ],
            [
              14.3105468,
              48.2534145
            ],
            [
              14.3108034,
              48.2533905
            ],
            [
              14.3109358,
              48.253379
            ],
            [
              14.3110469,
              48.2533735
            ],
            [
              14.3111913,
              48.2533758
            ],
            [
              14.3112545,
              48.2533767
            ],
            [
              14.3114365,
              48.2533857
            ],
            [
              14.3117609,
              48.2534066
            ],
            [
              14.3118657,
              48.2534133
            ],
            [
              14.312004,
              48.2534209
            ],
            [
              14.3121913,
              48.2534312
            ],
            [
              14.3123669,
              48.2534256
            ],
            [
              14.3124526,
              48.2534141
            ],
            [
              14.3125429,
              48.2534019
            ],
            [
              14.3126512,
              48.2533801
            ],
            [
              14.312726,
              48.2533592
            ],
            [
              14.3127996,
              48.2533332
            ],
            [
              14.31287,
              48.2533086
            ],
            [
              14.3129433,
              48.2532817
            ],
            [
              14.3130807,
              48.2532296
            ],
            [
              14.3131148,
              48.2532654
            ],
            [
              14.3131361,
              48.2532831
            ],
            [
              14.3131564,
              48.2533
            ],
            [
              14.3135855,
              48.2535418
            ],
            [
              14.3136335,
              48.2535688
            ],
            [
              14.3141097,
              48.2538371
            ],
            [
              14.3141611,
              48.253847
            ],
            [
              14.3142349,
              48.2538387
            ],
            [
              14.3143667,
              48.2538126
            ],
            [
              14.3144443,
              48.2538064
            ],
            [
              14.3145116,
              48.2538104
            ],
            [
              14.3145775,
              48.2538224
            ],
            [
              14.3146762,
              48.2538469
            ],
            [
              14.3153222,
              48.2541139
            ],
            [
              14.3154583,
              48.2541722
            ],
            [
              14.3155096,
              48.254204
            ],
            [
              14.3155437,
              48.2542323
            ],
            [
              14.3155721,
              48.2542659
            ],
            [
              14.3155956,
              48.2543089
            ],
            [
              14.3156103,
              48.2543347
            ],
            [
              14.315637,
              48.2543636
            ],
            [
              14.3156637,
              48.2543838
            ],
            [
              14.3165967,
              48.2547057
            ],
            [
              14.3168257,
              48.2547848
            ],
            [
              14.3170008,
              48.2548452
            ],
            [
              14.3170754,
              48.2548717
            ],
            [
              14.3171563,
              48.2548989
            ],
            [
              14.3179133,
              48.2551528
            ],
            [
              14.3182328,
              48.25526
            ],
            [
              14.3182933,
              48.2552803
            ],
            [
              14.3189772,
              48.2555097
            ],
            [
              14.3193365,
              48.2556302
            ],
            [
              14.3193785,
              48.2555754
            ],
            [
              14.3195887,
              48.2553012
            ],
            [
              14.3196966,
              48.2551604
            ],
            [
              14.3199135,
              48.2547614
            ],
            [
              14.3208284,
              48.2549829
            ],
            [
              14.321133,
              48.2550567
            ],
            [
              14.3212215,
              48.2550781
            ],
            [
              14.3213138,
              48.2551005
            ],
            [
              14.3214725,
              48.255168
            ],
            [
              14.3219212,
              48.2552744
            ],
            [
              14.3221608,
              48.2553308
            ],
            [
              14.3221795,
              48.2553357
            ],
            [
              14.3222643,
              48.2553423
            ],
            [
              14.3224489,
              48.2553588
            ],
            [
              14.3224909,
              48.2553602
            ],
            [
              14.3224971,
              48.2553469
            ],
            [
              14.3225073,
              48.2553249
            ],
            [
              14.3225391,
              48.2552547
            ],
            [
              14.3225561,
              48.2552098
            ],
            [
              14.3226368,
              48.2550013
            ],
            [
              14.3226662,
              48.2548989
            ],
            [
              14.322703,
              48.2547482
            ],
            [
              14.3227267,
              48.2546203
            ],
            [
              14.3227385,
              48.2545489
            ],
            [
              14.3227793,
              48.2541403
            ],
            [
              14.3227975,
              48.2539096
            ],
            [
              14.3228222,
              48.2535956
            ],
            [
              14.3228413,
              48.2533935
            ],
            [
              14.3228554,
              48.2532441
            ],
            [
              14.3228575,
              48.253118
            ],
            [
              14.3228557,
              48.2528853
            ],
            [
              14.3228488,
              48.2527495
            ],
            [
              14.3228278,
              48.2523371
            ],
            [
              14.3228273,
              48.2519806
            ],
            [
              14.3228138,
              48.2516741
            ],
            [
              14.3228125,
              48.2516428
            ],
            [
              14.3228031,
              48.2515034
            ],
            [
              14.3227936,
              48.2514146
            ],
            [
              14.3227672,
              48.2512038
            ],
            [
              14.3227479,
              48.2510457
            ],
            [
              14.3227272,
              48.2508759
            ],
            [
              14.3227148,
              48.2507345
            ],
            [
              14.3227072,
              48.2505643
            ],
            [
              14.3227122,
              48.250384
            ],
            [
              14.3227245,
              48.2502211
            ],
            [
              14.3227429,
              48.2500939
            ],
            [
              14.3227868,
              48.2499132
            ],
            [
              14.3228131,
              48.2498081
            ],
            [
              14.3228428,
              48.2497123
            ],
            [
              14.3228817,
              48.2496096
            ],
            [
              14.3229144,
              48.2495336
            ],
            [
              14.3230147,
              48.2493402
            ],
            [
              14.323142,
              48.2491223
            ],
            [
              14.3233281,
              48.2488707
            ],
            [
              14.3233633,
              48.2488289
            ],
            [
              14.3234711,
              48.2487006
            ],
            [
              14.3236534,
              48.2485156
            ],
            [
              14.3238533,
              48.2483369
            ],
            [
              14.3240219,
              48.2482016
            ],
            [
              14.3241633,
              48.2481015
            ],
            [
              14.324222,
              48.248057
            ],
            [
              14.3245016,
              48.2478746
            ],
            [
              14.3248432,
              48.247674
            ],
            [
              14.3259841,
              48.2470313
            ],
            [
              14.3261839,
              48.2469266
            ],
            [
              14.3264089,
              48.2468194
            ],
            [
              14.3264826,
              48.2467838
            ],
            [
              14.3265884,
              48.2467278
            ],
            [
              14.3266325,
              48.2466962
            ],
            [
              14.3267237,
              48.2466265
            ],
            [
              14.3268381,
              48.2465333
            ],
            [
              14.3269195,
              48.2464595
            ],
            [
              14.3269917,
              48.2464014
            ],
            [
              14.3270785,
              48.2463359
            ],
            [
              14.3271844,
              48.2462608
            ],
            [
              14.327475,
              48.2460995
            ],
            [
              14.3277929,
              48.2459246
            ],
            [
              14.3278227,
              48.2459085
            ],
            [
              14.3279325,
              48.2458421
            ],
            [
              14.3279614,
              48.2458195
            ],
            [
              14.3280133,
              48.245779
            ],
            [
              14.3280946,
              48.2457133
            ],
            [
              14.3281683,
              48.2456426
            ],
            [
              14.3281787,
              48.245631
            ],
            [
              14.3282711,
              48.2455325
            ],
            [
              14.328319,
              48.2454762
            ],
            [
              14.3284509,
              48.2453362
            ],
            [
              14.3286167,
              48.245164
            ],
            [
              14.3287359,
              48.2450482
            ],
            [
              14.3287591,
              48.2450282
            ],
            [
              14.3288575,
              48.2449488
            ],
            [
              14.3291261,
              48.2447781
            ],
            [
              14.3292182,
              48.2447148
            ],
            [
              14.329273,
              48.2446684
            ],
            [
              14.3293141,
              48.2446112
            ],
            [
              14.3293307,
              48.2445755
            ],
            [
              14.3293444,
              48.2445427
            ],
            [
              14.3293504,
              48.2445209
            ],
            [
              14.3293512,
              48.2444881
            ],
            [
              14.3293417,
              48.2444463
            ],
            [
              14.3294778,
              48.2444312
            ],
            [
              14.3295481,
              48.2444234
            ],
            [
              14.3296364,
              48.2444022
            ],
            [
              14.3296758,
              48.2443861
            ],
            [
              14.3297249,
              48.244361
            ],
            [
              14.3297864,
              48.2443155
            ],
            [
              14.3298445,
              48.2442678
            ],
            [
              14.3302049,
              48.2438847
            ],
            [
              14.3303204,
              48.2437868
            ],
            [
              14.3304359,
              48.2437061
            ],
            [
              14.330573,
              48.2436359
            ],
            [
              14.3307453,
              48.2435711
            ],
            [
              14.3307984,
              48.243558
            ],
            [
              14.3309399,
              48.2435233
            ],
            [
              14.331141,
              48.2434928
            ],
            [
              14.3313161,
              48.2434829
            ],
            [
              14.3313636,
              48.243484
            ],
            [
              14.3314757,
              48.2434868
            ],
            [
              14.3316807,
              48.2435048
            ],
            [
              14.3319914,
              48.2435468
            ],
            [
              14.3320808,
              48.2435615
            ],
            [
              14.3322403,
              48.2435872
            ],
            [
              14.332423,
              48.2436153
            ],
            [
              14.3324902,
              48.2436256
            ],
            [
              14.332933,
              48.2436948
            ],
            [
              14.3331569,
              48.2437282
            ],
            [
              14.3339008,
              48.2438553
            ],
            [
              14.334628,
              48.2439703
            ],
            [
              14.335341,
              48.2440723
            ],
            [
              14.3355323,
              48.2441007
            ],
            [
              14.3363234,
              48.2442178
            ],
            [
              14.3369662,
              48.2443229
            ],
            [
              14.3372158,
              48.2443714
            ],
            [
              14.3374896,
              48.244436
            ],
            [
              14.3377846,
              48.2445171
            ],
            [
              14.3378592,
              48.24454
            ],
            [
              14.3380956,
              48.2446185
            ],
            [
              14.3383484,
              48.2447221
            ],
            [
              14.3388621,
              48.2449327
            ],
            [
              14.338922,
              48.2449588
            ],
            [
              14.3390921,
              48.2450329
            ],
            [
              14.3392556,
              48.2451051
            ],
            [
              14.3392984,
              48.245124
            ],
            [
              14.3393157,
              48.2451317
            ],
            [
              14.3398361,
              48.2453639
            ],
            [
              14.3407936,
              48.2457859
            ],
            [
              14.3416493,
              48.2461646
            ],
            [
              14.3418793,
              48.2462664
            ],
            [
              14.3419458,
              48.2462958
            ],
            [
              14.3421264,
              48.2463754
            ],
            [
              14.3420139,
              48.2464888
            ],
            [
              14.3419725,
              48.2465305
            ],
            [
              14.3417488,
              48.246756
            ],
            [
              14.3414166,
              48.2470909
            ],
            [
              14.3408482,
              48.2476822
            ],
            [
              14.3407668,
              48.2477697
            ],
            [
              14.3405886,
              48.2479584
            ],
            [
              14.3405188,
              48.2480281
            ],
            [
              14.3404058,
              48.2481411
            ],
            [
              14.3403923,
              48.2481545
            ],
            [
              14.3401309,
              48.2484235
            ],
            [
              14.3399826,
              48.2485761
            ],
            [
              14.3395662,
              48.2490046
            ],
            [
              14.3395529,
              48.249022
            ],
            [
              14.3395332,
              48.2490477
            ],
            [
              14.3395161,
              48.2490868
            ],
            [
              14.3395145,
              48.2491168
            ],
            [
              14.3395255,
              48.2491445
            ],
            [
              14.3395415,
              48.2491664
            ],
            [
              14.3395641,
              48.2491837
            ],
            [
              14.3395984,
              48.2491986
            ],
            [
              14.3404758,
              48.2495149
            ],
            [
              14.3405957,
              48.2495486
            ],
            [
              14.3406913,
              48.2495705
            ],
            [
              14.3407978,
              48.2495909
            ],
            [
              14.3408944,
              48.2496091
            ],
            [
              14.3409924,
              48.2496205
            ],
            [
              14.3412059,
              48.2496312
            ],
            [
              14.341409,
              48.2496202
            ],
            [
              14.3416592,
              48.2496017
            ],
            [
              14.3418857,
              48.2495988
            ],
            [
              14.3421334,
              48.2496145
            ],
            [
              14.3423613,
              48.2496411
            ],
            [
              14.3434403,
              48.2498025
            ],
            [
              14.34349,
              48.2498381
            ],
            [
              14.3435703,
              48.2498959
            ],
            [
              14.3437336,
              48.2500095
            ],
            [
              14.3438135,
              48.2500584
            ],
            [
              14.3438886,
              48.250098
            ],
            [
              14.3439789,
              48.2501324
            ],
            [
              14.3440777,
              48.250154
            ],
            [
              14.3441913,
              48.2501649
            ],
            [
              14.344937,
              48.2501986
            ],
            [
              14.3452117,
              48.2502216
            ],
            [
              14.3454058,
              48.2502499
            ],
            [
              14.3456254,
              48.2502906
            ],
            [
              14.3457853,
              48.2503255
            ],
            [
              14.3458732,
              48.2503418
            ],
            [
              14.3459374,
              48.2503435
            ],
            [
              14.3459955,
              48.2503384
            ],
            [
              14.3460415,
              48.2503275
            ],
            [
              14.3461238,
              48.2502803
            ],
            [
              14.346276,
              48.2503884
            ],
            [
              14.3463185,
              48.2504212
            ],
            [
              14.3464323,
              48.2505092
            ],
            [
              14.3465766,
              48.2506354
            ],
            [
              14.3469115,
              48.2508992
            ],
            [
              14.3473411,
              48.2512425
            ],
            [
              14.3474548,
              48.251346
            ],
            [
              14.3475278,
              48.2514299
            ],
            [
              14.3475939,
              48.2515188
            ],
            [
              14.3476095,
              48.2515478
            ],
            [
              14.3476718,
              48.2516633
            ],
            [
              14.3478377,
              48.2520962
            ],
            [
              14.3479108,
              48.2522896
            ],
            [
              14.3479557,
              48.2524234
            ],
            [
              14.3479609,
              48.252439
            ],
            [
              14.3479721,
              48.2524725
            ],
            [
              14.3480036,
              48.2525664
            ],
            [
              14.3481563,
              48.2525543
            ],
            [
              14.3482284,
              48.2525486
            ],
            [
              14.3482786,
              48.2525447
            ],
            [
              14.3484638,
              48.2525255
            ],
            [
              14.348716,
              48.2524995
            ],
            [
              14.3492347,
              48.2524588
            ],
            [
              14.3495613,
              48.2524332
            ],
            [
              14.3496315,
              48.2524277
            ],
            [
              14.3499364,
              48.2524038
            ],
            [
              14.3501372,
              48.2523897
            ],
            [
              14.3503527,
              48.2523842
            ],
            [
              14.3508828,
              48.2523889
            ],
            [
              14.3514039,
              48.2524139
            ],
            [
              14.3514682,
              48.2524143
            ],
            [
              14.3515121,
              48.2524146
            ],
            [
              14.352041,
              48.2523862
            ],
            [
              14.3522373,
              48.2523832
            ],
            [
              14.3523787,
              48.2523811
            ],
            [
              14.3525333,
              48.2523842
            ],
            [
              14.3526104,
              48.2523916
            ],
            [
              14.3526755,
              48.2523979
            ],
            [
              14.3528486,
              48.2524282
            ],
            [
              14.3529424,
              48.2524483
            ],
            [
              14.3534404,
              48.2525553
            ],
            [
              14.3534989,
              48.2525679
            ],
            [
              14.3538913,
              48.2526522
            ],
            [
              14.3539445,
              48.2526626
            ],
            [
              14.3541201,
              48.2526969
            ],
            [
              14.3541626,
              48.2527028
            ],
            [
              14.3541791,
              48.2527051
            ],
            [
              14.3542988,
              48.2527218
            ],
            [
              14.3544549,
              48.252735
            ],
            [
              14.3546067,
              48.2527377
            ],
            [
              14.3547559,
              48.252735
            ],
            [
              14.354911,
              48.2527238
            ],
            [
              14.3550807,
              48.2527021
            ],
            [
              14.3552193,
              48.2526739
            ],
            [
              14.3553122,
              48.2526528
            ],
            [
              14.3553692,
              48.2526346
            ],
            [
              14.3555049,
              48.2525912
            ],
            [
              14.3556768,
              48.2525363
            ],
            [
              14.3557497,
              48.252513
            ],
            [
              14.3558542,
              48.2524796
            ],
            [
              14.356097,
              48.2524136
            ],
            [
              14.3563093,
              48.2523709
            ],
            [
              14.3563659,
              48.2523598
            ],
            [
              14.3564181,
              48.2523495
            ],
            [
              14.3567706,
              48.2522985
            ],
            [
              14.3568013,
              48.252294
            ],
            [
              14.356872,
              48.2522838
            ],
            [
              14.3570618,
              48.2522563
            ],
            [
              14.3571005,
              48.2522507
            ],
            [
              14.3571941,
              48.2522371
            ],
            [
              14.3573138,
              48.2522178
            ],
            [
              14.3573564,
              48.2522151
            ],
            [
              14.3574212,
              48.2522123
            ],
            [
              14.3574784,
              48.2522089
            ],
            [
              14.3575435,
              48.2521535
            ],
            [
              14.3575806,
              48.2521159
            ],
            [
              14.3576771,
              48.2520556
            ],
            [
              14.3577157,
              48.2520333
            ],
            [
              14.3578692,
              48.2519448
            ],
            [
              14.3579459,
              48.2519006
            ],
            [
              14.3579804,
              48.2518828
            ],
            [
              14.3580482,
              48.2518479
            ],
            [
              14.3581237,
              48.251809
            ],
            [
              14.3583197,
              48.2517269
            ],
            [
              14.3583785,
              48.2517054
            ],
            [
              14.3585453,
              48.2516444
            ],
            [
              14.358652,
              48.2516063
            ],
            [
              14.3586838,
              48.2515949
            ],
            [
              14.3590847,
              48.2514532
            ],
            [
              14.3593568,
              48.251354
            ],
            [
              14.3593661,
              48.2513506
            ],
            [
              14.3594764,
              48.2513085
            ],
            [
              14.3596657,
              48.25123
            ],
            [
              14.3597682,
              48.2511869
            ],
            [
              14.3597816,
              48.2511826
            ],
            [
              14.3599064,
              48.251142
            ],
            [
              14.3600811,
              48.2511232
            ],
            [
              14.3602555,
              48.25112
            ],
            [
              14.3604383,
              48.2511297
            ],
            [
              14.3605829,
              48.2511459
            ],
            [
              14.3606215,
              48.2511527
            ],
            [
              14.3607267,
              48.2511714
            ],
            [
              14.3607913,
              48.251186
            ],
            [
              14.3609292,
              48.2512173
            ],
            [
              14.36099,
              48.2512387
            ],
            [
              14.3611111,
              48.2512813
            ],
            [
              14.3613837,
              48.2514027
            ],
            [
              14.3614521,
              48.2514229
            ],
            [
              14.3614892,
              48.2514339
            ],
            [
              14.3616151,
              48.2514567
            ],
            [
              14.3617298,
              48.2514679
            ],
            [
              14.3617532,
              48.2514683
            ],
            [
              14.3618593,
              48.2514701
            ],
            [
              14.3619455,
              48.2514679
            ],
            [
              14.3619737,
              48.2514659
            ],
            [
              14.3620361,
              48.2514616
            ],
            [
              14.3621699,
              48.2514492
            ],
            [
              14.3624088,
              48.2514125
            ],
            [
              14.3626062,
              48.2513671
            ],
            [
              14.3627505,
              48.2513238
            ],
            [
              14.3629085,
              48.2512686
            ],
            [
              14.362949,
              48.2512506
            ],
            [
              14.3630515,
              48.2512071
            ],
            [
              14.3631605,
              48.251149
            ],
            [
              14.3631884,
              48.2511262
            ],
            [
              14.3632436,
              48.2510811
            ],
            [
              14.3632981,
              48.2510245
            ],
            [
              14.3634425,
              48.2507744
            ],
            [
              14.3635009,
              48.2506755
            ],
            [
              14.3635157,
              48.2506549
            ],
            [
              14.3635976,
              48.2505415
            ],
            [
              14.3637212,
              48.2503752
            ],
            [
              14.3638074,
              48.2502779
            ],
            [
              14.3639194,
              48.2501889
            ],
            [
              14.3640286,
              48.2501104
            ],
            [
              14.3642649,
              48.2499712
            ],
            [
              14.3646988,
              48.2497157
            ],
            [
              14.3647922,
              48.2496634
            ],
            [
              14.3650679,
              48.2495091
            ],
            [
              14.3652251,
              48.2494361
            ],
            [
              14.3652361,
              48.249431
            ],
            [
              14.3654301,
              48.2493477
            ],
            [
              14.3654417,
              48.2493427
            ],
            [
              14.3655278,
              48.2493075
            ],
            [
              14.3657145,
              48.2492312
            ],
            [
              14.3657434,
              48.2492201
            ],
            [
              14.3659007,
              48.2491665
            ],
            [
              14.3660288,
              48.2491298
            ],
            [
              14.3661543,
              48.2490938
            ],
            [
              14.3662482,
              48.2490684
            ],
            [
              14.3663298,
              48.2490464
            ],
            [
              14.3664765,
              48.2490118
            ],
            [
              14.3668249,
              48.2489295
            ],
            [
              14.3671598,
              48.2488505
            ],
            [
              14.3672372,
              48.2488322
            ],
            [
              14.3675161,
              48.2487664
            ],
            [
              14.3676247,
              48.2487407
            ],
            [
              14.3678043,
              48.2486983
            ],
            [
              14.3678961,
              48.2486767
            ],
            [
              14.368208,
              48.248603
            ],
            [
              14.368268,
              48.2485889
            ],
            [
              14.3687189,
              48.2484824
            ],
            [
              14.3687971,
              48.248464
            ],
            [
              14.3690366,
              48.2484074
            ],
            [
              14.369132,
              48.2483849
            ],
            [
              14.369362,
              48.2483402
            ],
            [
              14.3694834,
              48.2483167
            ],
            [
              14.3695762,
              48.2482987
            ],
            [
              14.3697603,
              48.2482629
            ],
            [
              14.3699767,
              48.2482209
            ],
            [
              14.3700033,
              48.2482158
            ],
            [
              14.3701763,
              48.2481822
            ],
            [
              14.3703641,
              48.2481457
            ],
            [
              14.3704327,
              48.2481324
            ],
            [
              14.3706873,
              48.248083
            ],
            [
              14.3707905,
              48.2480614
            ],
            [
              14.3708101,
              48.2480573
            ],
            [
              14.370884,
              48.2480363
            ],
            [
              14.3709279,
              48.2480129
            ],
            [
              14.3709405,
              48.2479855
            ],
            [
              14.370941,
              48.2479792
            ],
            [
              14.3709426,
              48.2479599
            ],
            [
              14.3709369,
              48.2479244
            ],
            [
              14.3708825,
              48.2477407
            ],
            [
              14.3708752,
              48.2477161
            ],
            [
              14.3708613,
              48.247669
            ],
            [
              14.370807,
              48.247486
            ],
            [
              14.370791,
              48.2474255
            ],
            [
              14.3707869,
              48.2473701
            ],
            [
              14.3707893,
              48.2473529
            ],
            [
              14.3707953,
              48.2473101
            ],
            [
              14.3708095,
              48.2472374
            ],
            [
              14.3708128,
              48.2471733
            ],
            [
              14.370804,
              48.2471092
            ],
            [
              14.3707844,
              48.2470545
            ],
            [
              14.3707602,
              48.2470069
            ],
            [
              14.370715,
              48.2469488
            ],
            [
              14.3706672,
              48.2468949
            ],
            [
              14.3706281,
              48.2468393
            ],
            [
              14.3706002,
              48.2467777
            ],
            [
              14.3705636,
              48.246701
            ],
            [
              14.3705376,
              48.2466468
            ],
            [
              14.3705184,
              48.2466067
            ],
            [
              14.3705068,
              48.2465824
            ],
            [
              14.3704539,
              48.246441
            ],
            [
              14.3703744,
              48.2462271
            ],
            [
              14.3701394,
              48.2455558
            ],
            [
              14.370033,
              48.245252
            ],
            [
              14.3699569,
              48.2450601
            ],
            [
              14.3698805,
              48.2449213
            ],
            [
              14.3697781,
              48.2447651
            ],
            [
              14.3697203,
              48.2446921
            ],
            [
              14.3696845,
              48.2446557
            ],
            [
              14.3695863,
              48.2445554
            ],
            [
              14.3694806,
              48.2444565
            ],
            [
              14.3693705,
              48.2443711
            ],
            [
              14.369353,
              48.2443575
            ],
            [
              14.3692182,
              48.2442593
            ],
            [
              14.369122,
              48.2441968
            ],
            [
              14.3690749,
              48.2441668
            ],
            [
              14.368936,
              48.244085
            ],
            [
              14.3687771,
              48.2440058
            ],
            [
              14.368538,
              48.2439055
            ],
            [
              14.3685091,
              48.2438943
            ],
            [
              14.3679479,
              48.2436756
            ],
            [
              14.367899,
              48.2436576
            ],
            [
              14.3677958,
              48.2436197
            ],
            [
              14.3677613,
              48.243607
            ],
            [
              14.3676887,
              48.2435845
            ],
            [
              14.3675865,
              48.2435529
            ],
            [
              14.3674322,
              48.2435195
            ],
            [
              14.3672961,
              48.2434901
            ],
            [
              14.3672204,
              48.2434739
            ],
            [
              14.367092,
              48.2434465
            ],
            [
              14.3671432,
              48.2434273
            ],
            [
              14.3671973,
              48.2433963
            ],
            [
              14.3672968,
              48.2433317
            ],
            [
              14.3673897,
              48.2432713
            ],
            [
              14.3679121,
              48.2429619
            ],
            [
              14.367957,
              48.2429354
            ],
            [
              14.3681556,
              48.2428177
            ],
            [
              14.3682214,
              48.2427788
            ],
            [
              14.3684707,
              48.2426353
            ],
            [
              14.3685361,
              48.2425977
            ],
            [
              14.3691184,
              48.2422848
            ],
            [
              14.3693299,
              48.2421711
            ],
            [
              14.3693932,
              48.2421259
            ],
            [
              14.3695044,
              48.242039
            ],
            [
              14.3697462,
              48.2418557
            ],
            [
              14.3698133,
              48.2418111
            ],
            [
              14.3699273,
              48.2417394
            ],
            [
              14.369958,
              48.2417201
            ],
            [
              14.3700616,
              48.2416613
            ],
            [
              14.3700775,
              48.2416523
            ],
            [
              14.3701709,
              48.2416086
            ],
            [
              14.3702671,
              48.2415732
            ],
            [
              14.3703425,
              48.2415434
            ],
            [
              14.3703588,
              48.2415353
            ],
            [
              14.3704283,
              48.2415008
            ],
            [
              14.370494,
              48.241484
            ],
            [
              14.3705559,
              48.2414789
            ],
            [
              14.3706072,
              48.2414872
            ],
            [
              14.3706676,
              48.2415056
            ],
            [
              14.3709533,
              48.2416224
            ],
            [
              14.3711025,
              48.2416705
            ],
            [
              14.3711231,
              48.2416752
            ],
            [
              14.3712512,
              48.2417044
            ],
            [
              14.3712767,
              48.2417102
            ],
            [
              14.3714177,
              48.2417294
            ],
            [
              14.3714646,
              48.2417343
            ],
            [
              14.372223,
              48.2418136
            ],
            [
              14.3724697,
              48.2418394
            ],
            [
              14.372692,
              48.2418626
            ],
            [
              14.3728274,
              48.2418768
            ],
            [
              14.3730654,
              48.241893
            ],
            [
              14.3732243,
              48.2418951
            ],
            [
              14.3733582,
              48.2418909
            ],
            [
              14.373441,
              48.2418789
            ],
            [
              14.3734982,
              48.2418602
            ],
            [
              14.3735458,
              48.2418343
            ],
            [
              14.3735737,
              48.241808
            ],
            [
              14.3735955,
              48.2417629
            ],
            [
              14.3736068,
              48.2417178
            ],
            [
              14.3736308,
              48.2415903
            ],
            [
              14.3736472,
              48.241505
            ],
            [
              14.3736564,
              48.2414746
            ],
            [
              14.373679,
              48.241416
            ],
            [
              14.3737176,
              48.241357
            ],
            [
              14.37376,
              48.2413212
            ],
            [
              14.3738185,
              48.2412956
            ],
            [
              14.3738651,
              48.2412909
            ],
            [
              14.3739632,
              48.2412981
            ],
            [
              14.3740213,
              48.2413058
            ],
            [
              14.3745121,
              48.2413711
            ],
            [
              14.3746861,
              48.2413792
            ],
            [
              14.3748465,
              48.2413729
            ],
            [
              14.3749763,
              48.2413412
            ],
            [
              14.3750956,
              48.2412899
            ],
            [
              14.3751984,
              48.2412301
            ],
            [
              14.3754438,
              48.2410707
            ],
            [
              14.3755483,
              48.2411345
            ],
            [
              14.3756977,
              48.2411969
            ],
            [
              14.3758849,
              48.2412561
            ],
            [
              14.3761089,
              48.2412992
            ],
            [
              14.3780143,
              48.2415368
            ],
            [
              14.3780295,
              48.2414849
            ],
            [
              14.3780434,
              48.2414373
            ],
            [
              14.3780709,
              48.2413974
            ],
            [
              14.3781171,
              48.2413583
            ],
            [
              14.3781614,
              48.2413293
            ],
            [
              14.3782286,
              48.2413014
            ],
            [
              14.3783271,
              48.24129
            ],
            [
              14.3784588,
              48.2413034
            ],
            [
              14.3785434,
              48.2413207
            ]
          ],
          [
            [
              14.2576984,
              48.2645586
            ],
            [
              14.2576651,
              48.264551
            ],
            [
              14.2576304,
              48.2645359
            ],
            [
              14.2576008,
              48.2645132
            ],
            [
              14.2575847,
              48.264491
            ],
            [
              14.2575765,
              48.2644647
            ],
            [
              14.2575784,
              48.2644396
            ],
            [
              14.2576007,
              48.2644011
            ],
            [
              14.2576351,
              48.2643757
            ],
            [
              14.2576764,
              48.26436
            ],
            [
              14.2577271,
              48.2643532
            ],
            [
              14.2577786,
              48.2643578
            ],
            [
              14.257825,
              48.2643733
            ],
            [
              14.2578623,
              48.2643994
            ],
            [
              14.2578808,
              48.2644246
            ],
            [
              14.2578886,
              48.2644563
            ],
            [
              14.2578824,
              48.2644862
            ],
            [
              14.2578687,
              48.2645079
            ],
            [
              14.257846,
              48.2645285
            ],
            [
              14.2578139,
              48.2645458
            ],
            [
              14.2577627,
              48.2645591
            ],
            [
              14.2576984,
              48.2645586
            ]
          ],
          [
            [
              14.2576984,
              48.2645586
            ],
            [
              14.2576718,
              48.2646161
            ],
            [
              14.2576625,
              48.2646361
            ],
            [
              14.2575127,
              48.2649652
            ],
            [
              14.2573547,
              48.2652867
            ],
            [
              14.2573348,
              48.2653287
            ],
            [
              14.257259,
              48.2655142
            ],
            [
              14.2570884,
              48.2659953
            ],
            [
              14.2570057,
              48.2662758
            ],
            [
              14.2568804,
              48.2667094
            ],
            [
              14.2568173,
              48.2669538
            ],
            [
              14.2567651,
              48.2671851
            ],
            [
              14.2567133,
              48.2674268
            ],
            [
              14.2566877,
              48.2675815
            ],
            [
              14.2566833,
              48.2676211
            ],
            [
              14.2566953,
              48.2676953
            ],
            [
              14.2567221,
              48.2677338
            ],
            [
              14.2567623,
              48.2677597
            ],
            [
              14.2568096,
              48.2677794
            ],
            [
              14.2568516,
              48.267747
            ],
            [
              14.2569247,
              48.267723
            ],
            [
              14.2569889,
              48.2677205
            ],
            [
              14.2570479,
              48.2677321
            ],
            [
              14.2571162,
              48.2677704
            ],
            [
              14.2571414,
              48.2678033
            ],
            [
              14.2571508,
              48.2678402
            ],
            [
              14.2571448,
              48.2678726
            ],
            [
              14.2571246,
              48.2679047
            ],
            [
              14.2570922,
              48.2679313
            ],
            [
              14.2570459,
              48.2679522
            ],
            [
              14.2569853,
              48.2679633
            ],
            [
              14.2569288,
              48.2679612
            ],
            [
              14.2568761,
              48.2679478
            ],
            [
              14.2568356,
              48.2679268
            ],
            [
              14.2567993,
              48.2678908
            ],
            [
              14.2567841,
              48.2678482
            ],
            [
              14.2567895,
              48.2678117
            ],
            [
              14.2568096,
              48.2677794
            ]
          ],
          [
            [
              14.2568761,
              48.2679478
            ],
            [
              14.2568528,
              48.2679836
            ],
            [
              14.2568182,
              48.2680368
            ],
            [
              14.2567723,
              48.2681074
            ],
            [
              14.2567372,
              48.2681682
            ],
            [
              14.2566975,
              48.2682416
            ],
            [
              14.2566555,
              48.2683288
            ],
            [
              14.2566067,
              48.2684615
            ],
            [
              14.2565567,
              48.2686206
            ],
            [
              14.2564453,
              48.2691395
            ],
            [
              14.256357,
              48.2695809
            ],
            [
              14.2563251,
              48.2698139
            ],
            [
              14.2563185,
              48.2700141
            ],
            [
              14.2563244,
              48.2700911
            ],
            [
              14.2563375,
              48.2702335
            ],
            [
              14.2563686,
              48.2703656
            ],
            [
              14.2564055,
              48.2704779
            ],
            [
              14.256443,
              48.2705641
            ],
            [
              14.2564819,
              48.2706469
            ],
            [
              14.2565659,
              48.2707856
            ],
            [
              14.2566851,
              48.2709424
            ],
            [
              14.2567969,
              48.2710663
            ],
            [
              14.257073,
              48.2713803
            ],
            [
              14.257236,
              48.2715835
            ],
            [
              14.2572984,
              48.271677
            ],
            [
              14.2573626,
              48.2717901
            ],
            [
              14.2574108,
              48.2718845
            ],
            [
              14.2574571,
              48.2719909
            ],
            [
              14.2574892,
              48.272092
            ],
            [
              14.2575155,
              48.2721893
            ],
            [
              14.2575372,
              48.2722797
            ],
            [
              14.2575513,
              48.272385
            ],
            [
              14.2575589,
              48.2724698
            ],
            [
              14.2575599,
              48.2725679
            ],
            [
              14.2575545,
              48.2726739
            ],
            [
              14.2575362,
              48.2728165
            ],
            [
              14.2575172,
              48.2729069
            ],
            [
              14.2574824,
              48.273037
            ],
            [
              14.2573751,
              48.2732801
            ],
            [
              14.2573562,
              48.273323
            ],
            [
              14.2573187,
              48.2733817
            ],
            [
              14.2573051,
              48.273403
            ]
          ],
          [
            [
              14.2574051,
              48.2735388
            ],
            [
              14.2573839,
              48.2735709
            ],
            [
              14.2573369,
              48.2736036
            ],
            [
              14.2572848,
              48.27362
            ],
            [
              14.2572203,
              48.2736238
            ],
            [
              14.2571645,
              48.2736136
            ],
            [
              14.2571267,
              48.2735976
            ],
            [
              14.2570961,
              48.2735754
            ],
            [
              14.2570764,
              48.2735509
            ],
            [
              14.2570647,
              48.2735132
            ],
            [
              14.2570704,
              48.2734795
            ],
            [
              14.2570858,
              48.273454
            ],
            [
              14.2571231,
              48.2734228
            ],
            [
              14.2571746,
              48.2734018
            ],
            [
              14.2572332,
              48.2733939
            ],
            [
              14.2573051,
              48.273403
            ],
            [
              14.2573532,
              48.2734232
            ],
            [
              14.2573938,
              48.2734592
            ],
            [
              14.2574097,
              48.2734957
            ],
            [
              14.2574051,
              48.2735388
            ]
          ],
          [
            [
              14.2571645,
              48.2736136
            ],
            [
              14.2571454,
              48.2736335
            ],
            [
              14.2570927,
              48.2736885
            ],
            [
              14.2568917,
              48.273886
            ],
            [
              14.2567049,
              48.2740501
            ],
            [
              14.2564871,
              48.2742062
            ],
            [
              14.2562781,
              48.2743403
            ],
            [
              14.2560033,
              48.2744937
            ],
            [
              14.2558016,
              48.2745858
            ],
            [
              14.255424,
              48.2747394
            ],
            [
              14.2552336,
              48.2748054
            ],
            [
              14.2546549,
              48.2749795
            ],
            [
              14.2543947,
              48.2750359
            ],
            [
              14.2541196,
              48.2750835
            ],
            [
              14.253657,
              48.2751598
            ],
            [
              14.2536171,
              48.2751664
            ],
            [
              14.2534271,
              48.2751977
            ],
            [
              14.2532842,
              48.2752236
            ],
            [
              14.2530753,
              48.2752691
            ],
            [
              14.2529277,
              48.2753008
            ],
            [
              14.2527871,
              48.2753379
            ],
            [
              14.2526224,
              48.2753927
            ],
            [
              14.2524279,
              48.2754621
            ],
            [
              14.2521415,
              48.2755778
            ],
            [
              14.2519114,
              48.2756944
            ],
            [
              14.2516661,
              48.275841
            ],
            [
              14.2513418,
              48.276039
            ],
            [
              14.2511751,
              48.2761407
            ],
            [
              14.2510598,
              48.2762111
            ],
            [
              14.2508629,
              48.2763313
            ],
            [
              14.2507275,
              48.2764021
            ],
            [
              14.2506148,
              48.2764502
            ],
            [
              14.2504631,
              48.2765027
            ],
            [
              14.2503488,
              48.2765382
            ],
            [
              14.2500186,
              48.2766359
            ],
            [
              14.2499936,
              48.2766433
            ],
            [
              14.2498359,
              48.2766899
            ],
            [
              14.2494641,
              48.2767999
            ],
            [
              14.2492932,
              48.2768562
            ],
            [
              14.2492073,
              48.2768854
            ],
            [
              14.2490696,
              48.2769299
            ],
            [
              14.2489117,
              48.276981
            ],
            [
              14.2488707,
              48.2769932
            ],
            [
              14.2488201,
              48.2770083
            ],
            [
              14.2487299,
              48.2770294
            ],
            [
              14.2486262,
              48.277045
            ],
            [
              14.2485334,
              48.277052
            ],
            [
              14.2484784,
              48.2770547
            ],
            [
              14.2483608,
              48.2770539
            ],
            [
              14.2482344,
              48.2770474
            ],
            [
              14.2480984,
              48.2770467
            ],
            [
              14.247996,
              48.2770521
            ],
            [
              14.2479075,
              48.2770656
            ],
            [
              14.2478312,
              48.2770828
            ],
            [
              14.2477368,
              48.2771118
            ],
            [
              14.2476536,
              48.2771422
            ],
            [
              14.2473159,
              48.2772947
            ],
            [
              14.2470506,
              48.2774146
            ],
            [
              14.2468926,
              48.2774853
            ],
            [
              14.2468671,
              48.2774974
            ],
            [
              14.2468203,
              48.2775186
            ],
            [
              14.246496,
              48.2776651
            ],
            [
              14.2464786,
              48.2776729
            ],
            [
              14.2464238,
              48.2776995
            ],
            [
              14.2463512,
              48.2777346
            ],
            [
              14.246241,
              48.2777975
            ],
            [
              14.2460869,
              48.2779057
            ],
            [
              14.2460392,
              48.2779447
            ],
            [
              14.2460264,
              48.2779551
            ],
            [
              14.2459783,
              48.2779943
            ],
            [
              14.2458727,
              48.2780867
            ],
            [
              14.2457315,
              48.2782471
            ],
            [
              14.2456394,
              48.2783571
            ],
            [
              14.2455558,
              48.2784577
            ],
            [
              14.2455115,
              48.2785146
            ],
            [
              14.2454575,
              48.2785905
            ],
            [
              14.2454273,
              48.278633
            ],
            [
              14.2453467,
              48.2787626
            ],
            [
              14.2454549,
              48.2788262
            ],
            [
              14.2455563,
              48.2788858
            ],
            [
              14.2457131,
              48.2789779
            ],
            [
              14.2458093,
              48.2790344
            ],
            [
              14.2461572,
              48.2792195
            ],
            [
              14.2462264,
              48.2792564
            ],
            [
              14.2466414,
              48.2794604
            ],
            [
              14.2468449,
              48.2795542
            ],
            [
              14.2472111,
              48.2797019
            ],
            [
              14.2474611,
              48.2797928
            ],
            [
              14.2476476,
              48.2798583
            ],
            [
              14.2477461,
              48.2798943
            ],
            [
              14.247928,
              48.2799578
            ],
            [
              14.248094,
              48.2800168
            ],
            [
              14.2481622,
              48.2800429
            ],
            [
              14.2482781,
              48.2801178
            ],
            [
              14.2483592,
              48.2801975
            ],
            [
              14.2484005,
              48.2802446
            ],
            [
              14.2486605,
              48.2806531
            ],
            [
              14.2487073,
              48.2807267
            ],
            [
              14.2487197,
              48.2807463
            ],
            [
              14.2487297,
              48.2807619
            ],
            [
              14.2488396,
              48.2809347
            ],
            [
              14.2488707,
              48.2809836
            ],
            [
              14.2489857,
              48.2811589
            ],
            [
              14.2490514,
              48.2812412
            ],
            [
              14.2491379,
              48.2813287
            ],
            [
              14.2492375,
              48.2814165
            ],
            [
              14.2493744,
              48.2815136
            ],
            [
              14.249451,
              48.281564
            ],
            [
              14.2497229,
              48.281743
            ],
            [
              14.2497477,
              48.2817593
            ],
            [
              14.249847,
              48.281837
            ],
            [
              14.2498769,
              48.2818624
            ],
            [
              14.2500187,
              48.2819833
            ],
            [
              14.2501307,
              48.2820886
            ],
            [
              14.2502689,
              48.2822186
            ],
            [
              14.2502827,
              48.2822317
            ],
            [
              14.2504706,
              48.2824006
            ],
            [
              14.2504837,
              48.2824123
            ],
            [
              14.250513,
              48.2824387
            ],
            [
              14.2507415,
              48.2826443
            ],
            [
              14.2507875,
              48.2826856
            ],
            [
              14.2509497,
              48.2828315
            ],
            [
              14.2509886,
              48.2828665
            ],
            [
              14.2512061,
              48.2830622
            ],
            [
              14.2513798,
              48.2832182
            ],
            [
              14.2514321,
              48.2832651
            ],
            [
              14.2517014,
              48.2835071
            ],
            [
              14.2518561,
              48.2836465
            ],
            [
              14.2519874,
              48.2837816
            ],
            [
              14.2521305,
              48.283955
            ],
            [
              14.2523899,
              48.2842964
            ],
            [
              14.2524049,
              48.2843156
            ],
            [
              14.2524533,
              48.2843774
            ],
            [
              14.2525467,
              48.2844968
            ],
            [
              14.2526249,
              48.2845823
            ],
            [
              14.2534316,
              48.2852928
            ],
            [
              14.2537057,
              48.2855368
            ],
            [
              14.2538098,
              48.2856453
            ],
            [
              14.2539112,
              48.28574
            ],
            [
              14.2540194,
              48.2858243
            ],
            [
              14.2540991,
              48.2858864
            ],
            [
              14.2540691,
              48.2859074
            ],
            [
              14.2540469,
              48.2859357
            ],
            [
              14.2540382,
              48.2859629
            ],
            [
              14.2540393,
              48.2859873
            ],
            [
              14.2540503,
              48.2860142
            ],
            [
              14.2540728,
              48.2860398
            ],
            [
              14.2541006,
              48.2860583
            ],
            [
              14.2541345,
              48.2860721
            ],
            [
              14.25418,
              48.2860809
            ],
            [
              14.2542303,
              48.2860804
            ],
            [
              14.2542726,
              48.2860717
            ],
            [
              14.2543114,
              48.2860549
            ],
            [
              14.2543843,
              48.2861201
            ],
            [
              14.2545932,
              48.2863068
            ],
            [
              14.2547629,
              48.2864586
            ],
            [
              14.2549336,
              48.2866144
            ],
            [
              14.255134,
              48.2867971
            ],
            [
              14.2552003,
              48.286846
            ],
            [
              14.2552543,
              48.2868858
            ],
            [
              14.2553789,
              48.2869632
            ],
            [
              14.2555948,
              48.2870733
            ],
            [
              14.2560918,
              48.2872623
            ],
            [
              14.2564723,
              48.2873896
            ],
            [
              14.2577646,
              48.287822
            ],
            [
              14.2579057,
              48.2878777
            ],
            [
              14.2580166,
              48.2879377
            ],
            [
              14.2580907,
              48.2879893
            ],
            [
              14.2581561,
              48.2880479
            ],
            [
              14.2581995,
              48.2881036
            ],
            [
              14.2582336,
              48.2881586
            ],
            [
              14.2582573,
              48.2882199
            ],
            [
              14.2582759,
              48.2882864
            ],
            [
              14.2582886,
              48.2883665
            ],
            [
              14.2583497,
              48.2890247
            ],
            [
              14.2583658,
              48.2890863
            ],
            [
              14.2583982,
              48.2891547
            ],
            [
              14.2584444,
              48.2892117
            ],
            [
              14.2584814,
              48.2892515
            ],
            [
              14.2585398,
              48.2892991
            ],
            [
              14.2586209,
              48.2893476
            ],
            [
              14.2587278,
              48.2893958
            ],
            [
              14.2588936,
              48.2894567
            ],
            [
              14.2590759,
              48.2895216
            ],
            [
              14.2591918,
              48.2895554
            ],
            [
              14.2593685,
              48.2896032
            ],
            [
              14.2595789,
              48.2896356
            ],
            [
              14.2597885,
              48.2896569
            ],
            [
              14.2599759,
              48.2896617
            ],
            [
              14.2601444,
              48.2896576
            ],
            [
              14.2603027,
              48.2896392
            ],
            [
              14.2604378,
              48.2896117
            ],
            [
              14.2605628,
              48.2895798
            ],
            [
              14.2607059,
              48.2895297
            ],
            [
              14.2608303,
              48.2894796
            ],
            [
              14.2611267,
              48.2893627
            ],
            [
              14.2612371,
              48.2893157
            ],
            [
              14.2613425,
              48.2892818
            ],
            [
              14.261461,
              48.2892506
            ],
            [
              14.2615708,
              48.2892265
            ],
            [
              14.261683,
              48.2892045
            ],
            [
              14.2617929,
              48.2891865
            ],
            [
              14.2619253,
              48.2891673
            ],
            [
              14.2620552,
              48.2891484
            ],
            [
              14.2622826,
              48.2891161
            ],
            [
              14.2631497,
              48.288999
            ],
            [
              14.2632729,
              48.2889881
            ],
            [
              14.2634174,
              48.288979
            ],
            [
              14.2635609,
              48.2889882
            ],
            [
              14.263702,
              48.2890147
            ],
            [
              14.2638253,
              48.2890547
            ],
            [
              14.2640639,
              48.2891594
            ],
            [
              14.2640973,
              48.2891755
            ],
            [
              14.2647562,
              48.2894923
            ],
            [
              14.2649349,
              48.2895782
            ],
            [
              14.2650764,
              48.2896462
            ],
            [
              14.2659157,
              48.2900498
            ],
            [
              14.2660344,
              48.2901067
            ],
            [
              14.2662382,
              48.2901969
            ],
            [
              14.2664514,
              48.2902826
            ],
            [
              14.2666993,
              48.2903681
            ],
            [
              14.2669173,
              48.2904394
            ],
            [
              14.2669889,
              48.2904596
            ],
            [
              14.2671322,
              48.2904991
            ],
            [
              14.2671744,
              48.29051
            ],
            [
              14.2674139,
              48.2905712
            ],
            [
              14.2676516,
              48.290625
            ],
            [
              14.2678046,
              48.2906615
            ],
            [
              14.2678429,
              48.2906707
            ],
            [
              14.2678749,
              48.2906783
            ],
            [
              14.2679185,
              48.2906887
            ],
            [
              14.2680649,
              48.2907314
            ],
            [
              14.2682281,
              48.2907925
            ],
            [
              14.268315,
              48.2908244
            ],
            [
              14.2684959,
              48.2909127
            ],
            [
              14.2686022,
              48.2909794
            ],
            [
              14.2687099,
              48.2910525
            ],
            [
              14.2687638,
              48.2910912
            ],
            [
              14.2689396,
              48.2912172
            ],
            [
              14.2690559,
              48.2913051
            ],
            [
              14.2691889,
              48.29142
            ],
            [
              14.2693115,
              48.2915375
            ],
            [
              14.2693885,
              48.2916091
            ],
            [
              14.2694237,
              48.2916429
            ],
            [
              14.2694659,
              48.2916866
            ],
            [
              14.2695652,
              48.2917896
            ],
            [
              14.2697642,
              48.2920073
            ],
            [
              14.2698242,
              48.2920849
            ],
            [
              14.2698915,
              48.2921784
            ],
            [
              14.270071,
              48.2924591
            ],
            [
              14.2701266,
              48.2925609
            ],
            [
              14.2702729,
              48.2925509
            ],
            [
              14.2703129,
              48.2925481
            ],
            [
              14.2704108,
              48.2925411
            ],
            [
              14.270532,
              48.2925284
            ],
            [
              14.2707286,
              48.2925007
            ],
            [
              14.2709428,
              48.2924629
            ],
            [
              14.2710246,
              48.2924436
            ],
            [
              14.2711279,
              48.2924188
            ],
            [
              14.2712492,
              48.2923858
            ],
            [
              14.2713754,
              48.2923495
            ],
            [
              14.2715099,
              48.2923048
            ],
            [
              14.2717561,
              48.2922063
            ],
            [
              14.2721545,
              48.2920505
            ],
            [
              14.2723473,
              48.2919781
            ],
            [
              14.2726202,
              48.2918716
            ],
            [
              14.2727128,
              48.2918355
            ],
            [
              14.2733931,
              48.2915599
            ],
            [
              14.2734796,
              48.2915248
            ],
            [
              14.2736734,
              48.2914463
            ],
            [
              14.2737409,
              48.291419
            ],
            [
              14.2738606,
              48.2913705
            ],
            [
              14.2740493,
              48.291294
            ],
            [
              14.2741743,
              48.2912445
            ],
            [
              14.274298,
              48.2911976
            ],
            [
              14.2744631,
              48.2911416
            ],
            [
              14.2746654,
              48.2910748
            ],
            [
              14.2747991,
              48.2910352
            ],
            [
              14.2749203,
              48.2910058
            ],
            [
              14.2751102,
              48.2909626
            ],
            [
              14.2752438,
              48.2909329
            ],
            [
              14.2753153,
              48.290917
            ],
            [
              14.2755141,
              48.2908842
            ],
            [
              14.2758271,
              48.2908423
            ],
            [
              14.2758733,
              48.2908361
            ],
            [
              14.2758914,
              48.2908336
            ],
            [
              14.2759563,
              48.2908246
            ],
            [
              14.2760332,
              48.2908154
            ],
            [
              14.2762156,
              48.2907891
            ],
            [
              14.2762817,
              48.2907796
            ],
            [
              14.2771983,
              48.2906527
            ],
            [
              14.2778407,
              48.2905638
            ],
            [
              14.2783267,
              48.2904965
            ],
            [
              14.2786011,
              48.2904586
            ],
            [
              14.2789992,
              48.2904035
            ],
            [
              14.2790527,
              48.2903961
            ],
            [
              14.2793672,
              48.2903525
            ],
            [
              14.2795117,
              48.2903325
            ],
            [
              14.2796822,
              48.2903191
            ],
            [
              14.2797103,
              48.2903202
            ],
            [
              14.2799571,
              48.2903299
            ],
            [
              14.2800683,
              48.2903354
            ],
            [
              14.2801999,
              48.2903419
            ],
            [
              14.2803865,
              48.290351
            ],
            [
              14.2804054,
              48.2903519
            ],
            [
              14.2808525,
              48.2903739
            ],
            [
              14.2809341,
              48.2903779
            ],
            [
              14.2810667,
              48.2903844
            ],
            [
              14.2815861,
              48.2904099
            ],
            [
              14.2821209,
              48.2904362
            ],
            [
              14.282185,
              48.2904394
            ],
            [
              14.282283,
              48.2904408
            ],
            [
              14.2823595,
              48.2904419
            ],
            [
              14.2825439,
              48.2904377
            ],
            [
              14.2826658,
              48.2904303
            ],
            [
              14.2827944,
              48.2904168
            ],
            [
              14.2829477,
              48.290395
            ],
            [
              14.2830731,
              48.2903735
            ],
            [
              14.2831522,
              48.2903589
            ],
            [
              14.2832032,
              48.2903495
            ],
            [
              14.2836707,
              48.2902635
            ],
            [
              14.284565,
              48.2900985
            ],
            [
              14.2848096,
              48.2900553
            ],
            [
              14.2858185,
              48.2898666
            ],
            [
              14.2860453,
              48.2898094
            ],
            [
              14.286271,
              48.2897411
            ],
            [
              14.2863796,
              48.2897059
            ],
            [
              14.286668,
              48.2896123
            ],
            [
              14.2871788,
              48.2894455
            ],
            [
              14.287342,
              48.2893977
            ],
            [
              14.287396,
              48.2893963
            ],
            [
              14.2874584,
              48.2893947
            ],
            [
              14.2874856,
              48.289394
            ],
            [
              14.2874856,
              48.2894191
            ],
            [
              14.2874851,
              48.2895895
            ],
            [
              14.2874673,
              48.2898446
            ],
            [
              14.2874546,
              48.2899595
            ],
            [
              14.2874331,
              48.2902028
            ],
            [
              14.287428,
              48.2902608
            ],
            [
              14.2874528,
              48.2903082
            ],
            [
              14.2874923,
              48.2903443
            ],
            [
              14.287549,
              48.2903726
            ],
            [
              14.2876388,
              48.2904052
            ],
            [
              14.2877186,
              48.2904236
            ],
            [
              14.2878135,
              48.2904365
            ],
            [
              14.2878634,
              48.2904399
            ],
            [
              14.2879021,
              48.2904442
            ],
            [
              14.2881607,
              48.2904671
            ],
            [
              14.2885122,
              48.2905038
            ],
            [
              14.2888014,
              48.2905442
            ],
            [
              14.2889577,
              48.2905643
            ],
            [
              14.289157,
              48.2905673
            ],
            [
              14.2892542,
              48.2905863
            ],
            [
              14.2893375,
              48.2906029
            ],
            [
              14.2895209,
              48.2906481
            ],
            [
              14.2896364,
              48.290694
            ],
            [
              14.2896934,
              48.2907234
            ],
            [
              14.2897626,
              48.2907591
            ],
            [
              14.2898888,
              48.2908323
            ],
            [
              14.2900172,
              48.2909395
            ],
            [
              14.2902324,
              48.2911546
            ],
            [
              14.2905937,
              48.2915567
            ],
            [
              14.290813,
              48.2918006
            ],
            [
              14.2908578,
              48.2918505
            ],
            [
              14.2909653,
              48.2919717
            ],
            [
              14.291022,
              48.2920416
            ],
            [
              14.2913042,
              48.2923777
            ],
            [
              14.2916737,
              48.292817
            ],
            [
              14.2919681,
              48.293167
            ],
            [
              14.2920222,
              48.2932314
            ],
            [
              14.2921216,
              48.2933496
            ],
            [
              14.2919903,
              48.2933865
            ],
            [
              14.2919069,
              48.2934149
            ],
            [
              14.2918506,
              48.293436
            ],
            [
              14.2917781,
              48.2934632
            ],
            [
              14.2912747,
              48.2936524
            ],
            [
              14.2907097,
              48.2938646
            ],
            [
              14.2904569,
              48.2939596
            ],
            [
              14.2904362,
              48.2939674
            ],
            [
              14.2903777,
              48.2939893
            ],
            [
              14.2903029,
              48.2940268
            ],
            [
              14.2902681,
              48.2940442
            ],
            [
              14.2892355,
              48.2945796
            ],
            [
              14.2891576,
              48.29462
            ],
            [
              14.2892017,
              48.2946697
            ],
            [
              14.289589,
              48.2951024
            ],
            [
              14.2897078,
              48.2952374
            ],
            [
              14.2897809,
              48.295317
            ],
            [
              14.2899678,
              48.2955359
            ],
            [
              14.2899863,
              48.2955576
            ],
            [
              14.2900831,
              48.295632
            ],
            [
              14.2901538,
              48.2956882
            ],
            [
              14.2902298,
              48.2957277
            ],
            [
              14.2902728,
              48.2957387
            ],
            [
              14.2910896,
              48.2959485
            ],
            [
              14.2911901,
              48.2959736
            ],
            [
              14.291412,
              48.2960289
            ],
            [
              14.2917472,
              48.2961139
            ],
            [
              14.2917955,
              48.2961261
            ],
            [
              14.291855,
              48.296141
            ],
            [
              14.2919618,
              48.2961691
            ],
            [
              14.2919868,
              48.2961756
            ],
            [
              14.2920071,
              48.2961809
            ],
            [
              14.2921303,
              48.2962133
            ],
            [
              14.2921703,
              48.2962238
            ],
            [
              14.2932473,
              48.296507
            ],
            [
              14.2940272,
              48.2967124
            ],
            [
              14.2940983,
              48.296731
            ],
            [
              14.2941672,
              48.2967491
            ],
            [
              14.2950259,
              48.2969729
            ],
            [
              14.2955084,
              48.2970994
            ],
            [
              14.2955361,
              48.2971066
            ],
            [
              14.2956474,
              48.2971354
            ],
            [
              14.2957348,
              48.2971581
            ],
            [
              14.2957777,
              48.2971692
            ],
            [
              14.2962408,
              48.2972865
            ],
            [
              14.296855,
              48.297445
            ],
            [
              14.2969289,
              48.2974639
            ],
            [
              14.2970003,
              48.2974822
            ],
            [
              14.297062,
              48.2974979
            ],
            [
              14.2971059,
              48.2975092
            ],
            [
              14.2974716,
              48.2976028
            ],
            [
              14.297683,
              48.2976569
            ],
            [
              14.2981039,
              48.2977646
            ],
            [
              14.2984325,
              48.2978488
            ],
            [
              14.2984711,
              48.2978586
            ],
            [
              14.2985932,
              48.2978898
            ],
            [
              14.2987195,
              48.2979228
            ],
            [
              14.2987858,
              48.2979402
            ],
            [
              14.2988926,
              48.2979681
            ],
            [
              14.2990002,
              48.2979962
            ],
            [
              14.299335,
              48.2980836
            ],
            [
              14.3000093,
              48.2982598
            ],
            [
              14.3000746,
              48.2982769
            ],
            [
              14.3001486,
              48.2982962
            ],
            [
              14.3009788,
              48.298513
            ],
            [
              14.3013626,
              48.2986133
            ],
            [
              14.3014305,
              48.2986252
            ],
            [
              14.301504,
              48.2986337
            ],
            [
              14.301573,
              48.2986348
            ],
            [
              14.3017108,
              48.2986146
            ],
            [
              14.3017958,
              48.2985896
            ],
            [
              14.3018288,
              48.2985781
            ],
            [
              14.3019018,
              48.2985526
            ],
            [
              14.3022166,
              48.2984428
            ],
            [
              14.3023775,
              48.2983867
            ],
            [
              14.3024759,
              48.2984976
            ],
            [
              14.302521,
              48.2985396
            ],
            [
              14.3025501,
              48.2985673
            ],
            [
              14.3026662,
              48.2986781
            ],
            [
              14.3027652,
              48.2987665
            ],
            [
              14.3028526,
              48.2988318
            ],
            [
              14.3029744,
              48.2989044
            ],
            [
              14.3030241,
              48.298934
            ],
            [
              14.3031606,
              48.2989902
            ],
            [
              14.3032929,
              48.2990443
            ],
            [
              14.3033407,
              48.2990655
            ],
            [
              14.3038129,
              48.299275
            ],
            [
              14.3039758,
              48.2993475
            ],
            [
              14.3041186,
              48.299411
            ],
            [
              14.3044214,
              48.2995281
            ],
            [
              14.3045838,
              48.2995909
            ],
            [
              14.3050859,
              48.2997789
            ],
            [
              14.3051068,
              48.2997867
            ],
            [
              14.3054709,
              48.299923
            ],
            [
              14.3055407,
              48.2999491
            ],
            [
              14.3055842,
              48.2999654
            ],
            [
              14.3057388,
              48.3000189
            ],
            [
              14.3059267,
              48.3000612
            ],
            [
              14.3060233,
              48.3000734
            ],
            [
              14.3061038,
              48.3000836
            ],
            [
              14.3072412,
              48.3002112
            ],
            [
              14.3074834,
              48.3002375
            ],
            [
              14.3076171,
              48.3002521
            ],
            [
              14.3079655,
              48.30029
            ],
            [
              14.3080166,
              48.3002955
            ],
            [
              14.3082818,
              48.3003244
            ],
            [
              14.308605,
              48.3003595
            ],
            [
              14.3086477,
              48.3003642
            ],
            [
              14.3087832,
              48.3003789
            ],
            [
              14.3090426,
              48.3004092
            ],
            [
              14.3100669,
              48.3005291
            ],
            [
              14.3101645,
              48.3005404
            ],
            [
              14.3104752,
              48.3005767
            ],
            [
              14.3105597,
              48.3005866
            ],
            [
              14.3109854,
              48.3006364
            ],
            [
              14.3110392,
              48.3006427
            ],
            [
              14.3113232,
              48.3006759
            ],
            [
              14.3114256,
              48.3006876
            ],
            [
              14.311499,
              48.300696
            ],
            [
              14.3121671,
              48.3007726
            ],
            [
              14.3123997,
              48.3007992
            ],
            [
              14.3124504,
              48.3008052
            ],
            [
              14.312698,
              48.3008348
            ],
            [
              14.3131104,
              48.3008842
            ],
            [
              14.3132186,
              48.3008963
            ],
            [
              14.3134456,
              48.3009242
            ],
            [
              14.3142089,
              48.3010178
            ],
            [
              14.3145245,
              48.3010609
            ],
            [
              14.3145932,
              48.3010703
            ],
            [
              14.3147214,
              48.3010878
            ],
            [
              14.3148541,
              48.301106
            ],
            [
              14.3152703,
              48.3011886
            ],
            [
              14.3154736,
              48.301236
            ],
            [
              14.3156847,
              48.3012831
            ],
            [
              14.3170472,
              48.301629
            ],
            [
              14.3181293,
              48.3018972
            ],
            [
              14.3184455,
              48.3019743
            ],
            [
              14.3188919,
              48.3020829
            ],
            [
              14.319018,
              48.3021141
            ],
            [
              14.3191036,
              48.3021357
            ],
            [
              14.3192856,
              48.3021817
            ],
            [
              14.3194093,
              48.3020529
            ],
            [
              14.3194391,
              48.3020219
            ],
            [
              14.3200122,
              48.3014507
            ],
            [
              14.3201284,
              48.3013513
            ],
            [
              14.3202643,
              48.3012227
            ],
            [
              14.3203012,
              48.3011866
            ],
            [
              14.3206933,
              48.300797
            ],
            [
              14.3209456,
              48.3005545
            ],
            [
              14.3211118,
              48.3003929
            ],
            [
              14.3213142,
              48.3001897
            ],
            [
              14.3214364,
              48.3000718
            ],
            [
              14.3217278,
              48.2997895
            ],
            [
              14.3217772,
              48.2997402
            ],
            [
              14.3218222,
              48.2996952
            ],
            [
              14.3219069,
              48.2996106
            ],
            [
              14.321923,
              48.2995946
            ],
            [
              14.3220021,
              48.2995124
            ],
            [
              14.3221256,
              48.2993793
            ],
            [
              14.3221963,
              48.2992983
            ],
            [
              14.3223038,
              48.2991702
            ],
            [
              14.3223431,
              48.2990926
            ],
            [
              14.3223933,
              48.2990118
            ],
            [
              14.3224645,
              48.2989207
            ],
            [
              14.3225326,
              48.2988411
            ],
            [
              14.3225636,
              48.2988005
            ],
            [
              14.322581,
              48.2987774
            ],
            [
              14.3226003,
              48.2987513
            ],
            [
              14.3226206,
              48.2987168
            ],
            [
              14.3226395,
              48.2986816
            ],
            [
              14.3226432,
              48.2986632
            ],
            [
              14.3226537,
              48.2986428
            ],
            [
              14.3226634,
              48.2986311
            ],
            [
              14.3226719,
              48.2986231
            ],
            [
              14.3226912,
              48.2986095
            ],
            [
              14.322715,
              48.2985981
            ],
            [
              14.3227406,
              48.2985901
            ],
            [
              14.3227681,
              48.2985855
            ],
            [
              14.3227996,
              48.2985843
            ],
            [
              14.3228263,
              48.2985868
            ],
            [
              14.3228554,
              48.2985933
            ],
            [
              14.3228801,
              48.2986027
            ],
            [
              14.3229019,
              48.2986152
            ],
            [
              14.3229179,
              48.2986281
            ],
            [
              14.3229261,
              48.298637
            ],
            [
              14.3229327,
              48.2986461
            ],
            [
              14.3229418,
              48.2986657
            ],
            [
              14.3229448,
              48.2986887
            ],
            [
              14.3229407,
              48.2987092
            ],
            [
              14.3229289,
              48.298731
            ],
            [
              14.3229146,
              48.2987465
            ],
            [
              14.3228943,
              48.2987613
            ],
            [
              14.3228672,
              48.2987743
            ],
            [
              14.3228362,
              48.2987831
            ],
            [
              14.3228057,
              48.298787
            ],
            [
              14.3227442,
              48.2988166
            ],
            [
              14.3226698,
              48.2988596
            ],
            [
              14.3226521,
              48.298871
            ],
            [
              14.3225981,
              48.298906
            ],
            [
              14.3225277,
              48.29896
            ],
            [
              14.3224621,
              48.2990188
            ],
            [
              14.3223965,
              48.2990833
            ],
            [
              14.3223038,
              48.2991702
            ],
            [
              14.3221963,
              48.2992983
            ],
            [
              14.3221256,
              48.2993793
            ],
            [
              14.3220021,
              48.2995124
            ],
            [
              14.321923,
              48.2995946
            ],
            [
              14.3219069,
              48.2996106
            ],
            [
              14.3218222,
              48.2996952
            ],
            [
              14.3217772,
              48.2997402
            ],
            [
              14.3217278,
              48.2997895
            ]
          ],
          [
            [
              14.3784394,
              48.2412619
            ],
            [
              14.3786117,
              48.2412972
            ],
            [
              14.3787053,
              48.2413127
            ]
          ],
          [
            [
              14.3695693,
              48.2419109
            ],
            [
              14.3694148,
              48.2420359
            ]
          ],
          [
            [
              14.3703244,
              48.2462371
            ],
            [
              14.370356,
              48.2463246
            ],
            [
              14.3703845,
              48.2464036
            ]
          ],
          [
            [
              14.3706944,
              48.2480422
            ],
            [
              14.3704465,
              48.248092
            ]
          ],
          [
            [
              14.365733,
              48.2491847
            ],
            [
              14.3655308,
              48.249264
            ]
          ],
          [
            [
              14.3480434,
              48.2523002
            ],
            [
              14.3480704,
              48.2524352
            ]
          ],
          [
            [
              14.3396287,
              48.2451612
            ],
            [
              14.3396191,
              48.2451752
            ],
            [
              14.3399397,
              48.2453119
            ],
            [
              14.3399812,
              48.245344
            ]
          ],
          [
            [
              14.3329051,
              48.2436026
            ],
            [
              14.3329029,
              48.2436123
            ],
            [
              14.3333736,
              48.2436877
            ]
          ],
          [
            [
              14.3166399,
              48.2546599
            ],
            [
              14.3168837,
              48.2547433
            ]
          ],
          [
            [
              14.308292,
              48.2534975
            ],
            [
              14.3085898,
              48.2534886
            ]
          ],
          [
            [
              14.3053042,
              48.2534814
            ],
            [
              14.3053005,
              48.2535039
            ],
            [
              14.3052355,
              48.253501
            ],
            [
              14.3050786,
              48.2534896
            ],
            [
              14.3049337,
              48.2534754
            ]
          ],
          [
            [
              14.2933476,
              48.2523141
            ],
            [
              14.2933568,
              48.2523389
            ],
            [
              14.2931665,
              48.25237
            ],
            [
              14.293125,
              48.2523767
            ],
            [
              14.293116,
              48.2523522
            ]
          ],
          [
            [
              14.2887429,
              48.253125
            ],
            [
              14.2887532,
              48.2531496
            ],
            [
              14.2891549,
              48.253075
            ],
            [
              14.2891449,
              48.2530513
            ]
          ],
          [
            [
              14.2835884,
              48.2531325
            ],
            [
              14.2832878,
              48.2530629
            ]
          ],
          [
            [
              14.2748233,
              48.2567244
            ],
            [
              14.2750677,
              48.2565492
            ]
          ],
          [
            [
              14.2665954,
              48.2617561
            ],
            [
              14.2667215,
              48.2616738
            ],
            [
              14.2668265,
              48.2616201
            ],
            [
              14.2669245,
              48.261579
            ],
            [
              14.2670412,
              48.2615448
            ]
          ],
          [
            [
              14.2620816,
              48.2641511
            ],
            [
              14.2620885,
              48.2641591
            ],
            [
              14.2617755,
              48.2642769
            ],
            [
              14.2617698,
              48.2642701
            ]
          ],
          [
            [
              14.2593011,
              48.2627663
            ],
            [
              14.2589629,
              48.2624791
            ]
          ],
          [
            [
              14.258175,
              48.2631084
            ],
            [
              14.2581899,
              48.2631457
            ],
            [
              14.2581283,
              48.2633783
            ],
            [
              14.2580928,
              48.2633921
            ]
          ],
          [
            [
              14.2490186,
              48.2768697
            ],
            [
              14.249286,
              48.2767902
            ],
            [
              14.2493337,
              48.2767887
            ]
          ],
          [
            [
              14.2455477,
              48.2782947
            ],
            [
              14.2454735,
              48.2783827
            ],
            [
              14.2454371,
              48.27845
            ],
            [
              14.245405,
              48.2785215
            ]
          ],
          [
            [
              14.2487372,
              48.2809423
            ],
            [
              14.2486139,
              48.280759
            ]
          ],
          [
            [
              14.2510847,
              48.2830282
            ],
            [
              14.2508879,
              48.2828529
            ]
          ],
          [
            [
              14.2536055,
              48.285599
            ],
            [
              14.2536364,
              48.2855929
            ],
            [
              14.2537621,
              48.2857451
            ],
            [
              14.2537376,
              48.2857597
            ]
          ],
          [
            [
              14.2613431,
              48.2893362
            ],
            [
              14.2614397,
              48.2893197
            ],
            [
              14.2615335,
              48.2893068
            ],
            [
              14.2619515,
              48.2892118
            ]
          ],
          [
            [
              14.2676288,
              48.2906601
            ],
            [
              14.2679007,
              48.2907211
            ]
          ],
          [
            [
              14.2721256,
              48.2921306
            ],
            [
              14.2723191,
              48.2920566
            ]
          ],
          [
            [
              14.2756557,
              48.2909273
            ],
            [
              14.2754538,
              48.2909525
            ]
          ],
          [
            [
              14.280647,
              48.2904268
            ],
            [
              14.2806489,
              48.290411
            ],
            [
              14.2803717,
              48.2903962
            ],
            [
              14.2803697,
              48.2904127
            ]
          ],
          [
            [
              14.2873091,
              48.2903601
            ],
            [
              14.2873847,
              48.2898948
            ]
          ],
          [
            [
              14.2903912,
              48.2915043
            ],
            [
              14.2902529,
              48.2913412
            ],
            [
              14.2900966,
              48.2911569
            ]
          ],
          [
            [
              14.2904615,
              48.2938838
            ],
            [
              14.2904752,
              48.2938993
            ],
            [
              14.2906788,
              48.2938201
            ],
            [
              14.2906662,
              48.2938057
            ]
          ],
          [
            [
              14.2916971,
              48.2961498
            ],
            [
              14.2913334,
              48.2960566
            ]
          ],
          [
            [
              14.2949647,
              48.2970091
            ],
            [
              14.2951433,
              48.2970559
            ],
            [
              14.295238,
              48.2970807
            ]
          ],
          [
            [
              14.29938,
              48.2980099
            ],
            [
              14.2991305,
              48.2979457
            ]
          ],
          [
            [
              14.3026656,
              48.2988335
            ],
            [
              14.3023586,
              48.2986042
            ]
          ],
          [
            [
              14.3101332,
              48.3006146
            ],
            [
              14.3103764,
              48.3006439
            ]
          ],
          [
            [
              14.3187743,
              48.3021373
            ],
            [
              14.3184141,
              48.3020475
            ]
          ],
          [
            [
              14.321303,
              48.3000545
            ],
            [
              14.321661,
              48.2997026
            ]
          ]
        ]
      },
      "id": "relation/403523"
    },
    {
      "type": "Feature",
      "properties": {
        "@id": "relation/1148639",
        "alternate": "no",
        "colour": "#fc87bf",
        "from": "Pichlinger See",
        "name": "Bus 19: Pichlinger See => Fernheizkraftwerk",
        "network": "Oberösterreichischer Verkehrsverbund",
        "network:short": "OÖVV",
        "network:wikidata": "Q2011605",
        "network:wikipedia": "de:Oberösterreichischer Verkehrsverbund",
        "operator": "Linz Linien GmbH",
        "public_transport:version": "2",
        "ref": "19",
        "route": "bus",
        "to": "Fernheizkraftwerk",
        "type": "route"
      },
      "geometry": {
        "type": "MultiLineString",
        "coordinates": [
          [
            [
              14.3217278,
              48.2997895
            ],
            [
              14.3214364,
              48.3000718
            ],
            [
              14.3213142,
              48.3001897
            ],
            [
              14.3211118,
              48.3003929
            ],
            [
              14.3209456,
              48.3005545
            ],
            [
              14.3206933,
              48.300797
            ],
            [
              14.3203012,
              48.3011866
            ],
            [
              14.3202643,
              48.3012227
            ],
            [
              14.3201284,
              48.3013513
            ],
            [
              14.3200122,
              48.3014507
            ],
            [
              14.3194391,
              48.3020219
            ],
            [
              14.3194093,
              48.3020529
            ],
            [
              14.3192856,
              48.3021817
            ],
            [
              14.3191036,
              48.3021357
            ],
            [
              14.319018,
              48.3021141
            ],
            [
              14.3188919,
              48.3020829
            ],
            [
              14.3184455,
              48.3019743
            ],
            [
              14.3181293,
              48.3018972
            ],
            [
              14.3170472,
              48.301629
            ],
            [
              14.3156847,
              48.3012831
            ],
            [
              14.3154736,
              48.301236
            ],
            [
              14.3152703,
              48.3011886
            ],
            [
              14.3148541,
              48.301106
            ],
            [
              14.3147214,
              48.3010878
            ],
            [
              14.3145932,
              48.3010703
            ],
            [
              14.3145245,
              48.3010609
            ],
            [
              14.3142089,
              48.3010178
            ],
            [
              14.3134456,
              48.3009242
            ],
            [
              14.3132186,
              48.3008963
            ],
            [
              14.3131104,
              48.3008842
            ],
            [
              14.312698,
              48.3008348
            ],
            [
              14.3124504,
              48.3008052
            ],
            [
              14.3123997,
              48.3007992
            ],
            [
              14.3121671,
              48.3007726
            ],
            [
              14.311499,
              48.300696
            ],
            [
              14.3114256,
              48.3006876
            ],
            [
              14.3113232,
              48.3006759
            ],
            [
              14.3110392,
              48.3006427
            ],
            [
              14.3109854,
              48.3006364
            ],
            [
              14.3105597,
              48.3005866
            ],
            [
              14.3104752,
              48.3005767
            ],
            [
              14.3101645,
              48.3005404
            ],
            [
              14.3100669,
              48.3005291
            ],
            [
              14.3090426,
              48.3004092
            ],
            [
              14.3087832,
              48.3003789
            ],
            [
              14.3086477,
              48.3003642
            ],
            [
              14.308605,
              48.3003595
            ],
            [
              14.3082818,
              48.3003244
            ],
            [
              14.3080166,
              48.3002955
            ],
            [
              14.3079655,
              48.30029
            ],
            [
              14.3076171,
              48.3002521
            ],
            [
              14.3074834,
              48.3002375
            ],
            [
              14.3072412,
              48.3002112
            ],
            [
              14.3061038,
              48.3000836
            ],
            [
              14.3060233,
              48.3000734
            ],
            [
              14.3059267,
              48.3000612
            ],
            [
              14.3057388,
              48.3000189
            ],
            [
              14.3055842,
              48.2999654
            ],
            [
              14.3055407,
              48.2999491
            ],
            [
              14.3054709,
              48.299923
            ],
            [
              14.3051068,
              48.2997867
            ],
            [
              14.3050859,
              48.2997789
            ],
            [
              14.3045838,
              48.2995909
            ],
            [
              14.3044214,
              48.2995281
            ],
            [
              14.3041186,
              48.299411
            ],
            [
              14.3039758,
              48.2993475
            ],
            [
              14.3038129,
              48.299275
            ],
            [
              14.3033407,
              48.2990655
            ],
            [
              14.3032929,
              48.2990443
            ],
            [
              14.3031606,
              48.2989902
            ],
            [
              14.3030241,
              48.298934
            ],
            [
              14.3029744,
              48.2989044
            ],
            [
              14.3028526,
              48.2988318
            ],
            [
              14.3027652,
              48.2987665
            ],
            [
              14.3026662,
              48.2986781
            ],
            [
              14.3025501,
              48.2985673
            ],
            [
              14.302521,
              48.2985396
            ],
            [
              14.3024759,
              48.2984976
            ],
            [
              14.3023775,
              48.2983867
            ],
            [
              14.3022166,
              48.2984428
            ],
            [
              14.3019018,
              48.2985526
            ],
            [
              14.3018288,
              48.2985781
            ],
            [
              14.3017958,
              48.2985896
            ],
            [
              14.3017108,
              48.2986146
            ],
            [
              14.301573,
              48.2986348
            ],
            [
              14.301504,
              48.2986337
            ],
            [
              14.3014305,
              48.2986252
            ],
            [
              14.3013626,
              48.2986133
            ],
            [
              14.3009788,
              48.298513
            ],
            [
              14.3001486,
              48.2982962
            ],
            [
              14.3000746,
              48.2982769
            ],
            [
              14.3000093,
              48.2982598
            ],
            [
              14.299335,
              48.2980836
            ],
            [
              14.2990002,
              48.2979962
            ],
            [
              14.2988926,
              48.2979681
            ],
            [
              14.2987858,
              48.2979402
            ],
            [
              14.2987195,
              48.2979228
            ],
            [
              14.2985932,
              48.2978898
            ],
            [
              14.2984711,
              48.2978586
            ],
            [
              14.2984325,
              48.2978488
            ],
            [
              14.2981039,
              48.2977646
            ],
            [
              14.297683,
              48.2976569
            ],
            [
              14.2974716,
              48.2976028
            ],
            [
              14.2971059,
              48.2975092
            ],
            [
              14.297062,
              48.2974979
            ],
            [
              14.2970003,
              48.2974822
            ],
            [
              14.2969289,
              48.2974639
            ],
            [
              14.296855,
              48.297445
            ],
            [
              14.2962408,
              48.2972865
            ],
            [
              14.2957777,
              48.2971692
            ],
            [
              14.2957348,
              48.2971581
            ],
            [
              14.2956474,
              48.2971354
            ],
            [
              14.2955361,
              48.2971066
            ],
            [
              14.2955084,
              48.2970994
            ],
            [
              14.2950259,
              48.2969729
            ],
            [
              14.2941672,
              48.2967491
            ],
            [
              14.2940983,
              48.296731
            ],
            [
              14.2940272,
              48.2967124
            ],
            [
              14.2932473,
              48.296507
            ],
            [
              14.2921703,
              48.2962238
            ],
            [
              14.2921303,
              48.2962133
            ],
            [
              14.2920071,
              48.2961809
            ],
            [
              14.2919868,
              48.2961756
            ],
            [
              14.2919618,
              48.2961691
            ],
            [
              14.291855,
              48.296141
            ],
            [
              14.2917955,
              48.2961261
            ],
            [
              14.2917472,
              48.2961139
            ],
            [
              14.291412,
              48.2960289
            ],
            [
              14.2911901,
              48.2959736
            ],
            [
              14.2910896,
              48.2959485
            ],
            [
              14.2902728,
              48.2957387
            ],
            [
              14.2902298,
              48.2957277
            ],
            [
              14.2901538,
              48.2956882
            ],
            [
              14.2900831,
              48.295632
            ],
            [
              14.2900948,
              48.295574
            ],
            [
              14.2901238,
              48.2955229
            ],
            [
              14.2901394,
              48.2955041
            ],
            [
              14.2903884,
              48.2952025
            ],
            [
              14.2904539,
              48.295131
            ],
            [
              14.2906011,
              48.2949808
            ],
            [
              14.2907651,
              48.294802
            ],
            [
              14.290948,
              48.2946109
            ],
            [
              14.2909999,
              48.2945567
            ],
            [
              14.2916649,
              48.2938507
            ],
            [
              14.2919818,
              48.2935156
            ],
            [
              14.2920412,
              48.293457
            ],
            [
              14.2921216,
              48.2933496
            ],
            [
              14.2920222,
              48.2932314
            ],
            [
              14.2919681,
              48.293167
            ],
            [
              14.2916737,
              48.292817
            ],
            [
              14.2913042,
              48.2923777
            ],
            [
              14.291022,
              48.2920416
            ],
            [
              14.2909653,
              48.2919717
            ],
            [
              14.290963,
              48.2919594
            ],
            [
              14.2909639,
              48.2919481
            ],
            [
              14.2909689,
              48.2919291
            ],
            [
              14.2909863,
              48.2918814
            ],
            [
              14.2909871,
              48.2918616
            ],
            [
              14.2909872,
              48.2918409
            ],
            [
              14.2909659,
              48.2918075
            ],
            [
              14.2905788,
              48.2913499
            ],
            [
              14.2904739,
              48.2912259
            ],
            [
              14.2901896,
              48.2908899
            ],
            [
              14.2901344,
              48.290832
            ],
            [
              14.290076,
              48.2907847
            ],
            [
              14.2900077,
              48.2907428
            ],
            [
              14.2899265,
              48.2907013
            ],
            [
              14.2897448,
              48.2906272
            ],
            [
              14.2897091,
              48.2906224
            ],
            [
              14.2895209,
              48.2906481
            ],
            [
              14.2893375,
              48.2906029
            ],
            [
              14.2892542,
              48.2905863
            ],
            [
              14.289157,
              48.2905673
            ],
            [
              14.2890849,
              48.2905398
            ],
            [
              14.2888147,
              48.2904369
            ],
            [
              14.2882996,
              48.2902419
            ],
            [
              14.2881649,
              48.2901643
            ],
            [
              14.2880855,
              48.2901073
            ],
            [
              14.2880431,
              48.2900765
            ],
            [
              14.2879571,
              48.2900101
            ],
            [
              14.2879226,
              48.2899829
            ],
            [
              14.2878535,
              48.2899141
            ],
            [
              14.2877862,
              48.2898483
            ],
            [
              14.2877742,
              48.2898288
            ],
            [
              14.2877348,
              48.2897604
            ],
            [
              14.2876971,
              48.2896823
            ],
            [
              14.287657,
              48.2895813
            ],
            [
              14.2876389,
              48.2894921
            ],
            [
              14.2876373,
              48.2894265
            ],
            [
              14.2876366,
              48.2894003
            ],
            [
              14.2874856,
              48.289394
            ],
            [
              14.2874584,
              48.2893947
            ],
            [
              14.287396,
              48.2893963
            ],
            [
              14.287342,
              48.2893977
            ],
            [
              14.2871788,
              48.2894455
            ],
            [
              14.286668,
              48.2896123
            ],
            [
              14.2863796,
              48.2897059
            ],
            [
              14.286271,
              48.2897411
            ],
            [
              14.2860453,
              48.2898094
            ],
            [
              14.2858185,
              48.2898666
            ],
            [
              14.2848096,
              48.2900553
            ],
            [
              14.284565,
              48.2900985
            ],
            [
              14.2836707,
              48.2902635
            ],
            [
              14.2832032,
              48.2903495
            ],
            [
              14.2831522,
              48.2903589
            ],
            [
              14.2830731,
              48.2903735
            ],
            [
              14.2829477,
              48.290395
            ],
            [
              14.2827944,
              48.2904168
            ],
            [
              14.2826658,
              48.2904303
            ],
            [
              14.2825439,
              48.2904377
            ],
            [
              14.2823595,
              48.2904419
            ],
            [
              14.282283,
              48.2904408
            ],
            [
              14.282185,
              48.2904394
            ],
            [
              14.2821209,
              48.2904362
            ],
            [
              14.2815861,
              48.2904099
            ],
            [
              14.2810667,
              48.2903844
            ],
            [
              14.2809341,
              48.2903779
            ],
            [
              14.2808525,
              48.2903739
            ],
            [
              14.2804054,
              48.2903519
            ],
            [
              14.2803865,
              48.290351
            ],
            [
              14.2801999,
              48.2903419
            ],
            [
              14.2800683,
              48.2903354
            ],
            [
              14.2799571,
              48.2903299
            ],
            [
              14.2797103,
              48.2903202
            ],
            [
              14.2796822,
              48.2903191
            ],
            [
              14.2795117,
              48.2903325
            ],
            [
              14.2793672,
              48.2903525
            ],
            [
              14.2790527,
              48.2903961
            ],
            [
              14.2789992,
              48.2904035
            ],
            [
              14.2786011,
              48.2904586
            ],
            [
              14.2783267,
              48.2904965
            ],
            [
              14.2778407,
              48.2905638
            ],
            [
              14.2771983,
              48.2906527
            ],
            [
              14.2762817,
              48.2907796
            ],
            [
              14.2762156,
              48.2907891
            ],
            [
              14.2760332,
              48.2908154
            ],
            [
              14.2759563,
              48.2908246
            ],
            [
              14.2758914,
              48.2908336
            ],
            [
              14.2758733,
              48.2908361
            ],
            [
              14.2758271,
              48.2908423
            ],
            [
              14.2755141,
              48.2908842
            ],
            [
              14.2753153,
              48.290917
            ],
            [
              14.2752438,
              48.2909329
            ],
            [
              14.2751102,
              48.2909626
            ],
            [
              14.2749203,
              48.2910058
            ],
            [
              14.2747991,
              48.2910352
            ],
            [
              14.2746654,
              48.2910748
            ],
            [
              14.2744631,
              48.2911416
            ],
            [
              14.274298,
              48.2911976
            ],
            [
              14.2741743,
              48.2912445
            ],
            [
              14.2740493,
              48.291294
            ],
            [
              14.2738606,
              48.2913705
            ],
            [
              14.2737409,
              48.291419
            ],
            [
              14.2736734,
              48.2914463
            ],
            [
              14.2734796,
              48.2915248
            ],
            [
              14.2733931,
              48.2915599
            ],
            [
              14.2727128,
              48.2918355
            ],
            [
              14.2726202,
              48.2918716
            ],
            [
              14.2723473,
              48.2919781
            ],
            [
              14.2721545,
              48.2920505
            ],
            [
              14.2717561,
              48.2922063
            ],
            [
              14.2715099,
              48.2923048
            ],
            [
              14.2713754,
              48.2923495
            ],
            [
              14.2712492,
              48.2923858
            ],
            [
              14.2711279,
              48.2924188
            ],
            [
              14.2710246,
              48.2924436
            ],
            [
              14.2709428,
              48.2924629
            ],
            [
              14.2707286,
              48.2925007
            ],
            [
              14.270532,
              48.2925284
            ],
            [
              14.2704108,
              48.2925411
            ],
            [
              14.2703129,
              48.2925481
            ],
            [
              14.2702729,
              48.2925509
            ],
            [
              14.2701266,
              48.2925609
            ],
            [
              14.270071,
              48.2924591
            ],
            [
              14.2698915,
              48.2921784
            ],
            [
              14.2698242,
              48.2920849
            ],
            [
              14.2697642,
              48.2920073
            ],
            [
              14.2695652,
              48.2917896
            ],
            [
              14.2694659,
              48.2916866
            ],
            [
              14.2694237,
              48.2916429
            ],
            [
              14.2693885,
              48.2916091
            ],
            [
              14.2693115,
              48.2915375
            ],
            [
              14.2691889,
              48.29142
            ],
            [
              14.2690559,
              48.2913051
            ],
            [
              14.2689396,
              48.2912172
            ],
            [
              14.2687638,
              48.2910912
            ],
            [
              14.2687099,
              48.2910525
            ],
            [
              14.2686022,
              48.2909794
            ],
            [
              14.2684959,
              48.2909127
            ],
            [
              14.268315,
              48.2908244
            ],
            [
              14.2682281,
              48.2907925
            ],
            [
              14.2680649,
              48.2907314
            ],
            [
              14.2679185,
              48.2906887
            ],
            [
              14.2678749,
              48.2906783
            ],
            [
              14.2678429,
              48.2906707
            ],
            [
              14.2678046,
              48.2906615
            ],
            [
              14.2676516,
              48.290625
            ],
            [
              14.2674139,
              48.2905712
            ],
            [
              14.2671744,
              48.29051
            ],
            [
              14.2671322,
              48.2904991
            ],
            [
              14.2669889,
              48.2904596
            ],
            [
              14.2669173,
              48.2904394
            ],
            [
              14.2666993,
              48.2903681
            ],
            [
              14.2664514,
              48.2902826
            ],
            [
              14.2662382,
              48.2901969
            ],
            [
              14.2660344,
              48.2901067
            ],
            [
              14.2659157,
              48.2900498
            ],
            [
              14.2650764,
              48.2896462
            ],
            [
              14.2649349,
              48.2895782
            ],
            [
              14.2647562,
              48.2894923
            ],
            [
              14.2640973,
              48.2891755
            ],
            [
              14.2640639,
              48.2891594
            ],
            [
              14.2638253,
              48.2890547
            ],
            [
              14.263702,
              48.2890147
            ],
            [
              14.2635609,
              48.2889882
            ],
            [
              14.2634174,
              48.288979
            ],
            [
              14.2632729,
              48.2889881
            ],
            [
              14.2631497,
              48.288999
            ],
            [
              14.2622826,
              48.2891161
            ],
            [
              14.2620552,
              48.2891484
            ],
            [
              14.2619253,
              48.2891673
            ],
            [
              14.2617929,
              48.2891865
            ],
            [
              14.261683,
              48.2892045
            ],
            [
              14.2615708,
              48.2892265
            ],
            [
              14.261461,
              48.2892506
            ],
            [
              14.2613425,
              48.2892818
            ],
            [
              14.2612371,
              48.2893157
            ],
            [
              14.2611267,
              48.2893627
            ],
            [
              14.2608303,
              48.2894796
            ],
            [
              14.2607059,
              48.2895297
            ],
            [
              14.2605628,
              48.2895798
            ],
            [
              14.2604378,
              48.2896117
            ],
            [
              14.2603027,
              48.2896392
            ],
            [
              14.2601444,
              48.2896576
            ],
            [
              14.2599759,
              48.2896617
            ],
            [
              14.2597885,
              48.2896569
            ],
            [
              14.2595789,
              48.2896356
            ],
            [
              14.2593685,
              48.2896032
            ],
            [
              14.2591918,
              48.2895554
            ],
            [
              14.2590759,
              48.2895216
            ],
            [
              14.2588936,
              48.2894567
            ],
            [
              14.2587278,
              48.2893958
            ],
            [
              14.2586209,
              48.2893476
            ],
            [
              14.2585398,
              48.2892991
            ],
            [
              14.2584814,
              48.2892515
            ],
            [
              14.2584444,
              48.2892117
            ],
            [
              14.2583982,
              48.2891547
            ],
            [
              14.2583658,
              48.2890863
            ],
            [
              14.2583497,
              48.2890247
            ],
            [
              14.2582886,
              48.2883665
            ],
            [
              14.2582759,
              48.2882864
            ],
            [
              14.2582573,
              48.2882199
            ],
            [
              14.2582336,
              48.2881586
            ],
            [
              14.2581995,
              48.2881036
            ],
            [
              14.2581561,
              48.2880479
            ],
            [
              14.2580907,
              48.2879893
            ],
            [
              14.2580166,
              48.2879377
            ],
            [
              14.2579057,
              48.2878777
            ],
            [
              14.2577646,
              48.287822
            ],
            [
              14.2564723,
              48.2873896
            ],
            [
              14.2560918,
              48.2872623
            ],
            [
              14.2555948,
              48.2870733
            ],
            [
              14.2553789,
              48.2869632
            ],
            [
              14.2552543,
              48.2868858
            ],
            [
              14.2552003,
              48.286846
            ],
            [
              14.255134,
              48.2867971
            ],
            [
              14.2549336,
              48.2866144
            ],
            [
              14.2547629,
              48.2864586
            ],
            [
              14.2545932,
              48.2863068
            ],
            [
              14.2543843,
              48.2861201
            ],
            [
              14.2543114,
              48.2860549
            ],
            [
              14.2543414,
              48.286032
            ],
            [
              14.2543607,
              48.2860048
            ],
            [
              14.2543681,
              48.2859757
            ],
            [
              14.2543652,
              48.2859509
            ],
            [
              14.2543529,
              48.2859257
            ],
            [
              14.254335,
              48.2859058
            ],
            [
              14.2543082,
              48.2858872
            ],
            [
              14.2542721,
              48.2858721
            ],
            [
              14.2542276,
              48.2858632
            ],
            [
              14.254184,
              48.2858627
            ],
            [
              14.2541333,
              48.2858722
            ],
            [
              14.2540991,
              48.2858864
            ],
            [
              14.2540194,
              48.2858243
            ],
            [
              14.2539112,
              48.28574
            ],
            [
              14.2538098,
              48.2856453
            ],
            [
              14.2537057,
              48.2855368
            ],
            [
              14.2534316,
              48.2852928
            ],
            [
              14.2526249,
              48.2845823
            ],
            [
              14.2525467,
              48.2844968
            ],
            [
              14.2524533,
              48.2843774
            ],
            [
              14.2524049,
              48.2843156
            ],
            [
              14.2523899,
              48.2842964
            ],
            [
              14.2521305,
              48.283955
            ],
            [
              14.2519874,
              48.2837816
            ],
            [
              14.2518561,
              48.2836465
            ],
            [
              14.2517014,
              48.2835071
            ],
            [
              14.2514321,
              48.2832651
            ],
            [
              14.2513798,
              48.2832182
            ],
            [
              14.2512061,
              48.2830622
            ],
            [
              14.2509886,
              48.2828665
            ],
            [
              14.2509497,
              48.2828315
            ],
            [
              14.2507875,
              48.2826856
            ],
            [
              14.2507415,
              48.2826443
            ],
            [
              14.250513,
              48.2824387
            ],
            [
              14.2504837,
              48.2824123
            ],
            [
              14.2504706,
              48.2824006
            ],
            [
              14.2502827,
              48.2822317
            ],
            [
              14.2502689,
              48.2822186
            ],
            [
              14.2501307,
              48.2820886
            ],
            [
              14.2500187,
              48.2819833
            ],
            [
              14.2498769,
              48.2818624
            ],
            [
              14.249847,
              48.281837
            ],
            [
              14.2497477,
              48.2817593
            ],
            [
              14.2497229,
              48.281743
            ],
            [
              14.249451,
              48.281564
            ],
            [
              14.2493744,
              48.2815136
            ],
            [
              14.2492375,
              48.2814165
            ],
            [
              14.2491379,
              48.2813287
            ],
            [
              14.2490514,
              48.2812412
            ],
            [
              14.2489857,
              48.2811589
            ],
            [
              14.2488707,
              48.2809836
            ],
            [
              14.2488396,
              48.2809347
            ],
            [
              14.2487297,
              48.2807619
            ],
            [
              14.2487197,
              48.2807463
            ],
            [
              14.2487073,
              48.2807267
            ],
            [
              14.2486605,
              48.2806531
            ],
            [
              14.2484005,
              48.2802446
            ],
            [
              14.2483592,
              48.2801975
            ],
            [
              14.2482781,
              48.2801178
            ],
            [
              14.2481622,
              48.2800429
            ],
            [
              14.248094,
              48.2800168
            ],
            [
              14.247928,
              48.2799578
            ],
            [
              14.2477461,
              48.2798943
            ],
            [
              14.2476476,
              48.2798583
            ],
            [
              14.2474611,
              48.2797928
            ],
            [
              14.2472111,
              48.2797019
            ],
            [
              14.2468449,
              48.2795542
            ],
            [
              14.2466414,
              48.2794604
            ],
            [
              14.2462264,
              48.2792564
            ],
            [
              14.2461572,
              48.2792195
            ],
            [
              14.2458093,
              48.2790344
            ],
            [
              14.2457131,
              48.2789779
            ],
            [
              14.2455563,
              48.2788858
            ],
            [
              14.2454549,
              48.2788262
            ],
            [
              14.2453467,
              48.2787626
            ],
            [
              14.2454273,
              48.278633
            ],
            [
              14.2454575,
              48.2785905
            ],
            [
              14.2455115,
              48.2785146
            ],
            [
              14.2455558,
              48.2784577
            ],
            [
              14.2456394,
              48.2783571
            ],
            [
              14.2457315,
              48.2782471
            ],
            [
              14.2458727,
              48.2780867
            ],
            [
              14.2459783,
              48.2779943
            ],
            [
              14.2460264,
              48.2779551
            ],
            [
              14.2460392,
              48.2779447
            ],
            [
              14.2460869,
              48.2779057
            ],
            [
              14.246241,
              48.2777975
            ],
            [
              14.2463512,
              48.2777346
            ],
            [
              14.2464238,
              48.2776995
            ],
            [
              14.2464786,
              48.2776729
            ],
            [
              14.246496,
              48.2776651
            ],
            [
              14.2468203,
              48.2775186
            ],
            [
              14.2468671,
              48.2774974
            ],
            [
              14.2468926,
              48.2774853
            ],
            [
              14.2470506,
              48.2774146
            ],
            [
              14.2473159,
              48.2772947
            ],
            [
              14.2476536,
              48.2771422
            ],
            [
              14.2477368,
              48.2771118
            ],
            [
              14.2478312,
              48.2770828
            ],
            [
              14.2479075,
              48.2770656
            ],
            [
              14.247996,
              48.2770521
            ],
            [
              14.2480984,
              48.2770467
            ],
            [
              14.2482344,
              48.2770474
            ],
            [
              14.2483608,
              48.2770539
            ],
            [
              14.2484784,
              48.2770547
            ],
            [
              14.2485334,
              48.277052
            ],
            [
              14.2486262,
              48.277045
            ],
            [
              14.2487299,
              48.2770294
            ],
            [
              14.2488201,
              48.2770083
            ],
            [
              14.2488707,
              48.2769932
            ],
            [
              14.2489117,
              48.276981
            ],
            [
              14.2490696,
              48.2769299
            ],
            [
              14.2492073,
              48.2768854
            ],
            [
              14.2492932,
              48.2768562
            ],
            [
              14.2494641,
              48.2767999
            ],
            [
              14.2498359,
              48.2766899
            ],
            [
              14.2499936,
              48.2766433
            ],
            [
              14.2500186,
              48.2766359
            ],
            [
              14.2503488,
              48.2765382
            ],
            [
              14.2504631,
              48.2765027
            ],
            [
              14.2506148,
              48.2764502
            ],
            [
              14.2507275,
              48.2764021
            ],
            [
              14.2508629,
              48.2763313
            ],
            [
              14.2510598,
              48.2762111
            ],
            [
              14.2511751,
              48.2761407
            ],
            [
              14.2513418,
              48.276039
            ],
            [
              14.2516661,
              48.275841
            ],
            [
              14.2519114,
              48.2756944
            ],
            [
              14.2521415,
              48.2755778
            ],
            [
              14.2524279,
              48.2754621
            ],
            [
              14.2526224,
              48.2753927
            ],
            [
              14.2527871,
              48.2753379
            ],
            [
              14.2529277,
              48.2753008
            ],
            [
              14.2530753,
              48.2752691
            ],
            [
              14.2532842,
              48.2752236
            ],
            [
              14.2534271,
              48.2751977
            ],
            [
              14.2536171,
              48.2751664
            ],
            [
              14.253657,
              48.2751598
            ],
            [
              14.2541196,
              48.2750835
            ],
            [
              14.2543947,
              48.2750359
            ],
            [
              14.2546549,
              48.2749795
            ],
            [
              14.2552336,
              48.2748054
            ],
            [
              14.255424,
              48.2747394
            ],
            [
              14.2558016,
              48.2745858
            ],
            [
              14.2560033,
              48.2744937
            ],
            [
              14.2562781,
              48.2743403
            ],
            [
              14.2564871,
              48.2742062
            ],
            [
              14.2567049,
              48.2740501
            ],
            [
              14.2568917,
              48.273886
            ],
            [
              14.2570927,
              48.2736885
            ],
            [
              14.2571454,
              48.2736335
            ],
            [
              14.2571645,
              48.2736136
            ]
          ],
          [
            [
              14.2574051,
              48.2735388
            ],
            [
              14.2573839,
              48.2735709
            ],
            [
              14.2573369,
              48.2736036
            ],
            [
              14.2572848,
              48.27362
            ],
            [
              14.2572203,
              48.2736238
            ],
            [
              14.2571645,
              48.2736136
            ],
            [
              14.2571267,
              48.2735976
            ],
            [
              14.2570961,
              48.2735754
            ],
            [
              14.2570764,
              48.2735509
            ],
            [
              14.2570647,
              48.2735132
            ],
            [
              14.2570704,
              48.2734795
            ],
            [
              14.2570858,
              48.273454
            ],
            [
              14.2571231,
              48.2734228
            ],
            [
              14.2571746,
              48.2734018
            ],
            [
              14.2572332,
              48.2733939
            ],
            [
              14.2573051,
              48.273403
            ],
            [
              14.2573532,
              48.2734232
            ],
            [
              14.2573938,
              48.2734592
            ],
            [
              14.2574097,
              48.2734957
            ],
            [
              14.2574051,
              48.2735388
            ]
          ],
          [
            [
              14.2568761,
              48.2679478
            ],
            [
              14.2568528,
              48.2679836
            ],
            [
              14.2568182,
              48.2680368
            ],
            [
              14.2567723,
              48.2681074
            ],
            [
              14.2567372,
              48.2681682
            ],
            [
              14.2566975,
              48.2682416
            ],
            [
              14.2566555,
              48.2683288
            ],
            [
              14.2566067,
              48.2684615
            ],
            [
              14.2565567,
              48.2686206
            ],
            [
              14.2564453,
              48.2691395
            ],
            [
              14.256357,
              48.2695809
            ],
            [
              14.2563251,
              48.2698139
            ],
            [
              14.2563185,
              48.2700141
            ],
            [
              14.2563244,
              48.2700911
            ],
            [
              14.2563375,
              48.2702335
            ],
            [
              14.2563686,
              48.2703656
            ],
            [
              14.2564055,
              48.2704779
            ],
            [
              14.256443,
              48.2705641
            ],
            [
              14.2564819,
              48.2706469
            ],
            [
              14.2565659,
              48.2707856
            ],
            [
              14.2566851,
              48.2709424
            ],
            [
              14.2567969,
              48.2710663
            ],
            [
              14.257073,
              48.2713803
            ],
            [
              14.257236,
              48.2715835
            ],
            [
              14.2572984,
              48.271677
            ],
            [
              14.2573626,
              48.2717901
            ],
            [
              14.2574108,
              48.2718845
            ],
            [
              14.2574571,
              48.2719909
            ],
            [
              14.2574892,
              48.272092
            ],
            [
              14.2575155,
              48.2721893
            ],
            [
              14.2575372,
              48.2722797
            ],
            [
              14.2575513,
              48.272385
            ],
            [
              14.2575589,
              48.2724698
            ],
            [
              14.2575599,
              48.2725679
            ],
            [
              14.2575545,
              48.2726739
            ],
            [
              14.2575362,
              48.2728165
            ],
            [
              14.2575172,
              48.2729069
            ],
            [
              14.2574824,
              48.273037
            ],
            [
              14.2573751,
              48.2732801
            ],
            [
              14.2573562,
              48.273323
            ],
            [
              14.2573187,
              48.2733817
            ],
            [
              14.2573051,
              48.273403
            ]
          ],
          [
            [
              14.2568096,
              48.2677794
            ],
            [
              14.2568516,
              48.267747
            ],
            [
              14.2569247,
              48.267723
            ],
            [
              14.2569889,
              48.2677205
            ],
            [
              14.2570479,
              48.2677321
            ],
            [
              14.2571162,
              48.2677704
            ],
            [
              14.2571414,
              48.2678033
            ],
            [
              14.2571508,
              48.2678402
            ],
            [
              14.2571448,
              48.2678726
            ],
            [
              14.2571246,
              48.2679047
            ],
            [
              14.2570922,
              48.2679313
            ],
            [
              14.2570459,
              48.2679522
            ],
            [
              14.2569853,
              48.2679633
            ],
            [
              14.2569288,
              48.2679612
            ],
            [
              14.2568761,
              48.2679478
            ],
            [
              14.2568356,
              48.2679268
            ],
            [
              14.2567993,
              48.2678908
            ],
            [
              14.2567841,
              48.2678482
            ],
            [
              14.2567895,
              48.2678117
            ],
            [
              14.2568096,
              48.2677794
            ]
          ],
          [
            [
              14.2576984,
              48.2645586
            ],
            [
              14.2576651,
              48.264551
            ],
            [
              14.2576304,
              48.2645359
            ],
            [
              14.2576008,
              48.2645132
            ],
            [
              14.2575847,
              48.264491
            ],
            [
              14.2575765,
              48.2644647
            ],
            [
              14.2575784,
              48.2644396
            ],
            [
              14.2576007,
              48.2644011
            ],
            [
              14.2576351,
              48.2643757
            ],
            [
              14.2576764,
              48.26436
            ],
            [
              14.2577271,
              48.2643532
            ],
            [
              14.2577786,
              48.2643578
            ],
            [
              14.257825,
              48.2643733
            ],
            [
              14.2578623,
              48.2643994
            ],
            [
              14.2578808,
              48.2644246
            ],
            [
              14.2578886,
              48.2644563
            ],
            [
              14.2578824,
              48.2644862
            ],
            [
              14.2578687,
              48.2645079
            ],
            [
              14.257846,
              48.2645285
            ],
            [
              14.2578139,
              48.2645458
            ],
            [
              14.2577627,
              48.2645591
            ],
            [
              14.2576984,
              48.2645586
            ],
            [
              14.2576718,
              48.2646161
            ],
            [
              14.2576625,
              48.2646361
            ],
            [
              14.2575127,
              48.2649652
            ],
            [
              14.2573547,
              48.2652867
            ],
            [
              14.2573348,
              48.2653287
            ],
            [
              14.257259,
              48.2655142
            ],
            [
              14.2570884,
              48.2659953
            ],
            [
              14.2570057,
              48.2662758
            ],
            [
              14.2568804,
              48.2667094
            ],
            [
              14.2568173,
              48.2669538
            ],
            [
              14.2567651,
              48.2671851
            ],
            [
              14.2567133,
              48.2674268
            ],
            [
              14.2566877,
              48.2675815
            ],
            [
              14.2566833,
              48.2676211
            ],
            [
              14.2566953,
              48.2676953
            ],
            [
              14.2567221,
              48.2677338
            ],
            [
              14.2567623,
              48.2677597
            ],
            [
              14.2568096,
              48.2677794
            ]
          ],
          [
            [
              14.3785434,
              48.2413207
            ],
            [
              14.3786262,
              48.2413646
            ],
            [
              14.3786462,
              48.2413889
            ],
            [
              14.3786771,
              48.2414412
            ],
            [
              14.3786931,
              48.2414826
            ],
            [
              14.3787036,
              48.2415199
            ],
            [
              14.3786946,
              48.2415536
            ],
            [
              14.3786777,
              48.2415826
            ],
            [
              14.3786408,
              48.2416198
            ],
            [
              14.3786006,
              48.2416604
            ],
            [
              14.3784727,
              48.2416157
            ],
            [
              14.3783566,
              48.2415869
            ],
            [
              14.378199,
              48.2415611
            ],
            [
              14.3780143,
              48.2415368
            ],
            [
              14.3761089,
              48.2412992
            ],
            [
              14.3758849,
              48.2412561
            ],
            [
              14.3756977,
              48.2411969
            ],
            [
              14.3755483,
              48.2411345
            ],
            [
              14.3754438,
              48.2410707
            ],
            [
              14.3751984,
              48.2412301
            ],
            [
              14.3750956,
              48.2412899
            ],
            [
              14.3749763,
              48.2413412
            ],
            [
              14.3748465,
              48.2413729
            ],
            [
              14.3746861,
              48.2413792
            ],
            [
              14.3745121,
              48.2413711
            ],
            [
              14.3740213,
              48.2413058
            ],
            [
              14.3739632,
              48.2412981
            ],
            [
              14.3738651,
              48.2412909
            ],
            [
              14.3738185,
              48.2412956
            ],
            [
              14.37376,
              48.2413212
            ],
            [
              14.3737176,
              48.241357
            ],
            [
              14.373679,
              48.241416
            ],
            [
              14.3736564,
              48.2414746
            ],
            [
              14.3736472,
              48.241505
            ],
            [
              14.3736308,
              48.2415903
            ],
            [
              14.3736068,
              48.2417178
            ],
            [
              14.3735955,
              48.2417629
            ],
            [
              14.3735737,
              48.241808
            ],
            [
              14.3735458,
              48.2418343
            ],
            [
              14.3734982,
              48.2418602
            ],
            [
              14.373441,
              48.2418789
            ],
            [
              14.3733582,
              48.2418909
            ],
            [
              14.3732243,
              48.2418951
            ],
            [
              14.3730654,
              48.241893
            ],
            [
              14.3728274,
              48.2418768
            ],
            [
              14.372692,
              48.2418626
            ],
            [
              14.3724697,
              48.2418394
            ],
            [
              14.372223,
              48.2418136
            ],
            [
              14.3714646,
              48.2417343
            ],
            [
              14.3714177,
              48.2417294
            ],
            [
              14.3712767,
              48.2417102
            ],
            [
              14.3712512,
              48.2417044
            ],
            [
              14.3711231,
              48.2416752
            ],
            [
              14.3711025,
              48.2416705
            ],
            [
              14.3709533,
              48.2416224
            ],
            [
              14.3706676,
              48.2415056
            ],
            [
              14.3706072,
              48.2414872
            ],
            [
              14.3705559,
              48.2414789
            ],
            [
              14.370494,
              48.241484
            ],
            [
              14.3704283,
              48.2415008
            ],
            [
              14.3703588,
              48.2415353
            ],
            [
              14.3703425,
              48.2415434
            ],
            [
              14.3702671,
              48.2415732
            ],
            [
              14.3703032,
              48.2416207
            ],
            [
              14.3703339,
              48.2416705
            ],
            [
              14.3703523,
              48.2417149
            ],
            [
              14.3702802,
              48.2417369
            ],
            [
              14.3702173,
              48.2417457
            ],
            [
              14.3700098,
              48.2417337
            ],
            [
              14.369958,
              48.2417201
            ],
            [
              14.3699273,
              48.2417394
            ],
            [
              14.3698133,
              48.2418111
            ],
            [
              14.3697462,
              48.2418557
            ],
            [
              14.3695044,
              48.242039
            ],
            [
              14.3693932,
              48.2421259
            ],
            [
              14.3693299,
              48.2421711
            ],
            [
              14.3691184,
              48.2422848
            ],
            [
              14.3685361,
              48.2425977
            ],
            [
              14.3684707,
              48.2426353
            ],
            [
              14.3682214,
              48.2427788
            ],
            [
              14.3681556,
              48.2428177
            ],
            [
              14.367957,
              48.2429354
            ],
            [
              14.3679121,
              48.2429619
            ],
            [
              14.3673897,
              48.2432713
            ],
            [
              14.3672968,
              48.2433317
            ],
            [
              14.3671973,
              48.2433963
            ],
            [
              14.3671432,
              48.2434273
            ],
            [
              14.367092,
              48.2434465
            ],
            [
              14.3672204,
              48.2434739
            ],
            [
              14.3672961,
              48.2434901
            ],
            [
              14.3674322,
              48.2435195
            ],
            [
              14.3675865,
              48.2435529
            ],
            [
              14.3676887,
              48.2435845
            ],
            [
              14.3677613,
              48.243607
            ],
            [
              14.3677958,
              48.2436197
            ],
            [
              14.367899,
              48.2436576
            ],
            [
              14.3679479,
              48.2436756
            ],
            [
              14.3685091,
              48.2438943
            ],
            [
              14.368538,
              48.2439055
            ],
            [
              14.3687771,
              48.2440058
            ],
            [
              14.368936,
              48.244085
            ],
            [
              14.3690749,
              48.2441668
            ],
            [
              14.369122,
              48.2441968
            ],
            [
              14.3692182,
              48.2442593
            ],
            [
              14.369353,
              48.2443575
            ],
            [
              14.3693705,
              48.2443711
            ],
            [
              14.3694806,
              48.2444565
            ],
            [
              14.3695863,
              48.2445554
            ],
            [
              14.3696845,
              48.2446557
            ],
            [
              14.3697203,
              48.2446921
            ],
            [
              14.3697781,
              48.2447651
            ],
            [
              14.3698805,
              48.2449213
            ],
            [
              14.3699569,
              48.2450601
            ],
            [
              14.370033,
              48.245252
            ],
            [
              14.3701394,
              48.2455558
            ],
            [
              14.3703744,
              48.2462271
            ],
            [
              14.3704539,
              48.246441
            ],
            [
              14.3705068,
              48.2465824
            ],
            [
              14.3705184,
              48.2466067
            ],
            [
              14.3705376,
              48.2466468
            ],
            [
              14.3705636,
              48.246701
            ],
            [
              14.3706002,
              48.2467777
            ],
            [
              14.3706281,
              48.2468393
            ],
            [
              14.3706672,
              48.2468949
            ],
            [
              14.370715,
              48.2469488
            ],
            [
              14.3707602,
              48.2470069
            ],
            [
              14.3707844,
              48.2470545
            ],
            [
              14.370804,
              48.2471092
            ],
            [
              14.3708128,
              48.2471733
            ],
            [
              14.3708095,
              48.2472374
            ],
            [
              14.3707953,
              48.2473101
            ],
            [
              14.3707893,
              48.2473529
            ],
            [
              14.3707869,
              48.2473701
            ],
            [
              14.370791,
              48.2474255
            ],
            [
              14.370807,
              48.247486
            ],
            [
              14.3708613,
              48.247669
            ],
            [
              14.3708752,
              48.2477161
            ],
            [
              14.3708825,
              48.2477407
            ],
            [
              14.3709369,
              48.2479244
            ],
            [
              14.3709426,
              48.2479599
            ],
            [
              14.370941,
              48.2479792
            ],
            [
              14.3709405,
              48.2479855
            ],
            [
              14.3709279,
              48.2480129
            ],
            [
              14.370884,
              48.2480363
            ],
            [
              14.3708101,
              48.2480573
            ],
            [
              14.3707905,
              48.2480614
            ],
            [
              14.3706873,
              48.248083
            ],
            [
              14.3704327,
              48.2481324
            ],
            [
              14.3703641,
              48.2481457
            ],
            [
              14.3701763,
              48.2481822
            ],
            [
              14.3700033,
              48.2482158
            ],
            [
              14.3699767,
              48.2482209
            ],
            [
              14.3697603,
              48.2482629
            ],
            [
              14.3695762,
              48.2482987
            ],
            [
              14.3694834,
              48.2483167
            ],
            [
              14.369362,
              48.2483402
            ],
            [
              14.369132,
              48.2483849
            ],
            [
              14.3690366,
              48.2484074
            ],
            [
              14.3687971,
              48.248464
            ],
            [
              14.3687189,
              48.2484824
            ],
            [
              14.368268,
              48.2485889
            ],
            [
              14.368208,
              48.248603
            ],
            [
              14.3678961,
              48.2486767
            ],
            [
              14.3678043,
              48.2486983
            ],
            [
              14.3676247,
              48.2487407
            ],
            [
              14.3675161,
              48.2487664
            ],
            [
              14.3672372,
              48.2488322
            ],
            [
              14.3671598,
              48.2488505
            ],
            [
              14.3668249,
              48.2489295
            ],
            [
              14.3664765,
              48.2490118
            ],
            [
              14.3663298,
              48.2490464
            ],
            [
              14.3662482,
              48.2490684
            ],
            [
              14.3661543,
              48.2490938
            ],
            [
              14.3660288,
              48.2491298
            ],
            [
              14.3659007,
              48.2491665
            ],
            [
              14.3657434,
              48.2492201
            ],
            [
              14.3657145,
              48.2492312
            ],
            [
              14.3655278,
              48.2493075
            ],
            [
              14.3654417,
              48.2493427
            ],
            [
              14.3654301,
              48.2493477
            ],
            [
              14.3652361,
              48.249431
            ],
            [
              14.3652251,
              48.2494361
            ],
            [
              14.3650679,
              48.2495091
            ],
            [
              14.3647922,
              48.2496634
            ],
            [
              14.3646988,
              48.2497157
            ],
            [
              14.3642649,
              48.2499712
            ],
            [
              14.3640286,
              48.2501104
            ],
            [
              14.3639194,
              48.2501889
            ],
            [
              14.3638074,
              48.2502779
            ],
            [
              14.3637212,
              48.2503752
            ],
            [
              14.3635976,
              48.2505415
            ],
            [
              14.3635157,
              48.2506549
            ],
            [
              14.3635009,
              48.2506755
            ],
            [
              14.3634425,
              48.2507744
            ],
            [
              14.3632981,
              48.2510245
            ],
            [
              14.3632436,
              48.2510811
            ],
            [
              14.3631884,
              48.2511262
            ],
            [
              14.3631605,
              48.251149
            ],
            [
              14.3630515,
              48.2512071
            ],
            [
              14.362949,
              48.2512506
            ],
            [
              14.3629085,
              48.2512686
            ],
            [
              14.3627505,
              48.2513238
            ],
            [
              14.3626062,
              48.2513671
            ],
            [
              14.3624088,
              48.2514125
            ],
            [
              14.3621699,
              48.2514492
            ],
            [
              14.3620361,
              48.2514616
            ],
            [
              14.3619737,
              48.2514659
            ],
            [
              14.3619455,
              48.2514679
            ],
            [
              14.3618593,
              48.2514701
            ],
            [
              14.3617532,
              48.2514683
            ],
            [
              14.3617298,
              48.2514679
            ],
            [
              14.3616151,
              48.2514567
            ],
            [
              14.3614892,
              48.2514339
            ],
            [
              14.3614521,
              48.2514229
            ],
            [
              14.3613837,
              48.2514027
            ],
            [
              14.3611111,
              48.2512813
            ],
            [
              14.36099,
              48.2512387
            ],
            [
              14.3609292,
              48.2512173
            ],
            [
              14.3607913,
              48.251186
            ],
            [
              14.3607267,
              48.2511714
            ],
            [
              14.3606215,
              48.2511527
            ],
            [
              14.3605829,
              48.2511459
            ],
            [
              14.3604383,
              48.2511297
            ],
            [
              14.3602555,
              48.25112
            ],
            [
              14.3600811,
              48.2511232
            ],
            [
              14.3599064,
              48.251142
            ],
            [
              14.3597816,
              48.2511826
            ],
            [
              14.3597682,
              48.2511869
            ],
            [
              14.3596657,
              48.25123
            ],
            [
              14.3594764,
              48.2513085
            ],
            [
              14.3593661,
              48.2513506
            ],
            [
              14.3593568,
              48.251354
            ],
            [
              14.3590847,
              48.2514532
            ],
            [
              14.3586838,
              48.2515949
            ],
            [
              14.358652,
              48.2516063
            ],
            [
              14.3585453,
              48.2516444
            ],
            [
              14.3583785,
              48.2517054
            ],
            [
              14.3583197,
              48.2517269
            ],
            [
              14.3581237,
              48.251809
            ],
            [
              14.3580482,
              48.2518479
            ],
            [
              14.3579804,
              48.2518828
            ],
            [
              14.3579459,
              48.2519006
            ],
            [
              14.3578692,
              48.2519448
            ],
            [
              14.3577157,
              48.2520333
            ],
            [
              14.3576771,
              48.2520556
            ],
            [
              14.3575806,
              48.2521159
            ],
            [
              14.3575435,
              48.2521535
            ],
            [
              14.3574784,
              48.2522089
            ],
            [
              14.3574212,
              48.2522123
            ],
            [
              14.3573564,
              48.2522151
            ],
            [
              14.3573138,
              48.2522178
            ],
            [
              14.3571941,
              48.2522371
            ],
            [
              14.3571005,
              48.2522507
            ],
            [
              14.3570618,
              48.2522563
            ],
            [
              14.356872,
              48.2522838
            ],
            [
              14.3568013,
              48.252294
            ],
            [
              14.3567706,
              48.2522985
            ],
            [
              14.3564181,
              48.2523495
            ],
            [
              14.3563659,
              48.2523598
            ],
            [
              14.3563093,
              48.2523709
            ],
            [
              14.356097,
              48.2524136
            ],
            [
              14.3558542,
              48.2524796
            ],
            [
              14.3557497,
              48.252513
            ],
            [
              14.3556768,
              48.2525363
            ],
            [
              14.3555049,
              48.2525912
            ],
            [
              14.3553692,
              48.2526346
            ],
            [
              14.3553122,
              48.2526528
            ],
            [
              14.3552193,
              48.2526739
            ],
            [
              14.3550807,
              48.2527021
            ],
            [
              14.354911,
              48.2527238
            ],
            [
              14.3547559,
              48.252735
            ],
            [
              14.3546067,
              48.2527377
            ],
            [
              14.3544549,
              48.252735
            ],
            [
              14.3542988,
              48.2527218
            ],
            [
              14.3541791,
              48.2527051
            ],
            [
              14.3541626,
              48.2527028
            ],
            [
              14.3541201,
              48.2526969
            ],
            [
              14.3539445,
              48.2526626
            ],
            [
              14.3538913,
              48.2526522
            ],
            [
              14.3534989,
              48.2525679
            ],
            [
              14.3534404,
              48.2525553
            ],
            [
              14.3529424,
              48.2524483
            ],
            [
              14.3528486,
              48.2524282
            ],
            [
              14.3526755,
              48.2523979
            ],
            [
              14.3526104,
              48.2523916
            ],
            [
              14.3525333,
              48.2523842
            ],
            [
              14.3523787,
              48.2523811
            ],
            [
              14.3522373,
              48.2523832
            ],
            [
              14.352041,
              48.2523862
            ],
            [
              14.3515121,
              48.2524146
            ],
            [
              14.3514682,
              48.2524143
            ],
            [
              14.3514039,
              48.2524139
            ],
            [
              14.3508828,
              48.2523889
            ],
            [
              14.3503527,
              48.2523842
            ],
            [
              14.3501372,
              48.2523897
            ],
            [
              14.3499364,
              48.2524038
            ],
            [
              14.3496315,
              48.2524277
            ],
            [
              14.3495613,
              48.2524332
            ],
            [
              14.3492347,
              48.2524588
            ],
            [
              14.348716,
              48.2524995
            ],
            [
              14.3484638,
              48.2525255
            ],
            [
              14.3482786,
              48.2525447
            ],
            [
              14.3482284,
              48.2525486
            ],
            [
              14.3481563,
              48.2525543
            ],
            [
              14.3480036,
              48.2525664
            ],
            [
              14.3479721,
              48.2524725
            ],
            [
              14.3479609,
              48.252439
            ],
            [
              14.3479557,
              48.2524234
            ],
            [
              14.3479108,
              48.2522896
            ],
            [
              14.3478377,
              48.2520962
            ],
            [
              14.3476718,
              48.2516633
            ],
            [
              14.3476095,
              48.2515478
            ],
            [
              14.3475939,
              48.2515188
            ],
            [
              14.3475278,
              48.2514299
            ],
            [
              14.3474548,
              48.251346
            ],
            [
              14.3473411,
              48.2512425
            ],
            [
              14.3469115,
              48.2508992
            ],
            [
              14.3465766,
              48.2506354
            ],
            [
              14.3464323,
              48.2505092
            ],
            [
              14.3463185,
              48.2504212
            ],
            [
              14.346276,
              48.2503884
            ],
            [
              14.3461238,
              48.2502803
            ],
            [
              14.3460415,
              48.2503275
            ],
            [
              14.3459955,
              48.2503384
            ],
            [
              14.3459374,
              48.2503435
            ],
            [
              14.3458732,
              48.2503418
            ],
            [
              14.3457853,
              48.2503255
            ],
            [
              14.3456254,
              48.2502906
            ],
            [
              14.3454058,
              48.2502499
            ],
            [
              14.3452117,
              48.2502216
            ],
            [
              14.344937,
              48.2501986
            ],
            [
              14.3441913,
              48.2501649
            ],
            [
              14.3440777,
              48.250154
            ],
            [
              14.3439789,
              48.2501324
            ],
            [
              14.3438886,
              48.250098
            ],
            [
              14.3438135,
              48.2500584
            ],
            [
              14.3437336,
              48.2500095
            ],
            [
              14.3435703,
              48.2498959
            ],
            [
              14.34349,
              48.2498381
            ],
            [
              14.3434403,
              48.2498025
            ],
            [
              14.3423613,
              48.2496411
            ],
            [
              14.3421334,
              48.2496145
            ],
            [
              14.3418857,
              48.2495988
            ],
            [
              14.3416592,
              48.2496017
            ],
            [
              14.341409,
              48.2496202
            ],
            [
              14.3412059,
              48.2496312
            ],
            [
              14.3409924,
              48.2496205
            ],
            [
              14.3408944,
              48.2496091
            ],
            [
              14.3407978,
              48.2495909
            ],
            [
              14.3406913,
              48.2495705
            ],
            [
              14.3405957,
              48.2495486
            ],
            [
              14.3404758,
              48.2495149
            ],
            [
              14.3395984,
              48.2491986
            ],
            [
              14.3395641,
              48.2491837
            ],
            [
              14.3395415,
              48.2491664
            ],
            [
              14.3395255,
              48.2491445
            ],
            [
              14.3395145,
              48.2491168
            ],
            [
              14.3395161,
              48.2490868
            ],
            [
              14.3395332,
              48.2490477
            ],
            [
              14.3395529,
              48.249022
            ],
            [
              14.3395662,
              48.2490046
            ],
            [
              14.3399826,
              48.2485761
            ],
            [
              14.3401309,
              48.2484235
            ],
            [
              14.3403923,
              48.2481545
            ],
            [
              14.3404058,
              48.2481411
            ],
            [
              14.3405188,
              48.2480281
            ],
            [
              14.3405886,
              48.2479584
            ],
            [
              14.3407668,
              48.2477697
            ],
            [
              14.3408482,
              48.2476822
            ],
            [
              14.3414166,
              48.2470909
            ],
            [
              14.3417488,
              48.246756
            ],
            [
              14.3419725,
              48.2465305
            ],
            [
              14.3420139,
              48.2464888
            ],
            [
              14.3421264,
              48.2463754
            ],
            [
              14.3419458,
              48.2462958
            ],
            [
              14.3418793,
              48.2462664
            ],
            [
              14.3416493,
              48.2461646
            ],
            [
              14.3407936,
              48.2457859
            ],
            [
              14.3398361,
              48.2453639
            ],
            [
              14.3393157,
              48.2451317
            ],
            [
              14.3392984,
              48.245124
            ],
            [
              14.3392556,
              48.2451051
            ],
            [
              14.3390921,
              48.2450329
            ],
            [
              14.338922,
              48.2449588
            ],
            [
              14.3388621,
              48.2449327
            ],
            [
              14.3383484,
              48.2447221
            ],
            [
              14.3380956,
              48.2446185
            ],
            [
              14.3378592,
              48.24454
            ],
            [
              14.3377846,
              48.2445171
            ],
            [
              14.3374896,
              48.244436
            ],
            [
              14.3372158,
              48.2443714
            ],
            [
              14.3369662,
              48.2443229
            ],
            [
              14.3363234,
              48.2442178
            ],
            [
              14.3355323,
              48.2441007
            ],
            [
              14.335341,
              48.2440723
            ],
            [
              14.334628,
              48.2439703
            ],
            [
              14.3339008,
              48.2438553
            ],
            [
              14.3331569,
              48.2437282
            ],
            [
              14.332933,
              48.2436948
            ],
            [
              14.3324902,
              48.2436256
            ],
            [
              14.332423,
              48.2436153
            ],
            [
              14.3322403,
              48.2435872
            ],
            [
              14.3320808,
              48.2435615
            ],
            [
              14.3319914,
              48.2435468
            ],
            [
              14.3316807,
              48.2435048
            ],
            [
              14.3314757,
              48.2434868
            ],
            [
              14.3313636,
              48.243484
            ],
            [
              14.3313161,
              48.2434829
            ],
            [
              14.331141,
              48.2434928
            ],
            [
              14.3309399,
              48.2435233
            ],
            [
              14.3307984,
              48.243558
            ],
            [
              14.3307453,
              48.2435711
            ],
            [
              14.330573,
              48.2436359
            ],
            [
              14.3304359,
              48.2437061
            ],
            [
              14.3303204,
              48.2437868
            ],
            [
              14.3302049,
              48.2438847
            ],
            [
              14.3298445,
              48.2442678
            ],
            [
              14.3297864,
              48.2443155
            ],
            [
              14.3297249,
              48.244361
            ],
            [
              14.3296758,
              48.2443861
            ],
            [
              14.3296364,
              48.2444022
            ],
            [
              14.3295481,
              48.2444234
            ],
            [
              14.3294778,
              48.2444312
            ],
            [
              14.3293417,
              48.2444463
            ],
            [
              14.3293512,
              48.2444881
            ],
            [
              14.3293504,
              48.2445209
            ],
            [
              14.3293444,
              48.2445427
            ],
            [
              14.3293307,
              48.2445755
            ],
            [
              14.3293141,
              48.2446112
            ],
            [
              14.329273,
              48.2446684
            ],
            [
              14.3292182,
              48.2447148
            ],
            [
              14.3291261,
              48.2447781
            ],
            [
              14.3288575,
              48.2449488
            ],
            [
              14.3287591,
              48.2450282
            ],
            [
              14.3287359,
              48.2450482
            ],
            [
              14.3286167,
              48.245164
            ],
            [
              14.3284509,
              48.2453362
            ],
            [
              14.328319,
              48.2454762
            ],
            [
              14.3282711,
              48.2455325
            ],
            [
              14.3281787,
              48.245631
            ],
            [
              14.3281683,
              48.2456426
            ],
            [
              14.3280946,
              48.2457133
            ],
            [
              14.3280133,
              48.245779
            ],
            [
              14.3279614,
              48.2458195
            ],
            [
              14.3279325,
              48.2458421
            ],
            [
              14.3278227,
              48.2459085
            ],
            [
              14.3277929,
              48.2459246
            ],
            [
              14.327475,
              48.2460995
            ],
            [
              14.3271844,
              48.2462608
            ],
            [
              14.3270785,
              48.2463359
            ],
            [
              14.3269917,
              48.2464014
            ],
            [
              14.3269195,
              48.2464595
            ],
            [
              14.3268381,
              48.2465333
            ],
            [
              14.3267237,
              48.2466265
            ],
            [
              14.3266325,
              48.2466962
            ],
            [
              14.3265884,
              48.2467278
            ],
            [
              14.3264826,
              48.2467838
            ],
            [
              14.3264089,
              48.2468194
            ],
            [
              14.3261839,
              48.2469266
            ],
            [
              14.3259841,
              48.2470313
            ],
            [
              14.3248432,
              48.247674
            ],
            [
              14.3245016,
              48.2478746
            ],
            [
              14.324222,
              48.248057
            ],
            [
              14.3241633,
              48.2481015
            ],
            [
              14.3240219,
              48.2482016
            ],
            [
              14.3238533,
              48.2483369
            ],
            [
              14.3236534,
              48.2485156
            ],
            [
              14.3234711,
              48.2487006
            ],
            [
              14.3233633,
              48.2488289
            ],
            [
              14.3233281,
              48.2488707
            ],
            [
              14.323142,
              48.2491223
            ],
            [
              14.3230147,
              48.2493402
            ],
            [
              14.3229144,
              48.2495336
            ],
            [
              14.3228817,
              48.2496096
            ],
            [
              14.3228428,
              48.2497123
            ],
            [
              14.3228131,
              48.2498081
            ],
            [
              14.3227868,
              48.2499132
            ],
            [
              14.3227429,
              48.2500939
            ],
            [
              14.3227245,
              48.2502211
            ],
            [
              14.3227122,
              48.250384
            ],
            [
              14.3227072,
              48.2505643
            ],
            [
              14.3227148,
              48.2507345
            ],
            [
              14.3227272,
              48.2508759
            ],
            [
              14.3227479,
              48.2510457
            ],
            [
              14.3227672,
              48.2512038
            ],
            [
              14.3227936,
              48.2514146
            ],
            [
              14.3228031,
              48.2515034
            ],
            [
              14.3228125,
              48.2516428
            ],
            [
              14.3228138,
              48.2516741
            ],
            [
              14.3228273,
              48.2519806
            ],
            [
              14.3228278,
              48.2523371
            ],
            [
              14.3228488,
              48.2527495
            ],
            [
              14.3228557,
              48.2528853
            ],
            [
              14.3228575,
              48.253118
            ],
            [
              14.3228554,
              48.2532441
            ],
            [
              14.3228413,
              48.2533935
            ],
            [
              14.3228222,
              48.2535956
            ],
            [
              14.3227975,
              48.2539096
            ],
            [
              14.3227793,
              48.2541403
            ],
            [
              14.3227385,
              48.2545489
            ],
            [
              14.3227267,
              48.2546203
            ],
            [
              14.322703,
              48.2547482
            ],
            [
              14.3226662,
              48.2548989
            ],
            [
              14.3226368,
              48.2550013
            ],
            [
              14.3225561,
              48.2552098
            ],
            [
              14.3225391,
              48.2552547
            ],
            [
              14.3225073,
              48.2553249
            ],
            [
              14.3224971,
              48.2553469
            ],
            [
              14.3224909,
              48.2553602
            ],
            [
              14.3224771,
              48.2553899
            ],
            [
              14.3223964,
              48.2555576
            ],
            [
              14.3223737,
              48.2556062
            ],
            [
              14.3223016,
              48.2557613
            ],
            [
              14.3222644,
              48.2558415
            ],
            [
              14.322151,
              48.2560859
            ],
            [
              14.3220875,
              48.2562164
            ],
            [
              14.3219852,
              48.2564268
            ],
            [
              14.3219352,
              48.2565341
            ],
            [
              14.3218392,
              48.2564924
            ],
            [
              14.3215514,
              48.2563896
            ],
            [
              14.3213835,
              48.2563255
            ],
            [
              14.3210661,
              48.256218
            ],
            [
              14.3208889,
              48.2561581
            ],
            [
              14.3206094,
              48.2560635
            ],
            [
              14.3205259,
              48.2560348
            ],
            [
              14.3204775,
              48.2560183
            ],
            [
              14.3198859,
              48.2558171
            ],
            [
              14.3193365,
              48.2556302
            ],
            [
              14.3189772,
              48.2555097
            ],
            [
              14.3182933,
              48.2552803
            ],
            [
              14.3182328,
              48.25526
            ],
            [
              14.3179133,
              48.2551528
            ],
            [
              14.3171563,
              48.2548989
            ],
            [
              14.3170754,
              48.2548717
            ],
            [
              14.3170008,
              48.2548452
            ],
            [
              14.3168257,
              48.2547848
            ],
            [
              14.3165967,
              48.2547057
            ],
            [
              14.3156637,
              48.2543838
            ],
            [
              14.315637,
              48.2543636
            ],
            [
              14.3156103,
              48.2543347
            ],
            [
              14.3155956,
              48.2543089
            ],
            [
              14.3155721,
              48.2542659
            ],
            [
              14.3155437,
              48.2542323
            ],
            [
              14.3155096,
              48.254204
            ],
            [
              14.3154583,
              48.2541722
            ],
            [
              14.3153222,
              48.2541139
            ],
            [
              14.3146762,
              48.2538469
            ],
            [
              14.3145775,
              48.2538224
            ],
            [
              14.3145116,
              48.2538104
            ],
            [
              14.3144443,
              48.2538064
            ],
            [
              14.3143667,
              48.2538126
            ],
            [
              14.3142349,
              48.2538387
            ],
            [
              14.3141611,
              48.253847
            ],
            [
              14.3141097,
              48.2538371
            ],
            [
              14.3136335,
              48.2535688
            ],
            [
              14.3135855,
              48.2535418
            ],
            [
              14.3131564,
              48.2533
            ],
            [
              14.3131361,
              48.2532831
            ],
            [
              14.3131148,
              48.2532654
            ],
            [
              14.3130807,
              48.2532296
            ],
            [
              14.3129433,
              48.2532817
            ],
            [
              14.31287,
              48.2533086
            ],
            [
              14.3127996,
              48.2533332
            ],
            [
              14.312726,
              48.2533592
            ],
            [
              14.3126512,
              48.2533801
            ],
            [
              14.3125429,
              48.2534019
            ],
            [
              14.3124526,
              48.2534141
            ],
            [
              14.3123669,
              48.2534256
            ],
            [
              14.3121913,
              48.2534312
            ],
            [
              14.312004,
              48.2534209
            ],
            [
              14.3118657,
              48.2534133
            ],
            [
              14.3117609,
              48.2534066
            ],
            [
              14.3114365,
              48.2533857
            ],
            [
              14.3112545,
              48.2533767
            ],
            [
              14.3111913,
              48.2533758
            ],
            [
              14.3110469,
              48.2533735
            ],
            [
              14.3109358,
              48.253379
            ],
            [
              14.3108034,
              48.2533905
            ],
            [
              14.3105468,
              48.2534145
            ],
            [
              14.3104948,
              48.2534193
            ],
            [
              14.310464,
              48.2534222
            ],
            [
              14.3098727,
              48.2534774
            ],
            [
              14.3096157,
              48.2535014
            ],
            [
              14.3091982,
              48.2535378
            ],
            [
              14.3090808,
              48.2535452
            ],
            [
              14.3088873,
              48.2535574
            ],
            [
              14.3085878,
              48.2535692
            ],
            [
              14.3081415,
              48.2535829
            ],
            [
              14.3079481,
              48.2535889
            ],
            [
              14.3077026,
              48.2535956
            ],
            [
              14.3073433,
              48.253603
            ],
            [
              14.3072145,
              48.2536057
            ],
            [
              14.306828,
              48.2536057
            ],
            [
              14.3066681,
              48.2536032
            ],
            [
              14.3064445,
              48.2535997
            ],
            [
              14.3063825,
              48.2535984
            ],
            [
              14.3059281,
              48.2535886
            ],
            [
              14.3059076,
              48.2535882
            ],
            [
              14.3055744,
              48.2535757
            ],
            [
              14.3052431,
              48.2535578
            ],
            [
              14.3050296,
              48.2535407
            ],
            [
              14.3049206,
              48.2535308
            ],
            [
              14.3048555,
              48.2535249
            ],
            [
              14.3048194,
              48.2535216
            ],
            [
              14.3045573,
              48.2534916
            ],
            [
              14.3044979,
              48.2534848
            ],
            [
              14.3041326,
              48.2534342
            ],
            [
              14.3037892,
              48.2533784
            ],
            [
              14.3037302,
              48.2533688
            ],
            [
              14.3035021,
              48.2533292
            ],
            [
              14.3034664,
              48.2533225
            ],
            [
              14.30329,
              48.2532891
            ],
            [
              14.3032103,
              48.253272
            ],
            [
              14.3029952,
              48.2532257
            ],
            [
              14.3029824,
              48.253223
            ],
            [
              14.3027042,
              48.2531573
            ],
            [
              14.3026886,
              48.2531536
            ],
            [
              14.3023608,
              48.253067
            ],
            [
              14.3021816,
              48.2530168
            ],
            [
              14.3021463,
              48.2530074
            ],
            [
              14.301959,
              48.2529578
            ],
            [
              14.3016902,
              48.2528939
            ],
            [
              14.3015235,
              48.2528535
            ],
            [
              14.3012621,
              48.2527839
            ],
            [
              14.3009298,
              48.2526772
            ],
            [
              14.3007037,
              48.2526017
            ],
            [
              14.3004311,
              48.252519
            ],
            [
              14.2998255,
              48.2523709
            ],
            [
              14.2995301,
              48.2523065
            ],
            [
              14.299232,
              48.2522479
            ],
            [
              14.2988833,
              48.2521956
            ],
            [
              14.2985311,
              48.2521547
            ],
            [
              14.2980857,
              48.2521162
            ],
            [
              14.2976259,
              48.252092
            ],
            [
              14.2972174,
              48.2520816
            ],
            [
              14.2968041,
              48.2520807
            ],
            [
              14.2963801,
              48.252088
            ],
            [
              14.295901,
              48.2521122
            ],
            [
              14.2953642,
              48.252162
            ],
            [
              14.2948781,
              48.2522236
            ],
            [
              14.2944655,
              48.2522759
            ],
            [
              14.2943306,
              48.252293
            ],
            [
              14.2942427,
              48.2523041
            ],
            [
              14.2940983,
              48.2523224
            ],
            [
              14.2940403,
              48.2523292
            ],
            [
              14.293908,
              48.2523904
            ],
            [
              14.2934579,
              48.2524593
            ],
            [
              14.2933554,
              48.252475
            ],
            [
              14.2932093,
              48.2524974
            ],
            [
              14.2930542,
              48.2525211
            ],
            [
              14.2928765,
              48.2525138
            ],
            [
              14.2925638,
              48.2525644
            ],
            [
              14.2922943,
              48.2526084
            ],
            [
              14.2922442,
              48.2526165
            ],
            [
              14.2920834,
              48.2526428
            ],
            [
              14.2920411,
              48.2526497
            ],
            [
              14.291939,
              48.2526664
            ],
            [
              14.2917942,
              48.2526926
            ],
            [
              14.2917572,
              48.2526993
            ],
            [
              14.291688,
              48.2527118
            ],
            [
              14.2916161,
              48.2527248
            ],
            [
              14.2913751,
              48.2527685
            ],
            [
              14.2910901,
              48.2528201
            ],
            [
              14.2900793,
              48.2530031
            ],
            [
              14.2895921,
              48.2530984
            ],
            [
              14.2895414,
              48.2531075
            ],
            [
              14.2891706,
              48.2531693
            ],
            [
              14.2890813,
              48.2531842
            ],
            [
              14.2888289,
              48.2532265
            ],
            [
              14.2887683,
              48.2532367
            ],
            [
              14.2886233,
              48.2532611
            ],
            [
              14.2885837,
              48.2532677
            ],
            [
              14.2883933,
              48.2532992
            ],
            [
              14.2882389,
              48.2533248
            ],
            [
              14.2882061,
              48.2533302
            ],
            [
              14.2876958,
              48.2534133
            ],
            [
              14.2872029,
              48.2534936
            ],
            [
              14.2869156,
              48.2535362
            ],
            [
              14.2867007,
              48.2535611
            ],
            [
              14.286597,
              48.253572
            ],
            [
              14.2862903,
              48.2535912
            ],
            [
              14.286119,
              48.2535985
            ],
            [
              14.2859658,
              48.253602
            ],
            [
              14.2859258,
              48.2536029
            ],
            [
              14.2857334,
              48.2536006
            ],
            [
              14.2855089,
              48.2535903
            ],
            [
              14.2852714,
              48.2535676
            ],
            [
              14.2851088,
              48.2535472
            ],
            [
              14.2849621,
              48.2535234
            ],
            [
              14.2848956,
              48.2535079
            ],
            [
              14.2846877,
              48.2534596
            ],
            [
              14.2840362,
              48.2533082
            ],
            [
              14.2839325,
              48.2532841
            ],
            [
              14.2835446,
              48.253194
            ],
            [
              14.2833144,
              48.2531405
            ],
            [
              14.2832338,
              48.2531162
            ],
            [
              14.2830177,
              48.2530456
            ],
            [
              14.2829683,
              48.2531853
            ],
            [
              14.2828764,
              48.25335
            ],
            [
              14.2827588,
              48.2535609
            ],
            [
              14.2827317,
              48.2536084
            ],
            [
              14.28268,
              48.2536943
            ],
            [
              14.2826239,
              48.2537874
            ],
            [
              14.2825619,
              48.2538903
            ],
            [
              14.2823461,
              48.2539463
            ],
            [
              14.2818457,
              48.2538188
            ],
            [
              14.2816607,
              48.2537716
            ],
            [
              14.2812686,
              48.2536639
            ],
            [
              14.2812246,
              48.2536518
            ],
            [
              14.2806008,
              48.2534971
            ],
            [
              14.2795045,
              48.2532253
            ],
            [
              14.279247,
              48.2531675
            ],
            [
              14.2792285,
              48.2531987
            ],
            [
              14.2787982,
              48.2539107
            ],
            [
              14.2787528,
              48.2539987
            ],
            [
              14.2787377,
              48.2540577
            ],
            [
              14.2787423,
              48.2540803
            ],
            [
              14.2787494,
              48.2541156
            ],
            [
              14.2787621,
              48.254137
            ],
            [
              14.2787929,
              48.2541891
            ],
            [
              14.2788293,
              48.254233
            ],
            [
              14.2787038,
              48.2542822
            ],
            [
              14.2785895,
              48.2543359
            ],
            [
              14.2783704,
              48.2544476
            ],
            [
              14.2781415,
              48.2545706
            ],
            [
              14.2780879,
              48.2546009
            ],
            [
              14.2780005,
              48.2546516
            ],
            [
              14.2778871,
              48.2547199
            ],
            [
              14.2776741,
              48.2548664
            ],
            [
              14.2775639,
              48.2549431
            ],
            [
              14.2773659,
              48.2550731
            ],
            [
              14.277181,
              48.2552042
            ],
            [
              14.2770685,
              48.2552801
            ],
            [
              14.2770443,
              48.2552965
            ],
            [
              14.2769825,
              48.2553382
            ],
            [
              14.2767481,
              48.2554964
            ],
            [
              14.2765378,
              48.255636
            ],
            [
              14.2762908,
              48.2558
            ],
            [
              14.2760865,
              48.2559357
            ],
            [
              14.2760216,
              48.2559788
            ],
            [
              14.2759304,
              48.2560393
            ],
            [
              14.2754996,
              48.2563328
            ],
            [
              14.2753853,
              48.2564092
            ],
            [
              14.275217,
              48.2565238
            ],
            [
              14.27506,
              48.2566283
            ],
            [
              14.274895,
              48.2567398
            ],
            [
              14.2747815,
              48.2568202
            ],
            [
              14.2745295,
              48.2570102
            ],
            [
              14.2741366,
              48.2572988
            ],
            [
              14.273526,
              48.2577437
            ],
            [
              14.2732455,
              48.2579185
            ],
            [
              14.2731702,
              48.2579655
            ],
            [
              14.2730174,
              48.2580578
            ],
            [
              14.2727995,
              48.2581895
            ],
            [
              14.2725071,
              48.2583549
            ],
            [
              14.272486,
              48.2583669
            ],
            [
              14.2721831,
              48.2585393
            ],
            [
              14.2718423,
              48.2587332
            ],
            [
              14.2714144,
              48.2589868
            ],
            [
              14.2711421,
              48.2591481
            ],
            [
              14.2708749,
              48.2593049
            ],
            [
              14.2706898,
              48.2594167
            ],
            [
              14.2705964,
              48.2594794
            ],
            [
              14.2704961,
              48.2595528
            ],
            [
              14.2703948,
              48.259639
            ],
            [
              14.2702598,
              48.2597601
            ],
            [
              14.2701219,
              48.2598876
            ],
            [
              14.2699947,
              48.2599995
            ],
            [
              14.2698887,
              48.2600943
            ],
            [
              14.2698062,
              48.2601624
            ],
            [
              14.2696668,
              48.2602516
            ],
            [
              14.269453,
              48.2603723
            ],
            [
              14.2688342,
              48.260701
            ],
            [
              14.2686707,
              48.2607869
            ],
            [
              14.2678516,
              48.2612051
            ],
            [
              14.2675783,
              48.2613387
            ],
            [
              14.2671879,
              48.261534
            ],
            [
              14.2671064,
              48.2615736
            ],
            [
              14.2665013,
              48.2618677
            ],
            [
              14.2664167,
              48.2619089
            ],
            [
              14.2664406,
              48.2619356
            ],
            [
              14.2664555,
              48.2619668
            ],
            [
              14.266459,
              48.2619904
            ],
            [
              14.2664505,
              48.2620313
            ],
            [
              14.2664297,
              48.2620629
            ],
            [
              14.2663955,
              48.2620914
            ],
            [
              14.2663528,
              48.2621123
            ],
            [
              14.2663054,
              48.2621249
            ],
            [
              14.2662636,
              48.2621293
            ],
            [
              14.2662162,
              48.2621272
            ],
            [
              14.2661604,
              48.2621148
            ],
            [
              14.2661133,
              48.2620931
            ],
            [
              14.2660755,
              48.262062
            ],
            [
              14.2659681,
              48.2621123
            ],
            [
              14.2656899,
              48.2622715
            ],
            [
              14.2653261,
              48.2624768
            ],
            [
              14.2651646,
              48.262568
            ],
            [
              14.2646352,
              48.2628669
            ],
            [
              14.2643248,
              48.2630421
            ],
            [
              14.2641882,
              48.2631288
            ],
            [
              14.2636923,
              48.2634436
            ],
            [
              14.263551,
              48.2635333
            ],
            [
              14.2634505,
              48.2635971
            ],
            [
              14.2634776,
              48.2636144
            ],
            [
              14.2634958,
              48.2636347
            ],
            [
              14.2635068,
              48.2636626
            ],
            [
              14.2635035,
              48.2636935
            ],
            [
              14.2634877,
              48.2637192
            ],
            [
              14.2634522,
              48.2637455
            ],
            [
              14.2634122,
              48.2637594
            ],
            [
              14.2633614,
              48.2637639
            ],
            [
              14.2633148,
              48.2637568
            ],
            [
              14.2632728,
              48.2637384
            ],
            [
              14.263163,
              48.263791
            ],
            [
              14.2630305,
              48.2638391
            ],
            [
              14.2628795,
              48.2638915
            ],
            [
              14.2626361,
              48.263986
            ],
            [
              14.2624292,
              48.2640711
            ],
            [
              14.2622422,
              48.264146
            ],
            [
              14.2621094,
              48.2642
            ],
            [
              14.2619401,
              48.2642691
            ],
            [
              14.261874,
              48.2642956
            ],
            [
              14.2617519,
              48.2643454
            ],
            [
              14.261376,
              48.2644979
            ],
            [
              14.2613396,
              48.2645143
            ],
            [
              14.2612936,
              48.2645365
            ],
            [
              14.2611844,
              48.2645894
            ],
            [
              14.2611001,
              48.2646302
            ],
            [
              14.2610602,
              48.2646495
            ],
            [
              14.2609798,
              48.2646884
            ],
            [
              14.2608411,
              48.2645316
            ],
            [
              14.260527,
              48.2642443
            ],
            [
              14.2604447,
              48.264169
            ],
            [
              14.2595844,
              48.2634097
            ],
            [
              14.2595535,
              48.2633828
            ],
            [
              14.2592692,
              48.2631382
            ],
            [
              14.2591344,
              48.2630528
            ],
            [
              14.2590279,
              48.2630016
            ],
            [
              14.2589445,
              48.2629886
            ],
            [
              14.2588221,
              48.2629867
            ],
            [
              14.2586559,
              48.2630044
            ],
            [
              14.2585779,
              48.2630692
            ],
            [
              14.2584963,
              48.263111
            ],
            [
              14.2583847,
              48.2631346
            ],
            [
              14.2583021,
              48.2631314
            ],
            [
              14.2582887,
              48.2631976
            ],
            [
              14.2582314,
              48.2633573
            ],
            [
              14.2581678,
              48.2635024
            ],
            [
              14.2580732,
              48.263748
            ],
            [
              14.2580055,
              48.2638889
            ],
            [
              14.2579388,
              48.264037
            ],
            [
              14.257815,
              48.2642842
            ],
            [
              14.2578091,
              48.2642962
            ],
            [
              14.2577786,
              48.2643578
            ]
          ],
          [
            [
              14.321303,
              48.3000545
            ],
            [
              14.321661,
              48.2997026
            ]
          ],
          [
            [
              14.3190686,
              48.3020074
            ],
            [
              14.319057,
              48.3020264
            ],
            [
              14.3186392,
              48.3019275
            ],
            [
              14.3186147,
              48.3019142
            ]
          ],
          [
            [
              14.3105023,
              48.3005025
            ],
            [
              14.3101806,
              48.3004596
            ]
          ],
          [
            [
              14.303924,
              48.2991895
            ],
            [
              14.303906,
              48.2992075
            ],
            [
              14.3034988,
              48.299011
            ]
          ],
          [
            [
              14.29938,
              48.2980099
            ],
            [
              14.2991305,
              48.2979457
            ]
          ],
          [
            [
              14.2960592,
              48.2971922
            ],
            [
              14.2963154,
              48.2972597
            ]
          ],
          [
            [
              14.2915654,
              48.2959837
            ],
            [
              14.291898,
              48.2960694
            ]
          ],
          [
            [
              14.2908416,
              48.2948879
            ],
            [
              14.2908087,
              48.2948745
            ],
            [
              14.2906043,
              48.2950967
            ],
            [
              14.2906338,
              48.2951087
            ]
          ],
          [
            [
              14.2902328,
              48.2908133
            ],
            [
              14.2902412,
              48.2908624
            ],
            [
              14.2902796,
              48.2908946
            ],
            [
              14.2903734,
              48.2909894
            ],
            [
              14.2905946,
              48.2912475
            ],
            [
              14.2906501,
              48.2912521
            ]
          ],
          [
            [
              14.2880144,
              48.2899953
            ],
            [
              14.2880625,
              48.2900335
            ],
            [
              14.2881326,
              48.2900887
            ]
          ],
          [
            [
              14.2809999,
              48.2903282
            ],
            [
              14.2807102,
              48.2903138
            ]
          ],
          [
            [
              14.2762721,
              48.290703
            ],
            [
              14.2762576,
              48.2907049
            ],
            [
              14.2760126,
              48.2907394
            ]
          ],
          [
            [
              14.2718351,
              48.2920934
            ],
            [
              14.2716753,
              48.2921561
            ],
            [
              14.2715723,
              48.2921965
            ]
          ],
          [
            [
              14.2685732,
              48.29086
            ],
            [
              14.2687238,
              48.2909441
            ],
            [
              14.2687794,
              48.2910067
            ]
          ],
          [
            [
              14.2537093,
              48.285462
            ],
            [
              14.2538245,
              48.2855547
            ],
            [
              14.253895,
              48.2856115
            ]
          ],
          [
            [
              14.2501151,
              48.281973
            ],
            [
              14.2499901,
              48.2818578
            ],
            [
              14.2499447,
              48.2818221
            ]
          ],
          [
            [
              14.2486697,
              48.2805063
            ],
            [
              14.2487898,
              48.2806846
            ]
          ],
          [
            [
              14.2456294,
              48.2788381
            ],
            [
              14.2458071,
              48.2789333
            ]
          ],
          [
            [
              14.2492257,
              48.2769726
            ],
            [
              14.2493827,
              48.2769209
            ],
            [
              14.2494282,
              48.2769017
            ],
            [
              14.2495103,
              48.276867
            ]
          ],
          [
            [
              14.2588389,
              48.2630281
            ],
            [
              14.2588176,
              48.2630275
            ],
            [
              14.2587722,
              48.2630336
            ],
            [
              14.2587277,
              48.2630503
            ],
            [
              14.2586861,
              48.2630684
            ],
            [
              14.2585215,
              48.2631741
            ]
          ],
          [
            [
              14.2607597,
              48.2645331
            ],
            [
              14.2607819,
              48.2645215
            ],
            [
              14.2604744,
              48.2642584
            ],
            [
              14.2604512,
              48.2642704
            ]
          ],
          [
            [
              14.2673129,
              48.2615828
            ],
            [
              14.2675415,
              48.2614735
            ],
            [
              14.2676463,
              48.2614016
            ]
          ],
          [
            [
              14.2840463,
              48.2534101
            ],
            [
              14.2840582,
              48.2533864
            ],
            [
              14.2842996,
              48.2534417
            ],
            [
              14.2842868,
              48.2534672
            ]
          ],
          [
            [
              14.288873,
              48.2533586
            ],
            [
              14.2888663,
              48.2533413
            ],
            [
              14.2892319,
              48.2532786
            ],
            [
              14.2892391,
              48.2532972
            ]
          ],
          [
            [
              14.2922721,
              48.2526862
            ],
            [
              14.2922676,
              48.2526742
            ],
            [
              14.2925694,
              48.2526237
            ],
            [
              14.2925729,
              48.2526342
            ]
          ],
          [
            [
              14.3044664,
              48.2535352
            ],
            [
              14.3047777,
              48.2535717
            ],
            [
              14.3048259,
              48.2535932
            ],
            [
              14.3049036,
              48.2536022
            ]
          ],
          [
            [
              14.3089052,
              48.2536201
            ],
            [
              14.3091121,
              48.2536045
            ]
          ],
          [
            [
              14.3168201,
              48.2548353
            ],
            [
              14.3165656,
              48.2547482
            ]
          ],
          [
            [
              14.3228337,
              48.2548483
            ],
            [
              14.3228137,
              48.2548372
            ],
            [
              14.3227668,
              48.2550194
            ],
            [
              14.3227105,
              48.2551707
            ],
            [
              14.3227317,
              48.2551738
            ]
          ],
          [
            [
              14.3329157,
              48.2437852
            ],
            [
              14.3329203,
              48.2437784
            ],
            [
              14.3325435,
              48.2437217
            ],
            [
              14.3325421,
              48.2437295
            ]
          ],
          [
            [
              14.337957,
              48.2446739
            ],
            [
              14.3379635,
              48.2446644
            ],
            [
              14.3384504,
              48.2448564
            ],
            [
              14.3384424,
              48.2448641
            ]
          ],
          [
            [
              14.3401261,
              48.2483645
            ],
            [
              14.3404338,
              48.2480479
            ]
          ],
          [
            [
              14.3478549,
              48.2524396
            ],
            [
              14.3478025,
              48.2522695
            ]
          ],
          [
            [
              14.3550666,
              48.2527343
            ],
            [
              14.3549631,
              48.2527495
            ],
            [
              14.3548506,
              48.2527595
            ]
          ],
          [
            [
              14.3620849,
              48.2514958
            ],
            [
              14.3620219,
              48.2515014
            ],
            [
              14.3619567,
              48.2515037
            ],
            [
              14.3618582,
              48.2515034
            ]
          ],
          [
            [
              14.3656992,
              48.2492719
            ],
            [
              14.3655746,
              48.2493207
            ],
            [
              14.3655366,
              48.2493369
            ]
          ],
          [
            [
              14.3710119,
              48.247955
            ],
            [
              14.3709422,
              48.2477372
            ]
          ],
          [
            [
              14.3678288,
              48.2435637
            ],
            [
              14.3678079,
              48.2435896
            ],
            [
              14.3677578,
              48.2435717
            ],
            [
              14.367708,
              48.2435539
            ],
            [
              14.36768,
              48.2435439
            ],
            [
              14.3675848,
              48.2435098
            ],
            [
              14.3676107,
              48.2434777
            ]
          ],
          [
            [
              14.3696167,
              48.2420129
            ],
            [
              14.36948,
              48.2421247
            ]
          ],
          [
            [
              14.3784394,
              48.2412619
            ],
            [
              14.3786117,
              48.2412972
            ],
            [
              14.3787053,
              48.2413127
            ]
          ]
        ]
      },
      "id": "relation/1148639"
    }
  ]
}