{
  "type": "FeatureCollection",
  "features": [
    {
      "type": "Feature",
      "properties": {
        "@id": "relation/1147444",
        "alternate": "no",
        "colour": "#964c29",
        "from": "Industriezeile",
        "name": "Bus 71: Industriezeile => Baintwiese",
        "network": "Oberösterreichischer Verkehrsverbund",
        "network:short": "OÖVV",
        "network:wikidata": "Q2011605",
        "network:wikipedia": "de:Oberösterreichischer Verkehrsverbund",
        "operator": "Linz Linien GmbH",
        "public_transport:version": "2",
        "ref": "71",
        "route": "bus",
        "to": "Baintwiese",
        "type": "route"
      },
      "geometry": {
        "type": "MultiLineString",
        "coordinates": [
          [
            [
              14.281335,
              48.2405727
            ],
            [
              14.2814301,
              48.2404757
            ],
            [
              14.2815072,
              48.2403971
            ],
            [
              14.281546,
              48.240358
            ],
            [
              14.2816634,
              48.2402396
            ],
            [
              14.2817916,
              48.2401099
            ],
            [
              14.2818595,
              48.2400412
            ],
            [
              14.2819023,
              48.2399979
            ],
            [
              14.2820043,
              48.2398947
            ],
            [
              14.2820625,
              48.2398359
            ],
            [
              14.2821219,
              48.2397485
            ],
            [
              14.2821301,
              48.2397395
            ],
            [
              14.2822466,
              48.239612
            ],
            [
              14.282274,
              48.239582
            ],
            [
              14.2824285,
              48.2394128
            ],
            [
              14.2825546,
              48.2392748
            ],
            [
              14.282565,
              48.2392633
            ],
            [
              14.2826638,
              48.2391552
            ],
            [
              14.2827193,
              48.2391067
            ],
            [
              14.2827356,
              48.2390918
            ],
            [
              14.2827851,
              48.2390464
            ],
            [
              14.2829476,
              48.2389317
            ],
            [
              14.2829668,
              48.2389196
            ],
            [
              14.2830414,
              48.2388726
            ],
            [
              14.2830906,
              48.2388395
            ],
            [
              14.2831276,
              48.2388146
            ],
            [
              14.2832938,
              48.2387042
            ],
            [
              14.2834778,
              48.2386047
            ],
            [
              14.2836166,
              48.2385431
            ],
            [
              14.2837266,
              48.2384957
            ],
            [
              14.2837957,
              48.238467
            ],
            [
              14.284104,
              48.2383382
            ],
            [
              14.2842158,
              48.2382927
            ],
            [
              14.284259,
              48.2382769
            ],
            [
              14.2843549,
              48.2382443
            ],
            [
              14.2844851,
              48.2383839
            ],
            [
              14.2845692,
              48.2384948
            ],
            [
              14.2846288,
              48.2386035
            ],
            [
              14.284685,
              48.2387281
            ],
            [
              14.2847422,
              48.2389046
            ],
            [
              14.284806,
              48.2391213
            ],
            [
              14.2850956,
              48.2401342
            ],
            [
              14.2852119,
              48.2405452
            ],
            [
              14.2853372,
              48.240948
            ],
            [
              14.2853993,
              48.2411047
            ],
            [
              14.2854709,
              48.2412695
            ],
            [
              14.2855894,
              48.2415022
            ],
            [
              14.2856692,
              48.2416296
            ],
            [
              14.2857496,
              48.2417314
            ],
            [
              14.2858459,
              48.2418322
            ],
            [
              14.2859526,
              48.2419235
            ],
            [
              14.2860579,
              48.2420062
            ],
            [
              14.2861769,
              48.2420794
            ],
            [
              14.2863128,
              48.2421474
            ],
            [
              14.2864563,
              48.2422101
            ],
            [
              14.2866171,
              48.2422629
            ],
            [
              14.2867102,
              48.2422865
            ],
            [
              14.2868843,
              48.2423239
            ],
            [
              14.2870648,
              48.2423547
            ],
            [
              14.2872606,
              48.242378
            ],
            [
              14.2875052,
              48.2424069
            ],
            [
              14.2878093,
              48.2424328
            ],
            [
              14.2880757,
              48.2424475
            ],
            [
              14.2882582,
              48.242453
            ],
            [
              14.2883936,
              48.2424543
            ],
            [
              14.288391,
              48.2425173
            ],
            [
              14.2883885,
              48.2425771
            ],
            [
              14.2885059,
              48.2432053
            ],
            [
              14.2885264,
              48.2435263
            ],
            [
              14.288517,
              48.2436233
            ],
            [
              14.2885063,
              48.2437338
            ],
            [
              14.2884369,
              48.2441426
            ],
            [
              14.288423,
              48.2441942
            ],
            [
              14.2884065,
              48.2442558
            ],
            [
              14.2885233,
              48.2442689
            ],
            [
              14.2885683,
              48.2442737
            ],
            [
              14.2888095,
              48.2442831
            ],
            [
              14.2889031,
              48.2442865
            ],
            [
              14.2893266,
              48.2442804
            ],
            [
              14.289473,
              48.2442781
            ],
            [
              14.2895196,
              48.2442774
            ],
            [
              14.2897322,
              48.244274
            ],
            [
              14.2898906,
              48.2442715
            ],
            [
              14.2902855,
              48.2442652
            ],
            [
              14.2904903,
              48.2442619
            ],
            [
              14.2906517,
              48.2442597
            ],
            [
              14.2908009,
              48.2442574
            ],
            [
              14.2909301,
              48.2442558
            ],
            [
              14.2910836,
              48.2442536
            ],
            [
              14.2913426,
              48.24425
            ],
            [
              14.2914957,
              48.2442459
            ],
            [
              14.2916954,
              48.2442292
            ],
            [
              14.2918321,
              48.2442178
            ],
            [
              14.2919171,
              48.2442066
            ],
            [
              14.2922839,
              48.2441584
            ],
            [
              14.2923221,
              48.2441542
            ],
            [
              14.2926286,
              48.2441133
            ],
            [
              14.2928765,
              48.2440884
            ],
            [
              14.2929527,
              48.2440854
            ],
            [
              14.2934516,
              48.2440655
            ],
            [
              14.2935763,
              48.2440605
            ],
            [
              14.2936033,
              48.2440594
            ],
            [
              14.293754,
              48.2440566
            ],
            [
              14.2937559,
              48.2440924
            ],
            [
              14.2937739,
              48.2444334
            ],
            [
              14.2937758,
              48.2444698
            ],
            [
              14.2937804,
              48.2445578
            ],
            [
              14.2937983,
              48.2448972
            ],
            [
              14.2938004,
              48.244937
            ],
            [
              14.2938362,
              48.2456152
            ],
            [
              14.2938496,
              48.2458761
            ],
            [
              14.2938689,
              48.2462188
            ],
            [
              14.2938796,
              48.2464123
            ],
            [
              14.2938932,
              48.2466593
            ],
            [
              14.293896,
              48.2467094
            ],
            [
              14.2938969,
              48.2467254
            ],
            [
              14.2939056,
              48.246882
            ],
            [
              14.2939059,
              48.246888
            ],
            [
              14.2939179,
              48.2471056
            ],
            [
              14.2939224,
              48.2471875
            ],
            [
              14.2939321,
              48.2473629
            ],
            [
              14.2939399,
              48.2475036
            ],
            [
              14.2939509,
              48.2477021
            ],
            [
              14.2939596,
              48.2478603
            ],
            [
              14.293953,
              48.2479556
            ],
            [
              14.2939213,
              48.2480695
            ],
            [
              14.2938926,
              48.2481395
            ],
            [
              14.2937441,
              48.2484827
            ],
            [
              14.2937211,
              48.2485339
            ],
            [
              14.2934793,
              48.249062
            ],
            [
              14.2934649,
              48.2490934
            ],
            [
              14.2933513,
              48.2491527
            ],
            [
              14.293557,
              48.2493449
            ],
            [
              14.2937557,
              48.2495305
            ],
            [
              14.2939221,
              48.249686
            ],
            [
              14.2939524,
              48.2497143
            ],
            [
              14.2940487,
              48.2498043
            ],
            [
              14.294134,
              48.2499048
            ],
            [
              14.2941466,
              48.2499593
            ],
            [
              14.2941464,
              48.2500108
            ],
            [
              14.2941462,
              48.2500938
            ],
            [
              14.2941463,
              48.2501245
            ],
            [
              14.2941443,
              48.2502089
            ],
            [
              14.2941437,
              48.2508592
            ],
            [
              14.2941437,
              48.2509111
            ],
            [
              14.2941437,
              48.2509895
            ],
            [
              14.2941436,
              48.2512253
            ],
            [
              14.2941433,
              48.2516562
            ],
            [
              14.2941432,
              48.2518512
            ],
            [
              14.294143,
              48.2521455
            ],
            [
              14.294131,
              48.2522044
            ],
            [
              14.2940983,
              48.2523224
            ],
            [
              14.2940403,
              48.2523292
            ],
            [
              14.2938897,
              48.2523066
            ],
            [
              14.2936014,
              48.2523494
            ],
            [
              14.2935298,
              48.2523605
            ],
            [
              14.2933509,
              48.252388
            ],
            [
              14.2931826,
              48.2524138
            ],
            [
              14.2930228,
              48.2524384
            ],
            [
              14.2928765,
              48.2525138
            ],
            [
              14.2925638,
              48.2525644
            ],
            [
              14.2922943,
              48.2526084
            ],
            [
              14.2922442,
              48.2526165
            ],
            [
              14.2920834,
              48.2526428
            ],
            [
              14.2920411,
              48.2526497
            ],
            [
              14.291939,
              48.2526664
            ],
            [
              14.2917942,
              48.2526926
            ],
            [
              14.2917572,
              48.2526993
            ],
            [
              14.291688,
              48.2527118
            ],
            [
              14.2916161,
              48.2527248
            ],
            [
              14.2913751,
              48.2527685
            ],
            [
              14.2910901,
              48.2528201
            ],
            [
              14.2900793,
              48.2530031
            ],
            [
              14.2895921,
              48.2530984
            ],
            [
              14.2895414,
              48.2531075
            ],
            [
              14.2891706,
              48.2531693
            ],
            [
              14.2890813,
              48.2531842
            ],
            [
              14.2888289,
              48.2532265
            ],
            [
              14.2887683,
              48.2532367
            ],
            [
              14.2886233,
              48.2532611
            ],
            [
              14.2885837,
              48.2532677
            ],
            [
              14.2883933,
              48.2532992
            ],
            [
              14.2884362,
              48.2534049
            ],
            [
              14.2884494,
              48.253436
            ],
            [
              14.2884521,
              48.2534424
            ],
            [
              14.2885298,
              48.2536571
            ],
            [
              14.2885475,
              48.2537332
            ],
            [
              14.2885571,
              48.2538123
            ],
            [
              14.288553,
              48.2538927
            ],
            [
              14.2885435,
              48.2539449
            ],
            [
              14.2885176,
              48.2540223
            ],
            [
              14.2884813,
              48.2540933
            ],
            [
              14.288391,
              48.2542298
            ],
            [
              14.2882885,
              48.2543595
            ],
            [
              14.2880057,
              48.2546829
            ],
            [
              14.2878078,
              48.2549205
            ],
            [
              14.2876548,
              48.2551211
            ],
            [
              14.2876208,
              48.2551709
            ],
            [
              14.2875848,
              48.255228
            ],
            [
              14.2875286,
              48.2553057
            ],
            [
              14.2874696,
              48.2554042
            ],
            [
              14.2874381,
              48.2554628
            ],
            [
              14.2874284,
              48.255485
            ],
            [
              14.2874144,
              48.2555168
            ],
            [
              14.2873945,
              48.2555625
            ],
            [
              14.287382,
              48.2555959
            ],
            [
              14.2873409,
              48.2557056
            ],
            [
              14.2872842,
              48.2558572
            ],
            [
              14.2872611,
              48.2559188
            ],
            [
              14.2872465,
              48.2559702
            ],
            [
              14.287228,
              48.2560546
            ],
            [
              14.2872259,
              48.2560784
            ],
            [
              14.2872225,
              48.2561182
            ],
            [
              14.287236,
              48.2561777
            ],
            [
              14.2872793,
              48.2562582
            ],
            [
              14.2873204,
              48.2563156
            ],
            [
              14.2874126,
              48.2564008
            ],
            [
              14.2875085,
              48.2564664
            ],
            [
              14.2875817,
              48.2565144
            ],
            [
              14.2876693,
              48.2565637
            ],
            [
              14.2877871,
              48.2566296
            ],
            [
              14.2880904,
              48.2567982
            ],
            [
              14.2881391,
              48.2568253
            ],
            [
              14.2881808,
              48.2568485
            ],
            [
              14.2882449,
              48.2568857
            ],
            [
              14.2885256,
              48.2570402
            ],
            [
              14.2885766,
              48.2570685
            ],
            [
              14.2889054,
              48.2572513
            ],
            [
              14.2893715,
              48.2575104
            ],
            [
              14.2896242,
              48.2576495
            ],
            [
              14.2899185,
              48.2578292
            ],
            [
              14.2901422,
              48.2579945
            ],
            [
              14.2902523,
              48.2580907
            ],
            [
              14.2903625,
              48.2582039
            ],
            [
              14.2904602,
              48.2583401
            ],
            [
              14.2905257,
              48.2584595
            ],
            [
              14.2905711,
              48.2585797
            ],
            [
              14.2906016,
              48.2587136
            ],
            [
              14.2906165,
              48.2588253
            ],
            [
              14.2906212,
              48.258922
            ],
            [
              14.290608,
              48.2590928
            ],
            [
              14.2905892,
              48.2592052
            ],
            [
              14.2905577,
              48.2593852
            ],
            [
              14.290522,
              48.2595896
            ],
            [
              14.2904256,
              48.2601387
            ],
            [
              14.2903192,
              48.2607456
            ],
            [
              14.2901954,
              48.2614458
            ],
            [
              14.2901076,
              48.2618729
            ],
            [
              14.2900849,
              48.2619835
            ],
            [
              14.2900494,
              48.2621563
            ],
            [
              14.2899681,
              48.2624835
            ],
            [
              14.2898728,
              48.2627592
            ],
            [
              14.2897883,
              48.2629906
            ],
            [
              14.2897018,
              48.2632029
            ],
            [
              14.2896154,
              48.2633991
            ],
            [
              14.2895429,
              48.2635449
            ],
            [
              14.2894508,
              48.2636979
            ],
            [
              14.2893427,
              48.2638774
            ],
            [
              14.2892389,
              48.264033
            ],
            [
              14.2891087,
              48.2642146
            ],
            [
              14.2890034,
              48.2643427
            ],
            [
              14.2888723,
              48.2644938
            ],
            [
              14.2887451,
              48.2646301
            ],
            [
              14.2886433,
              48.2647368
            ],
            [
              14.2885578,
              48.264823
            ],
            [
              14.2883951,
              48.2649774
            ],
            [
              14.2883445,
              48.2650228
            ],
            [
              14.2883012,
              48.2650615
            ],
            [
              14.2882104,
              48.2651476
            ],
            [
              14.2878846,
              48.2654356
            ],
            [
              14.2877378,
              48.2655612
            ],
            [
              14.2876396,
              48.2656437
            ],
            [
              14.2872893,
              48.2659379
            ],
            [
              14.2871785,
              48.266031
            ],
            [
              14.2868656,
              48.2662818
            ],
            [
              14.2868152,
              48.2663222
            ],
            [
              14.2861946,
              48.2668196
            ],
            [
              14.2861534,
              48.2668539
            ],
            [
              14.2860539,
              48.2669365
            ],
            [
              14.285949,
              48.2670237
            ],
            [
              14.2859109,
              48.2670553
            ],
            [
              14.2858609,
              48.2670969
            ],
            [
              14.2854019,
              48.2674717
            ],
            [
              14.2851911,
              48.267639
            ],
            [
              14.2850724,
              48.2677327
            ],
            [
              14.2850477,
              48.2677529
            ],
            [
              14.2848097,
              48.267943
            ],
            [
              14.2847592,
              48.2679833
            ],
            [
              14.2844494,
              48.2682377
            ],
            [
              14.2843542,
              48.2683177
            ],
            [
              14.2841733,
              48.268493
            ],
            [
              14.2841129,
              48.2685515
            ],
            [
              14.2837447,
              48.2689082
            ],
            [
              14.2834792,
              48.2691832
            ],
            [
              14.2832727,
              48.269423
            ],
            [
              14.2830408,
              48.2696983
            ],
            [
              14.2828231,
              48.2699567
            ],
            [
              14.2826718,
              48.2701363
            ],
            [
              14.2825486,
              48.2702826
            ],
            [
              14.2825079,
              48.2703316
            ],
            [
              14.2824806,
              48.2703646
            ],
            [
              14.2823634,
              48.270506
            ],
            [
              14.2823423,
              48.2705315
            ],
            [
              14.2823168,
              48.2705621
            ],
            [
              14.282248,
              48.2706471
            ],
            [
              14.282157,
              48.2707666
            ],
            [
              14.2821339,
              48.2707952
            ],
            [
              14.281972,
              48.2710033
            ],
            [
              14.281876,
              48.2711382
            ],
            [
              14.2818155,
              48.2712387
            ],
            [
              14.2817928,
              48.2712769
            ],
            [
              14.2817309,
              48.2713829
            ],
            [
              14.2816661,
              48.2714937
            ],
            [
              14.2815902,
              48.2716488
            ],
            [
              14.2815703,
              48.2716896
            ],
            [
              14.2814499,
              48.2719417
            ],
            [
              14.2813755,
              48.2721044
            ],
            [
              14.2813691,
              48.2721177
            ],
            [
              14.2812965,
              48.2722692
            ],
            [
              14.2812769,
              48.2723094
            ],
            [
              14.2812549,
              48.2723545
            ],
            [
              14.2812051,
              48.2724565
            ],
            [
              14.2811459,
              48.2725686
            ],
            [
              14.2810866,
              48.2726664
            ],
            [
              14.2810217,
              48.2727545
            ],
            [
              14.2808525,
              48.2729811
            ],
            [
              14.2808135,
              48.2730333
            ],
            [
              14.280799,
              48.2730528
            ],
            [
              14.2806685,
              48.2732275
            ],
            [
              14.2806469,
              48.2732564
            ],
            [
              14.2805787,
              48.2733477
            ],
            [
              14.2804731,
              48.2734893
            ],
            [
              14.280357,
              48.2736448
            ],
            [
              14.2802501,
              48.2737879
            ],
            [
              14.2801429,
              48.2739315
            ],
            [
              14.2800257,
              48.2740884
            ],
            [
              14.2799682,
              48.2741654
            ],
            [
              14.2799314,
              48.2742148
            ],
            [
              14.2798967,
              48.2742612
            ],
            [
              14.2798098,
              48.2743773
            ],
            [
              14.2797694,
              48.2744313
            ],
            [
              14.2796739,
              48.274559
            ],
            [
              14.2791976,
              48.2751951
            ],
            [
              14.2790639,
              48.2753969
            ],
            [
              14.2788965,
              48.2756779
            ],
            [
              14.2788148,
              48.2758151
            ],
            [
              14.2787827,
              48.2758633
            ],
            [
              14.2787375,
              48.2759145
            ],
            [
              14.2786897,
              48.27596
            ],
            [
              14.2786809,
              48.2759669
            ],
            [
              14.2786172,
              48.2760168
            ],
            [
              14.2785148,
              48.2760919
            ],
            [
              14.2784543,
              48.2761334
            ],
            [
              14.2781862,
              48.276317
            ],
            [
              14.2780304,
              48.2764321
            ],
            [
              14.2779218,
              48.2765123
            ],
            [
              14.2778923,
              48.2765331
            ],
            [
              14.2775854,
              48.2767516
            ],
            [
              14.2773431,
              48.2769242
            ],
            [
              14.2773156,
              48.2769435
            ],
            [
              14.2772307,
              48.2770031
            ],
            [
              14.2772193,
              48.2770111
            ],
            [
              14.2770884,
              48.2771028
            ],
            [
              14.2770188,
              48.2771516
            ],
            [
              14.2769798,
              48.2771754
            ],
            [
              14.2768727,
              48.277235
            ],
            [
              14.2767606,
              48.2772936
            ],
            [
              14.2768444,
              48.2773527
            ],
            [
              14.2770286,
              48.2775114
            ],
            [
              14.2771918,
              48.2776455
            ],
            [
              14.2773141,
              48.2777395
            ],
            [
              14.2774996,
              48.2778363
            ],
            [
              14.2775241,
              48.2778529
            ],
            [
              14.2776217,
              48.2779208
            ],
            [
              14.2777318,
              48.2779974
            ],
            [
              14.2778146,
              48.278049
            ],
            [
              14.2779679,
              48.2781394
            ],
            [
              14.2782357,
              48.2782779
            ],
            [
              14.2784378,
              48.2783744
            ],
            [
              14.2785853,
              48.2784368
            ],
            [
              14.2787807,
              48.2785139
            ],
            [
              14.2788496,
              48.278539
            ],
            [
              14.2791956,
              48.2787016
            ],
            [
              14.2793787,
              48.2787654
            ],
            [
              14.2795408,
              48.278818
            ],
            [
              14.279569,
              48.2788272
            ],
            [
              14.2797755,
              48.2788952
            ],
            [
              14.2800784,
              48.2790084
            ],
            [
              14.2802987,
              48.2791082
            ],
            [
              14.2804567,
              48.2791901
            ],
            [
              14.2807172,
              48.2793641
            ],
            [
              14.2809436,
              48.2795294
            ],
            [
              14.2811018,
              48.2796012
            ],
            [
              14.2811654,
              48.2796503
            ],
            [
              14.2812158,
              48.2796912
            ],
            [
              14.2812447,
              48.2797173
            ],
            [
              14.2816145,
              48.2800544
            ],
            [
              14.2818228,
              48.2802526
            ],
            [
              14.2820128,
              48.2804426
            ],
            [
              14.2821947,
              48.2806041
            ],
            [
              14.2822733,
              48.2806683
            ],
            [
              14.2823864,
              48.2807608
            ],
            [
              14.2824713,
              48.2808208
            ],
            [
              14.2825306,
              48.2808627
            ],
            [
              14.2826972,
              48.2809668
            ],
            [
              14.28282,
              48.2810369
            ],
            [
              14.2829937,
              48.2811279
            ],
            [
              14.2831761,
              48.2812201
            ],
            [
              14.2833531,
              48.2813501
            ],
            [
              14.2838426,
              48.2815967
            ],
            [
              14.284252,
              48.2817992
            ],
            [
              14.2843227,
              48.2818316
            ],
            [
              14.284822,
              48.2820601
            ],
            [
              14.2848909,
              48.2820327
            ],
            [
              14.2849501,
              48.2820049
            ],
            [
              14.2850249,
              48.2819487
            ],
            [
              14.2850927,
              48.281899
            ],
            [
              14.2854926,
              48.2816063
            ],
            [
              14.2859117,
              48.2812934
            ],
            [
              14.2861728,
              48.281102
            ],
            [
              14.2862846,
              48.2810328
            ],
            [
              14.2863751,
              48.2809897
            ],
            [
              14.286433,
              48.2809725
            ],
            [
              14.2864933,
              48.2809621
            ],
            [
              14.2865402,
              48.2809609
            ],
            [
              14.2865802,
              48.2809645
            ],
            [
              14.2866237,
              48.2809735
            ],
            [
              14.2866597,
              48.2809857
            ],
            [
              14.2866932,
              48.2810017
            ],
            [
              14.2867301,
              48.281027
            ],
            [
              14.286756,
              48.281049
            ],
            [
              14.2867762,
              48.2810756
            ],
            [
              14.2867951,
              48.281118
            ],
            [
              14.2868,
              48.2811519
            ],
            [
              14.2867966,
              48.2811796
            ],
            [
              14.2867866,
              48.28121
            ],
            [
              14.2867686,
              48.2812426
            ],
            [
              14.286739,
              48.2812807
            ],
            [
              14.2866126,
              48.2814344
            ],
            [
              14.2863745,
              48.2815906
            ],
            [
              14.2861701,
              48.2817372
            ],
            [
              14.2860021,
              48.2818685
            ],
            [
              14.285715,
              48.2821141
            ],
            [
              14.2854314,
              48.282375
            ],
            [
              14.2852427,
              48.2825566
            ],
            [
              14.2849746,
              48.282841
            ],
            [
              14.2846958,
              48.2831611
            ],
            [
              14.2846101,
              48.2832674
            ],
            [
              14.2842477,
              48.2837148
            ],
            [
              14.2842067,
              48.2837732
            ],
            [
              14.2841749,
              48.2838364
            ],
            [
              14.2841556,
              48.2838949
            ],
            [
              14.2841479,
              48.2839484
            ],
            [
              14.2841551,
              48.2839806
            ],
            [
              14.2841616,
              48.2840037
            ],
            [
              14.2842282,
              48.2841243
            ],
            [
              14.2842996,
              48.2841991
            ],
            [
              14.2843782,
              48.2842515
            ],
            [
              14.2844047,
              48.2842663
            ],
            [
              14.2844999,
              48.2843184
            ],
            [
              14.2846742,
              48.284399
            ],
            [
              14.2851893,
              48.2846373
            ],
            [
              14.2852886,
              48.2846858
            ],
            [
              14.2853901,
              48.2847447
            ],
            [
              14.2854596,
              48.2847952
            ],
            [
              14.2854911,
              48.2848181
            ],
            [
              14.2855625,
              48.2848726
            ],
            [
              14.2856752,
              48.2849591
            ],
            [
              14.2857684,
              48.2850382
            ],
            [
              14.2857999,
              48.285062
            ],
            [
              14.2859219,
              48.2851133
            ],
            [
              14.2860215,
              48.2852242
            ],
            [
              14.286048,
              48.2852654
            ],
            [
              14.2862341,
              48.285557
            ],
            [
              14.2862697,
              48.2856127
            ],
            [
              14.286291,
              48.2856461
            ],
            [
              14.2864889,
              48.2859562
            ],
            [
              14.2867281,
              48.2863311
            ],
            [
              14.2872198,
              48.287143
            ],
            [
              14.2873536,
              48.2873639
            ],
            [
              14.2873904,
              48.2875228
            ],
            [
              14.2874317,
              48.2875983
            ],
            [
              14.2875129,
              48.2877433
            ],
            [
              14.287551,
              48.2878113
            ],
            [
              14.2875979,
              48.2878996
            ],
            [
              14.287723,
              48.2880972
            ],
            [
              14.2877212,
              48.2881684
            ],
            [
              14.2877186,
              48.2882462
            ],
            [
              14.2877062,
              48.2883692
            ],
            [
              14.2876821,
              48.2885693
            ],
            [
              14.2876689,
              48.2886508
            ],
            [
              14.2876616,
              48.2886958
            ],
            [
              14.2876519,
              48.2887552
            ],
            [
              14.2876312,
              48.2889209
            ],
            [
              14.2875496,
              48.2890863
            ],
            [
              14.2875369,
              48.2891223
            ],
            [
              14.2875047,
              48.2892334
            ],
            [
              14.287495,
              48.2892945
            ],
            [
              14.287492,
              48.289326
            ],
            [
              14.2874856,
              48.289394
            ],
            [
              14.2874856,
              48.2894191
            ],
            [
              14.2874851,
              48.2895895
            ],
            [
              14.2874673,
              48.2898446
            ],
            [
              14.2874546,
              48.2899595
            ],
            [
              14.2874331,
              48.2902028
            ],
            [
              14.287428,
              48.2902608
            ],
            [
              14.2874528,
              48.2903082
            ],
            [
              14.2874923,
              48.2903443
            ],
            [
              14.287549,
              48.2903726
            ],
            [
              14.2876388,
              48.2904052
            ],
            [
              14.2877186,
              48.2904236
            ],
            [
              14.2878135,
              48.2904365
            ],
            [
              14.2878634,
              48.2904399
            ],
            [
              14.2879021,
              48.2904442
            ],
            [
              14.2881607,
              48.2904671
            ],
            [
              14.2885122,
              48.2905038
            ],
            [
              14.2888014,
              48.2905442
            ],
            [
              14.2889577,
              48.2905643
            ],
            [
              14.289157,
              48.2905673
            ],
            [
              14.2892542,
              48.2905863
            ],
            [
              14.2893375,
              48.2906029
            ],
            [
              14.2895209,
              48.2906481
            ],
            [
              14.2896364,
              48.290694
            ],
            [
              14.2896934,
              48.2907234
            ],
            [
              14.2897626,
              48.2907591
            ],
            [
              14.2898888,
              48.2908323
            ],
            [
              14.2900172,
              48.2909395
            ],
            [
              14.2902324,
              48.2911546
            ],
            [
              14.2905937,
              48.2915567
            ],
            [
              14.290813,
              48.2918006
            ],
            [
              14.2908578,
              48.2918505
            ],
            [
              14.2909653,
              48.2919717
            ],
            [
              14.291022,
              48.2920416
            ],
            [
              14.2913042,
              48.2923777
            ],
            [
              14.2916737,
              48.292817
            ],
            [
              14.2919681,
              48.293167
            ],
            [
              14.2920222,
              48.2932314
            ],
            [
              14.2921216,
              48.2933496
            ],
            [
              14.2921831,
              48.2935522
            ],
            [
              14.2922162,
              48.2935912
            ],
            [
              14.2924717,
              48.2938934
            ],
            [
              14.2925551,
              48.2939853
            ],
            [
              14.2926721,
              48.2940767
            ],
            [
              14.2927807,
              48.2941425
            ],
            [
              14.2929266,
              48.2942008
            ],
            [
              14.2930392,
              48.2942271
            ],
            [
              14.2931566,
              48.2942396
            ],
            [
              14.2932839,
              48.2942418
            ],
            [
              14.2934682,
              48.2942449
            ],
            [
              14.293855,
              48.2942503
            ],
            [
              14.294056,
              48.2942492
            ],
            [
              14.2942316,
              48.2942525
            ],
            [
              14.2942834,
              48.2942535
            ],
            [
              14.2943864,
              48.2942698
            ],
            [
              14.2944835,
              48.2942999
            ],
            [
              14.2945718,
              48.2943393
            ],
            [
              14.2946608,
              48.2944029
            ],
            [
              14.2947548,
              48.2944863
            ],
            [
              14.2948721,
              48.2945999
            ],
            [
              14.2951019,
              48.2947955
            ],
            [
              14.2953786,
              48.2950021
            ],
            [
              14.2954355,
              48.2950465
            ],
            [
              14.2955806,
              48.2951428
            ],
            [
              14.2957219,
              48.2952391
            ],
            [
              14.2958469,
              48.2953329
            ],
            [
              14.2958731,
              48.2953547
            ],
            [
              14.2960406,
              48.2954906
            ],
            [
              14.2961437,
              48.2955514
            ],
            [
              14.2962575,
              48.2955927
            ],
            [
              14.2964246,
              48.2956426
            ],
            [
              14.2965275,
              48.2956739
            ],
            [
              14.2966435,
              48.2957092
            ],
            [
              14.2967227,
              48.2957363
            ],
            [
              14.2969078,
              48.2957996
            ],
            [
              14.2971575,
              48.2958907
            ],
            [
              14.2973977,
              48.2959783
            ],
            [
              14.2978142,
              48.2961301
            ],
            [
              14.2982824,
              48.2962971
            ],
            [
              14.2988844,
              48.2965114
            ],
            [
              14.2990443,
              48.2965655
            ],
            [
              14.2991054,
              48.2965851
            ],
            [
              14.2991659,
              48.2966059
            ],
            [
              14.2992158,
              48.2966244
            ],
            [
              14.2993407,
              48.2966673
            ],
            [
              14.2994164,
              48.2966933
            ],
            [
              14.2996825,
              48.2967846
            ],
            [
              14.3003861,
              48.2970408
            ],
            [
              14.3004545,
              48.2971116
            ],
            [
              14.3005513,
              48.2971467
            ],
            [
              14.3006802,
              48.2971934
            ],
            [
              14.3006978,
              48.2971998
            ],
            [
              14.3008097,
              48.2971955
            ],
            [
              14.3010626,
              48.2972891
            ],
            [
              14.301187,
              48.297335
            ],
            [
              14.3016406,
              48.2975026
            ],
            [
              14.3016969,
              48.2975366
            ],
            [
              14.3017606,
              48.2975804
            ],
            [
              14.3018218,
              48.2976324
            ],
            [
              14.3018819,
              48.2976944
            ],
            [
              14.3019374,
              48.2977635
            ],
            [
              14.3019895,
              48.2978494
            ],
            [
              14.302045,
              48.2979519
            ],
            [
              14.3021079,
              48.2980574
            ],
            [
              14.3021877,
              48.2981614
            ],
            [
              14.3023075,
              48.2983059
            ],
            [
              14.3023775,
              48.2983867
            ],
            [
              14.3024759,
              48.2984976
            ],
            [
              14.302521,
              48.2985396
            ],
            [
              14.3025501,
              48.2985673
            ],
            [
              14.3026662,
              48.2986781
            ],
            [
              14.3027652,
              48.2987665
            ],
            [
              14.3028526,
              48.2988318
            ],
            [
              14.3029744,
              48.2989044
            ],
            [
              14.3030241,
              48.298934
            ],
            [
              14.3031606,
              48.2989902
            ],
            [
              14.3032929,
              48.2990443
            ],
            [
              14.3033407,
              48.2990655
            ],
            [
              14.3038129,
              48.299275
            ],
            [
              14.3039758,
              48.2993475
            ],
            [
              14.3041186,
              48.299411
            ],
            [
              14.3044214,
              48.2995281
            ],
            [
              14.3045838,
              48.2995909
            ],
            [
              14.3050859,
              48.2997789
            ],
            [
              14.3051068,
              48.2997867
            ],
            [
              14.3054709,
              48.299923
            ],
            [
              14.3055407,
              48.2999491
            ],
            [
              14.3055842,
              48.2999654
            ],
            [
              14.3057388,
              48.3000189
            ],
            [
              14.3059267,
              48.3000612
            ],
            [
              14.3060233,
              48.3000734
            ],
            [
              14.3061038,
              48.3000836
            ],
            [
              14.3072412,
              48.3002112
            ],
            [
              14.3074834,
              48.3002375
            ],
            [
              14.3076171,
              48.3002521
            ],
            [
              14.3079655,
              48.30029
            ],
            [
              14.3080166,
              48.3002955
            ],
            [
              14.3082818,
              48.3003244
            ],
            [
              14.308605,
              48.3003595
            ],
            [
              14.3086477,
              48.3003642
            ],
            [
              14.3087832,
              48.3003789
            ],
            [
              14.3090426,
              48.3004092
            ],
            [
              14.3100669,
              48.3005291
            ],
            [
              14.3101645,
              48.3005404
            ],
            [
              14.3104752,
              48.3005767
            ],
            [
              14.3105597,
              48.3005866
            ],
            [
              14.3109854,
              48.3006364
            ],
            [
              14.3110392,
              48.3006427
            ],
            [
              14.3113232,
              48.3006759
            ],
            [
              14.3114256,
              48.3006876
            ],
            [
              14.311499,
              48.300696
            ],
            [
              14.3121671,
              48.3007726
            ],
            [
              14.3123997,
              48.3007992
            ],
            [
              14.3124504,
              48.3008052
            ],
            [
              14.312698,
              48.3008348
            ],
            [
              14.3131104,
              48.3008842
            ],
            [
              14.3132186,
              48.3008963
            ],
            [
              14.3134456,
              48.3009242
            ],
            [
              14.3142089,
              48.3010178
            ],
            [
              14.3145245,
              48.3010609
            ],
            [
              14.3145932,
              48.3010703
            ],
            [
              14.3147214,
              48.3010878
            ],
            [
              14.3148541,
              48.301106
            ],
            [
              14.3152703,
              48.3011886
            ],
            [
              14.3154736,
              48.301236
            ],
            [
              14.3156847,
              48.3012831
            ],
            [
              14.3170472,
              48.301629
            ],
            [
              14.3181293,
              48.3018972
            ],
            [
              14.3184455,
              48.3019743
            ]
          ],
          [
            [
              14.2938483,
              48.2474101
            ],
            [
              14.2938437,
              48.2473233
            ],
            [
              14.2938393,
              48.2472391
            ]
          ],
          [
            [
              14.2887429,
              48.253125
            ],
            [
              14.2887532,
              48.2531496
            ],
            [
              14.2891549,
              48.253075
            ],
            [
              14.2891449,
              48.2530513
            ]
          ],
          [
            [
              14.2873887,
              48.2565084
            ],
            [
              14.287414,
              48.2564971
            ],
            [
              14.2876902,
              48.2566637
            ],
            [
              14.2876608,
              48.2566834
            ]
          ],
          [
            [
              14.2881169,
              48.2650487
            ],
            [
              14.2881573,
              48.2650681
            ],
            [
              14.2877714,
              48.2654106
            ],
            [
              14.2877399,
              48.2653941
            ]
          ],
          [
            [
              14.2853529,
              48.2673528
            ],
            [
              14.2856862,
              48.2670836
            ],
            [
              14.285716,
              48.267046
            ]
          ],
          [
            [
              14.2903912,
              48.2915043
            ],
            [
              14.2902529,
              48.2913412
            ],
            [
              14.2900966,
              48.2911569
            ]
          ],
          [
            [
              14.29385,
              48.2943113
            ],
            [
              14.293405,
              48.2942954
            ],
            [
              14.2931606,
              48.2942927
            ],
            [
              14.2930855,
              48.2942847
            ],
            [
              14.2930803,
              48.2943029
            ]
          ],
          [
            [
              14.2954984,
              48.2951852
            ],
            [
              14.2955142,
              48.2951747
            ],
            [
              14.2957737,
              48.2953496
            ],
            [
              14.2958569,
              48.2954245
            ],
            [
              14.2959608,
              48.295512
            ],
            [
              14.2959336,
              48.2955268
            ]
          ],
          [
            [
              14.3026656,
              48.2988335
            ],
            [
              14.3023586,
              48.2986042
            ]
          ],
          [
            [
              14.3101332,
              48.3006146
            ],
            [
              14.3103764,
              48.3006439
            ]
          ],
          [
            [
              14.3187743,
              48.3021373
            ],
            [
              14.3184141,
              48.3020475
            ]
          ]
        ]
      },
      "id": "relation/1147444"
    },
    {
      "type": "Feature",
      "properties": {
        "@id": "relation/1147449",
        "alternate": "no",
        "colour": "#964c29",
        "from": "Baintwiese",
        "name": "Bus 71: Baintwiese => Industriezeile",
        "network": "Oberösterreichischer Verkehrsverbund",
        "network:short": "OÖVV",
        "network:wikidata": "Q2011605",
        "network:wikipedia": "de:Oberösterreichischer Verkehrsverbund",
        "operator": "Linz Linien GmbH",
        "public_transport:version": "2",
        "ref": "71",
        "route": "bus",
        "to": "Industriezeile",
        "type": "route"
      },
      "geometry": {
        "type": "MultiLineString",
        "coordinates": [
          [
            [
              14.3184455,
              48.3019743
            ],
            [
              14.3188919,
              48.3020829
            ],
            [
              14.319018,
              48.3021141
            ],
            [
              14.3191036,
              48.3021357
            ],
            [
              14.3192856,
              48.3021817
            ],
            [
              14.3190851,
              48.302405
            ],
            [
              14.3189126,
              48.3026119
            ],
            [
              14.3185244,
              48.3030799
            ],
            [
              14.3184512,
              48.3031717
            ],
            [
              14.3183249,
              48.3033186
            ],
            [
              14.3180384,
              48.3036997
            ],
            [
              14.3178906,
              48.3039011
            ],
            [
              14.3177782,
              48.3040616
            ],
            [
              14.317623,
              48.3042995
            ],
            [
              14.3173829,
              48.3046583
            ],
            [
              14.3173128,
              48.304778
            ],
            [
              14.3172511,
              48.3048836
            ],
            [
              14.3171889,
              48.3049897
            ],
            [
              14.3171128,
              48.3051178
            ],
            [
              14.3170247,
              48.3052662
            ],
            [
              14.316905,
              48.3054677
            ],
            [
              14.3168217,
              48.305608
            ],
            [
              14.3167576,
              48.3057266
            ],
            [
              14.3167402,
              48.3057588
            ],
            [
              14.316437,
              48.3063196
            ],
            [
              14.3163387,
              48.3065015
            ],
            [
              14.3162328,
              48.3066869
            ],
            [
              14.3160388,
              48.3070264
            ],
            [
              14.31601,
              48.3070769
            ],
            [
              14.315923,
              48.3072291
            ],
            [
              14.315831,
              48.3073902
            ],
            [
              14.3157628,
              48.3075096
            ],
            [
              14.3157281,
              48.3075703
            ],
            [
              14.3156984,
              48.3076231
            ],
            [
              14.3156865,
              48.3076444
            ],
            [
              14.3155783,
              48.3078324
            ],
            [
              14.3154704,
              48.3080455
            ],
            [
              14.315466,
              48.308054
            ],
            [
              14.3153936,
              48.3081862
            ],
            [
              14.3152244,
              48.3084954
            ],
            [
              14.3151986,
              48.3085376
            ],
            [
              14.3151605,
              48.3086071
            ],
            [
              14.3150289,
              48.3088506
            ],
            [
              14.3149187,
              48.3090535
            ],
            [
              14.3148227,
              48.3092328
            ],
            [
              14.3147792,
              48.3093141
            ],
            [
              14.3146231,
              48.3096053
            ],
            [
              14.3145944,
              48.3096552
            ],
            [
              14.3145738,
              48.3096964
            ],
            [
              14.3145592,
              48.3097289
            ],
            [
              14.3144764,
              48.3099338
            ],
            [
              14.3143222,
              48.3098695
            ],
            [
              14.3142525,
              48.3098348
            ],
            [
              14.3140426,
              48.309729
            ],
            [
              14.3139619,
              48.3096884
            ],
            [
              14.313937,
              48.3096751
            ],
            [
              14.3137615,
              48.3095848
            ],
            [
              14.3135159,
              48.3094648
            ],
            [
              14.3128269,
              48.3091017
            ],
            [
              14.3123696,
              48.3088669
            ],
            [
              14.3117841,
              48.3085653
            ],
            [
              14.3114006,
              48.3083683
            ],
            [
              14.310565,
              48.3079416
            ],
            [
              14.3103091,
              48.307813
            ],
            [
              14.3102091,
              48.307763
            ],
            [
              14.3097967,
              48.3075566
            ],
            [
              14.3097538,
              48.3075352
            ],
            [
              14.309604,
              48.3074426
            ],
            [
              14.309479,
              48.3073649
            ],
            [
              14.3094125,
              48.3073295
            ],
            [
              14.3088413,
              48.3070354
            ],
            [
              14.3086346,
              48.306929
            ],
            [
              14.3084767,
              48.3068477
            ],
            [
              14.3082494,
              48.3067313
            ],
            [
              14.3074523,
              48.3063205
            ],
            [
              14.3073952,
              48.3062891
            ],
            [
              14.3072232,
              48.3062024
            ],
            [
              14.3069265,
              48.3060495
            ],
            [
              14.3066106,
              48.3058867
            ],
            [
              14.3062441,
              48.3056978
            ],
            [
              14.3060393,
              48.3055922
            ],
            [
              14.305987,
              48.3055653
            ],
            [
              14.3058543,
              48.3054969
            ],
            [
              14.3057208,
              48.3054421
            ],
            [
              14.3056868,
              48.3054281
            ],
            [
              14.3056387,
              48.3054101
            ],
            [
              14.3053729,
              48.3053109
            ],
            [
              14.3051616,
              48.305232
            ],
            [
              14.3047834,
              48.3050908
            ],
            [
              14.3039123,
              48.3047656
            ],
            [
              14.3039093,
              48.3047645
            ],
            [
              14.3036423,
              48.3046651
            ],
            [
              14.3029267,
              48.3043986
            ],
            [
              14.3026603,
              48.3042994
            ],
            [
              14.302567,
              48.3042647
            ],
            [
              14.3017214,
              48.3039471
            ],
            [
              14.30139,
              48.3038267
            ],
            [
              14.3010058,
              48.3036839
            ],
            [
              14.3005724,
              48.3035209
            ],
            [
              14.3005132,
              48.3034987
            ],
            [
              14.3003813,
              48.3034484
            ],
            [
              14.3002213,
              48.3033952
            ],
            [
              14.3001637,
              48.303376
            ],
            [
              14.2999872,
              48.3033173
            ],
            [
              14.2997,
              48.3032218
            ],
            [
              14.2995298,
              48.3031653
            ],
            [
              14.299296,
              48.3030874
            ],
            [
              14.2991011,
              48.3030225
            ],
            [
              14.2990125,
              48.3029937
            ],
            [
              14.2989251,
              48.3029689
            ],
            [
              14.2986581,
              48.3028931
            ],
            [
              14.2984709,
              48.302847
            ],
            [
              14.2975344,
              48.3026167
            ],
            [
              14.2974531,
              48.3025967
            ],
            [
              14.2974154,
              48.3025874
            ],
            [
              14.2970292,
              48.3024924
            ],
            [
              14.2964478,
              48.3023493
            ],
            [
              14.2964103,
              48.3023401
            ],
            [
              14.2963356,
              48.3023214
            ],
            [
              14.296208,
              48.3022894
            ],
            [
              14.2961444,
              48.3022735
            ],
            [
              14.2960518,
              48.3022503
            ],
            [
              14.2959465,
              48.3022241
            ],
            [
              14.2959104,
              48.3022152
            ],
            [
              14.2957208,
              48.3021681
            ],
            [
              14.2952219,
              48.3020441
            ],
            [
              14.2945289,
              48.3018718
            ],
            [
              14.2944644,
              48.3018558
            ],
            [
              14.2943891,
              48.3018378
            ],
            [
              14.2940636,
              48.3017591
            ],
            [
              14.2934529,
              48.3016118
            ],
            [
              14.292729,
              48.3014378
            ],
            [
              14.2926837,
              48.3014264
            ],
            [
              14.2925738,
              48.3013986
            ],
            [
              14.2924344,
              48.3013634
            ],
            [
              14.2924022,
              48.3013552
            ],
            [
              14.2919763,
              48.3012475
            ],
            [
              14.2908272,
              48.3009571
            ],
            [
              14.2908142,
              48.3009538
            ],
            [
              14.290746,
              48.3009366
            ],
            [
              14.2906858,
              48.3009214
            ],
            [
              14.2906255,
              48.3009061
            ],
            [
              14.2906083,
              48.3009018
            ],
            [
              14.2905906,
              48.3008973
            ],
            [
              14.2905878,
              48.3008966
            ],
            [
              14.2905282,
              48.3008863
            ],
            [
              14.2905246,
              48.3008857
            ],
            [
              14.2904632,
              48.3008752
            ],
            [
              14.2904472,
              48.3008725
            ],
            [
              14.2904409,
              48.3008714
            ],
            [
              14.2892698,
              48.3006913
            ],
            [
              14.2892309,
              48.3006853
            ],
            [
              14.2891474,
              48.3006725
            ],
            [
              14.2887599,
              48.3006129
            ],
            [
              14.2880439,
              48.3005028
            ],
            [
              14.2877905,
              48.3004638
            ],
            [
              14.2875303,
              48.3004238
            ],
            [
              14.2874587,
              48.3004059
            ],
            [
              14.2874121,
              48.3003879
            ],
            [
              14.2873703,
              48.3003471
            ],
            [
              14.2873657,
              48.300329
            ],
            [
              14.2873585,
              48.3003011
            ],
            [
              14.2874282,
              48.2996805
            ],
            [
              14.2874335,
              48.2996443
            ],
            [
              14.287445,
              48.2995659
            ],
            [
              14.2874751,
              48.2993612
            ],
            [
              14.2875389,
              48.2989275
            ],
            [
              14.287561,
              48.2987772
            ],
            [
              14.2876007,
              48.2985075
            ],
            [
              14.2876115,
              48.2984522
            ],
            [
              14.2876536,
              48.298236
            ],
            [
              14.2876606,
              48.2982002
            ],
            [
              14.2876659,
              48.2981736
            ],
            [
              14.2876796,
              48.298104
            ],
            [
              14.2877064,
              48.2979485
            ],
            [
              14.2877508,
              48.2979472
            ],
            [
              14.2878103,
              48.2979114
            ],
            [
              14.2882237,
              48.2975114
            ],
            [
              14.2883047,
              48.2974311
            ],
            [
              14.2883486,
              48.2973887
            ],
            [
              14.2884069,
              48.2973322
            ],
            [
              14.2892136,
              48.2965301
            ],
            [
              14.2893246,
              48.296417
            ],
            [
              14.2893813,
              48.2963523
            ],
            [
              14.2899363,
              48.2957181
            ],
            [
              14.2899713,
              48.2956781
            ],
            [
              14.2900251,
              48.2956516
            ],
            [
              14.2900831,
              48.295632
            ],
            [
              14.2900948,
              48.295574
            ],
            [
              14.2901238,
              48.2955229
            ],
            [
              14.2901394,
              48.2955041
            ],
            [
              14.2903884,
              48.2952025
            ],
            [
              14.2904539,
              48.295131
            ],
            [
              14.2906011,
              48.2949808
            ],
            [
              14.2907651,
              48.294802
            ],
            [
              14.290948,
              48.2946109
            ],
            [
              14.2909999,
              48.2945567
            ],
            [
              14.2916649,
              48.2938507
            ],
            [
              14.2919818,
              48.2935156
            ],
            [
              14.2920412,
              48.293457
            ],
            [
              14.2921216,
              48.2933496
            ],
            [
              14.2920222,
              48.2932314
            ],
            [
              14.2919681,
              48.293167
            ],
            [
              14.2916737,
              48.292817
            ],
            [
              14.2913042,
              48.2923777
            ],
            [
              14.291022,
              48.2920416
            ],
            [
              14.2909653,
              48.2919717
            ],
            [
              14.290963,
              48.2919594
            ],
            [
              14.2909639,
              48.2919481
            ],
            [
              14.2909689,
              48.2919291
            ],
            [
              14.2909863,
              48.2918814
            ],
            [
              14.2909871,
              48.2918616
            ],
            [
              14.2909872,
              48.2918409
            ],
            [
              14.2909659,
              48.2918075
            ],
            [
              14.2905788,
              48.2913499
            ],
            [
              14.2904739,
              48.2912259
            ],
            [
              14.2901896,
              48.2908899
            ],
            [
              14.2901344,
              48.290832
            ],
            [
              14.290076,
              48.2907847
            ],
            [
              14.2900077,
              48.2907428
            ],
            [
              14.2899265,
              48.2907013
            ],
            [
              14.2897448,
              48.2906272
            ],
            [
              14.2897091,
              48.2906224
            ],
            [
              14.2895209,
              48.2906481
            ],
            [
              14.2893375,
              48.2906029
            ],
            [
              14.2892542,
              48.2905863
            ],
            [
              14.289157,
              48.2905673
            ],
            [
              14.2890849,
              48.2905398
            ],
            [
              14.2888147,
              48.2904369
            ],
            [
              14.2882996,
              48.2902419
            ],
            [
              14.2881649,
              48.2901643
            ],
            [
              14.2880855,
              48.2901073
            ],
            [
              14.2880431,
              48.2900765
            ],
            [
              14.2879571,
              48.2900101
            ],
            [
              14.2879226,
              48.2899829
            ],
            [
              14.2878535,
              48.2899141
            ],
            [
              14.2877862,
              48.2898483
            ],
            [
              14.2877742,
              48.2898288
            ],
            [
              14.2877348,
              48.2897604
            ],
            [
              14.2876971,
              48.2896823
            ],
            [
              14.287657,
              48.2895813
            ],
            [
              14.2876389,
              48.2894921
            ],
            [
              14.2876373,
              48.2894265
            ],
            [
              14.2876366,
              48.2894003
            ],
            [
              14.287636,
              48.2893439
            ],
            [
              14.2876356,
              48.2893006
            ],
            [
              14.287636,
              48.2892835
            ],
            [
              14.2876346,
              48.2891054
            ],
            [
              14.2876312,
              48.2889209
            ],
            [
              14.2876519,
              48.2887552
            ],
            [
              14.2876616,
              48.2886958
            ],
            [
              14.2876689,
              48.2886508
            ],
            [
              14.2876821,
              48.2885693
            ],
            [
              14.2877062,
              48.2883692
            ],
            [
              14.2877186,
              48.2882462
            ],
            [
              14.2877212,
              48.2881684
            ],
            [
              14.287723,
              48.2880972
            ],
            [
              14.2877235,
              48.2879584
            ],
            [
              14.2876924,
              48.2878444
            ],
            [
              14.2876203,
              48.2877147
            ],
            [
              14.2876106,
              48.2876972
            ],
            [
              14.287489,
              48.2874956
            ],
            [
              14.2873536,
              48.2873639
            ],
            [
              14.2872198,
              48.287143
            ],
            [
              14.2867281,
              48.2863311
            ],
            [
              14.2864889,
              48.2859562
            ],
            [
              14.286291,
              48.2856461
            ],
            [
              14.2862697,
              48.2856127
            ],
            [
              14.2862341,
              48.285557
            ],
            [
              14.286048,
              48.2852654
            ],
            [
              14.2860215,
              48.2852242
            ],
            [
              14.2859219,
              48.2851133
            ],
            [
              14.2858979,
              48.2850312
            ],
            [
              14.2858837,
              48.2849956
            ],
            [
              14.2857948,
              48.2849097
            ],
            [
              14.2857229,
              48.2848537
            ],
            [
              14.2856461,
              48.2847982
            ],
            [
              14.2855691,
              48.2847482
            ],
            [
              14.2854738,
              48.2846919
            ],
            [
              14.2854583,
              48.284683
            ],
            [
              14.28536,
              48.2846266
            ],
            [
              14.2845929,
              48.2842704
            ],
            [
              14.2845191,
              48.2842273
            ],
            [
              14.2844588,
              48.2841866
            ],
            [
              14.2844115,
              48.2841434
            ],
            [
              14.2843741,
              48.2840996
            ],
            [
              14.2843505,
              48.2840573
            ],
            [
              14.2843384,
              48.2840077
            ],
            [
              14.2843339,
              48.2839612
            ],
            [
              14.284338,
              48.2839069
            ],
            [
              14.2843465,
              48.2838582
            ],
            [
              14.2843603,
              48.2838242
            ],
            [
              14.2843799,
              48.2837759
            ],
            [
              14.2844295,
              48.2836927
            ],
            [
              14.2844907,
              48.2836029
            ],
            [
              14.2847174,
              48.2833097
            ],
            [
              14.2848011,
              48.2832037
            ],
            [
              14.2850716,
              48.2828922
            ],
            [
              14.2853504,
              48.2825936
            ],
            [
              14.2855348,
              48.2824188
            ],
            [
              14.285815,
              48.2821632
            ],
            [
              14.2860759,
              48.2819432
            ],
            [
              14.2862408,
              48.2818084
            ],
            [
              14.2864378,
              48.281668
            ],
            [
              14.286634,
              48.2815375
            ],
            [
              14.2868304,
              48.2814179
            ],
            [
              14.287023,
              48.2813064
            ],
            [
              14.2872447,
              48.2811891
            ],
            [
              14.287581,
              48.2810296
            ],
            [
              14.2880187,
              48.2808545
            ],
            [
              14.2883878,
              48.2807216
            ],
            [
              14.2886886,
              48.2806209
            ],
            [
              14.2889476,
              48.2805422
            ],
            [
              14.2892232,
              48.2804586
            ],
            [
              14.2894636,
              48.2804267
            ],
            [
              14.2898665,
              48.2803149
            ],
            [
              14.2907858,
              48.280069
            ],
            [
              14.2910492,
              48.2799979
            ],
            [
              14.2912458,
              48.2799478
            ],
            [
              14.2915133,
              48.2799059
            ],
            [
              14.2918958,
              48.2798589
            ],
            [
              14.2922372,
              48.2798245
            ],
            [
              14.2925383,
              48.2797889
            ],
            [
              14.2928439,
              48.2797425
            ],
            [
              14.2931326,
              48.279675
            ],
            [
              14.2933914,
              48.2795988
            ],
            [
              14.2936814,
              48.2794868
            ],
            [
              14.2938908,
              48.2793777
            ],
            [
              14.2940803,
              48.2792598
            ],
            [
              14.2942187,
              48.2791601
            ],
            [
              14.2943845,
              48.2790107
            ],
            [
              14.2944896,
              48.2789048
            ],
            [
              14.2946033,
              48.2787515
            ],
            [
              14.2947104,
              48.278575
            ],
            [
              14.2947635,
              48.2784564
            ],
            [
              14.2948208,
              48.278286
            ],
            [
              14.2948807,
              48.2780024
            ],
            [
              14.2949196,
              48.2777751
            ],
            [
              14.2949403,
              48.2774935
            ],
            [
              14.2949638,
              48.276693
            ],
            [
              14.295046,
              48.2764019
            ],
            [
              14.2950476,
              48.2762174
            ],
            [
              14.2950661,
              48.2759793
            ],
            [
              14.2950987,
              48.2757195
            ],
            [
              14.2952001,
              48.2751309
            ],
            [
              14.2954069,
              48.2741869
            ],
            [
              14.2954521,
              48.2738145
            ],
            [
              14.2954855,
              48.2733674
            ],
            [
              14.2955704,
              48.2711019
            ],
            [
              14.2956453,
              48.270456
            ],
            [
              14.2957653,
              48.2698905
            ],
            [
              14.2957941,
              48.269794
            ],
            [
              14.2958687,
              48.2695439
            ],
            [
              14.2959421,
              48.269348
            ],
            [
              14.2959882,
              48.2692247
            ],
            [
              14.2960079,
              48.2691845
            ],
            [
              14.2960865,
              48.2690326
            ],
            [
              14.2962602,
              48.2687581
            ],
            [
              14.2962804,
              48.2687226
            ],
            [
              14.2965175,
              48.2683149
            ],
            [
              14.2971212,
              48.267301
            ],
            [
              14.2973614,
              48.2668634
            ],
            [
              14.2973818,
              48.2667912
            ],
            [
              14.2974439,
              48.2665823
            ],
            [
              14.2974587,
              48.2665323
            ],
            [
              14.2975612,
              48.2663034
            ],
            [
              14.2976687,
              48.2660433
            ],
            [
              14.29775,
              48.2658007
            ],
            [
              14.297807,
              48.2655866
            ],
            [
              14.2978575,
              48.2653427
            ],
            [
              14.2978915,
              48.2650614
            ],
            [
              14.2978979,
              48.2648254
            ],
            [
              14.2978897,
              48.2645869
            ],
            [
              14.297847,
              48.2642627
            ],
            [
              14.2977864,
              48.2639509
            ],
            [
              14.2976559,
              48.2634507
            ],
            [
              14.2974683,
              48.2629056
            ],
            [
              14.2973509,
              48.2626373
            ],
            [
              14.2972541,
              48.2624105
            ],
            [
              14.297061,
              48.262024
            ],
            [
              14.2968469,
              48.2616646
            ],
            [
              14.296628,
              48.2613477
            ],
            [
              14.2963102,
              48.260934
            ],
            [
              14.2960341,
              48.2606068
            ],
            [
              14.2956548,
              48.2602408
            ],
            [
              14.2952962,
              48.2599117
            ],
            [
              14.2948679,
              48.2595805
            ],
            [
              14.2944566,
              48.2592899
            ],
            [
              14.2941584,
              48.2590928
            ],
            [
              14.2938492,
              48.2588943
            ],
            [
              14.2935984,
              48.2587422
            ],
            [
              14.2934286,
              48.258595
            ],
            [
              14.2930996,
              48.2584018
            ],
            [
              14.2924714,
              48.2580708
            ],
            [
              14.2910476,
              48.2572434
            ],
            [
              14.2887541,
              48.2559328
            ],
            [
              14.288287,
              48.2556718
            ],
            [
              14.2880231,
              48.2555329
            ],
            [
              14.2877427,
              48.2553948
            ],
            [
              14.2875286,
              48.2553057
            ],
            [
              14.2875848,
              48.255228
            ],
            [
              14.2876208,
              48.2551709
            ],
            [
              14.2876548,
              48.2551211
            ],
            [
              14.2878078,
              48.2549205
            ],
            [
              14.2880057,
              48.2546829
            ],
            [
              14.2882885,
              48.2543595
            ],
            [
              14.288391,
              48.2542298
            ],
            [
              14.2884813,
              48.2540933
            ],
            [
              14.2885176,
              48.2540223
            ],
            [
              14.2885435,
              48.2539449
            ],
            [
              14.288553,
              48.2538927
            ],
            [
              14.2885571,
              48.2538123
            ],
            [
              14.2885475,
              48.2537332
            ],
            [
              14.2885298,
              48.2536571
            ],
            [
              14.2884521,
              48.2534424
            ],
            [
              14.2884494,
              48.253436
            ],
            [
              14.2884362,
              48.2534049
            ],
            [
              14.2883933,
              48.2532992
            ],
            [
              14.288345,
              48.2531858
            ],
            [
              14.28833,
              48.2531448
            ],
            [
              14.2882182,
              48.252838
            ],
            [
              14.288214,
              48.2528263
            ],
            [
              14.2882042,
              48.2527993
            ],
            [
              14.2881159,
              48.2525559
            ],
            [
              14.2880969,
              48.2524972
            ],
            [
              14.2880767,
              48.2524352
            ],
            [
              14.2880451,
              48.2523206
            ],
            [
              14.2879985,
              48.2521573
            ],
            [
              14.2879728,
              48.2520384
            ],
            [
              14.2879585,
              48.2519656
            ],
            [
              14.2879473,
              48.2519081
            ],
            [
              14.2879149,
              48.2515764
            ],
            [
              14.287892,
              48.2511858
            ],
            [
              14.287888,
              48.2511227
            ],
            [
              14.287884,
              48.2510548
            ],
            [
              14.2879322,
              48.2506508
            ],
            [
              14.2879692,
              48.2503689
            ],
            [
              14.2879949,
              48.2501617
            ],
            [
              14.2879932,
              48.2501212
            ],
            [
              14.2879911,
              48.2500697
            ],
            [
              14.2878865,
              48.2500585
            ],
            [
              14.2878233,
              48.2500517
            ],
            [
              14.287081,
              48.2499432
            ],
            [
              14.2869994,
              48.2499313
            ],
            [
              14.2869185,
              48.249917
            ],
            [
              14.2859992,
              48.2497547
            ],
            [
              14.2859352,
              48.2497434
            ],
            [
              14.2858468,
              48.2497278
            ],
            [
              14.2851295,
              48.2496015
            ],
            [
              14.2848941,
              48.24956
            ],
            [
              14.2848092,
              48.249545
            ],
            [
              14.284722,
              48.2495296
            ],
            [
              14.2847358,
              48.2494689
            ],
            [
              14.2847935,
              48.249216
            ],
            [
              14.2848718,
              48.2488723
            ],
            [
              14.2848803,
              48.2488349
            ],
            [
              14.2849286,
              48.2486485
            ],
            [
              14.2849396,
              48.2486058
            ],
            [
              14.2849827,
              48.2484529
            ],
            [
              14.2850193,
              48.2483497
            ],
            [
              14.2850561,
              48.2482823
            ],
            [
              14.2850981,
              48.2482215
            ],
            [
              14.2851384,
              48.2481633
            ],
            [
              14.2851517,
              48.248144
            ],
            [
              14.2851823,
              48.2480998
            ],
            [
              14.2853108,
              48.2479425
            ],
            [
              14.2853876,
              48.2478511
            ],
            [
              14.2857414,
              48.2474853
            ],
            [
              14.2859585,
              48.2472609
            ],
            [
              14.285992,
              48.2472272
            ],
            [
              14.2864918,
              48.2467268
            ],
            [
              14.2865817,
              48.2466247
            ],
            [
              14.2866598,
              48.2465093
            ],
            [
              14.2867024,
              48.2464387
            ],
            [
              14.2867297,
              48.2463934
            ],
            [
              14.2867419,
              48.2463721
            ],
            [
              14.2867582,
              48.2463344
            ],
            [
              14.2867575,
              48.2463188
            ],
            [
              14.2867531,
              48.2462853
            ],
            [
              14.2867307,
              48.2462639
            ],
            [
              14.2866892,
              48.24624
            ],
            [
              14.286608,
              48.2462103
            ],
            [
              14.2864579,
              48.2461747
            ],
            [
              14.2857212,
              48.2460028
            ],
            [
              14.2856163,
              48.2459737
            ],
            [
              14.2852209,
              48.245864
            ],
            [
              14.2851029,
              48.2458313
            ],
            [
              14.2849827,
              48.2457984
            ],
            [
              14.2845652,
              48.2456732
            ],
            [
              14.2843498,
              48.2456086
            ],
            [
              14.2839312,
              48.245483
            ],
            [
              14.2829549,
              48.24519
            ],
            [
              14.2826463,
              48.2450974
            ],
            [
              14.28226,
              48.2449759
            ],
            [
              14.2820163,
              48.2448946
            ],
            [
              14.2818496,
              48.2448306
            ],
            [
              14.2817737,
              48.2448015
            ],
            [
              14.2816657,
              48.2447548
            ],
            [
              14.2816393,
              48.2447434
            ],
            [
              14.2815763,
              48.2447162
            ],
            [
              14.2813975,
              48.2446172
            ],
            [
              14.2812141,
              48.2445076
            ],
            [
              14.2810775,
              48.2444149
            ],
            [
              14.281045,
              48.2443899
            ],
            [
              14.2809467,
              48.2443142
            ],
            [
              14.2808305,
              48.2442214
            ],
            [
              14.2807283,
              48.2441279
            ],
            [
              14.280614,
              48.2440091
            ],
            [
              14.280514,
              48.2438802
            ],
            [
              14.2804349,
              48.2437531
            ],
            [
              14.2803684,
              48.2436167
            ],
            [
              14.2803391,
              48.2435573
            ],
            [
              14.2802987,
              48.2434764
            ],
            [
              14.280231,
              48.2433407
            ],
            [
              14.2801079,
              48.2431353
            ],
            [
              14.2800802,
              48.2430891
            ],
            [
              14.2800452,
              48.2430307
            ],
            [
              14.2800197,
              48.2429965
            ],
            [
              14.2799502,
              48.2429036
            ],
            [
              14.2799034,
              48.2428409
            ],
            [
              14.2797638,
              48.2426802
            ],
            [
              14.2796225,
              48.2425272
            ],
            [
              14.2795257,
              48.2424414
            ],
            [
              14.2794494,
              48.2423738
            ],
            [
              14.2795654,
              48.2423049
            ],
            [
              14.2797351,
              48.2421515
            ],
            [
              14.2802211,
              48.241712
            ],
            [
              14.2806552,
              48.2412675
            ],
            [
              14.2808038,
              48.2411154
            ],
            [
              14.280861,
              48.2410568
            ],
            [
              14.2809294,
              48.2409864
            ],
            [
              14.2809926,
              48.2409221
            ],
            [
              14.2810876,
              48.2408248
            ],
            [
              14.2811298,
              48.2407817
            ],
            [
              14.2812729,
              48.240636
            ],
            [
              14.281335,
              48.2405727
            ]
          ],
          [
            [
              14.3187743,
              48.3021373
            ],
            [
              14.3184141,
              48.3020475
            ]
          ],
          [
            [
              14.3169031,
              48.3052258
            ],
            [
              14.3168017,
              48.3053985
            ]
          ],
          [
            [
              14.3100264,
              48.3075709
            ],
            [
              14.3101807,
              48.3076502
            ],
            [
              14.3103075,
              48.3077153
            ]
          ],
          [
            [
              14.3049568,
              48.3050857
            ],
            [
              14.3052146,
              48.3051823
            ]
          ],
          [
            [
              14.2995806,
              48.3031027
            ],
            [
              14.2993429,
              48.3030226
            ]
          ],
          [
            [
              14.2961914,
              48.3022269
            ],
            [
              14.2964744,
              48.3022971
            ]
          ],
          [
            [
              14.2904733,
              48.3008167
            ],
            [
              14.2902591,
              48.3007844
            ]
          ],
          [
            [
              14.2883398,
              48.2974779
            ],
            [
              14.2883115,
              48.2974923
            ],
            [
              14.2882033,
              48.297596
            ],
            [
              14.2881952,
              48.2976215
            ]
          ],
          [
            [
              14.2908416,
              48.2948879
            ],
            [
              14.2908087,
              48.2948745
            ],
            [
              14.2906043,
              48.2950967
            ],
            [
              14.2906338,
              48.2951087
            ]
          ],
          [
            [
              14.2902328,
              48.2908133
            ],
            [
              14.2902412,
              48.2908624
            ],
            [
              14.2902796,
              48.2908946
            ],
            [
              14.2903734,
              48.2909894
            ],
            [
              14.2905946,
              48.2912475
            ],
            [
              14.2906501,
              48.2912521
            ]
          ],
          [
            [
              14.2880465,
              48.250504
            ],
            [
              14.288022,
              48.2505021
            ],
            [
              14.2880454,
              48.2502971
            ],
            [
              14.2880692,
              48.2502982
            ]
          ],
          [
            [
              14.2851821,
              48.24955
            ],
            [
              14.2848887,
              48.2495018
            ]
          ],
          [
            [
              14.282397,
              48.2449667
            ],
            [
              14.282755,
              48.2450817
            ]
          ]
        ]
      },
      "id": "relation/1147449"
    }
  ]
}