{
  "type": "FeatureCollection",
  "features": [
    {
      "type": "Feature",
      "properties": {
        "@id": "relation/69587",
        "alternate": "no",
        "colour": "#2d9b54",
        "from": "Karlhof",
        "gtfs:feed": "AT-Linz_AG",
        "gtfs:route_id": "at:esg:12:",
        "name": "Bus 12: Karlhof => Auwiesen",
        "network": "Oberösterreichischer Verkehrsverbund",
        "network:short": "OÖVV",
        "network:wikidata": "Q2011605",
        "network:wikipedia": "de:Oberösterreichischer Verkehrsverbund",
        "operator": "Linz Linien GmbH",
        "public_transport:version": "2",
        "ref": "12",
        "route": "bus",
        "to": "Auwiesen",
        "type": "route"
      },
      "geometry": {
        "type": "MultiLineString",
        "coordinates": [
          [
            [
              14.2837877,
              48.3235307
            ],
            [
              14.2837424,
              48.3235591
            ],
            [
              14.2837239,
              48.3235879
            ],
            [
              14.2837214,
              48.3236042
            ],
            [
              14.2837187,
              48.3236218
            ],
            [
              14.2837401,
              48.3236537
            ],
            [
              14.2837778,
              48.3236746
            ],
            [
              14.2838411,
              48.3236867
            ],
            [
              14.2839168,
              48.323685
            ],
            [
              14.2839843,
              48.323667
            ],
            [
              14.2840389,
              48.3236361
            ],
            [
              14.2840729,
              48.3235995
            ],
            [
              14.2840947,
              48.3235538
            ],
            [
              14.284105,
              48.3235159
            ],
            [
              14.2841048,
              48.3234745
            ],
            [
              14.2840857,
              48.3234318
            ],
            [
              14.2840284,
              48.3233742
            ],
            [
              14.2841991,
              48.3232472
            ],
            [
              14.2843328,
              48.3231471
            ],
            [
              14.2845158,
              48.3230012
            ],
            [
              14.284695,
              48.3228641
            ],
            [
              14.285158,
              48.3225306
            ],
            [
              14.2852576,
              48.3224582
            ],
            [
              14.2853544,
              48.3223879
            ],
            [
              14.2856224,
              48.3222036
            ],
            [
              14.2861207,
              48.3218713
            ],
            [
              14.2865094,
              48.3216265
            ],
            [
              14.2868102,
              48.3214477
            ],
            [
              14.2874767,
              48.3210516
            ],
            [
              14.2876246,
              48.3209651
            ],
            [
              14.2880818,
              48.3206979
            ],
            [
              14.2885503,
              48.3204085
            ],
            [
              14.2890319,
              48.3201197
            ],
            [
              14.2890542,
              48.3201059
            ],
            [
              14.2891856,
              48.3200311
            ],
            [
              14.2893141,
              48.3199572
            ],
            [
              14.2897919,
              48.319712
            ],
            [
              14.2901306,
              48.3195387
            ],
            [
              14.290521,
              48.3193432
            ],
            [
              14.2909967,
              48.3191051
            ],
            [
              14.2910345,
              48.3190905
            ],
            [
              14.2911566,
              48.3190426
            ],
            [
              14.2912258,
              48.3190195
            ],
            [
              14.2912958,
              48.3189954
            ],
            [
              14.2913939,
              48.3189549
            ],
            [
              14.291614,
              48.3188702
            ],
            [
              14.291723,
              48.3188321
            ],
            [
              14.2917636,
              48.3188179
            ],
            [
              14.2920102,
              48.3187396
            ],
            [
              14.2921443,
              48.3186912
            ],
            [
              14.292249,
              48.3186519
            ],
            [
              14.292753,
              48.3184489
            ],
            [
              14.2928722,
              48.3183952
            ],
            [
              14.2928875,
              48.3183112
            ],
            [
              14.2928999,
              48.3182893
            ],
            [
              14.2929285,
              48.3182675
            ],
            [
              14.2931419,
              48.3181709
            ],
            [
              14.2974595,
              48.316121
            ],
            [
              14.2977002,
              48.3159973
            ],
            [
              14.2978348,
              48.3158823
            ],
            [
              14.2979011,
              48.3157878
            ],
            [
              14.2979379,
              48.3156751
            ],
            [
              14.2979627,
              48.3153968
            ],
            [
              14.2979756,
              48.3151989
            ],
            [
              14.2980077,
              48.3148683
            ],
            [
              14.2980623,
              48.3146512
            ],
            [
              14.2980903,
              48.3145282
            ],
            [
              14.2981168,
              48.3143529
            ],
            [
              14.2981279,
              48.3141692
            ],
            [
              14.2981316,
              48.3140167
            ],
            [
              14.2981032,
              48.3137661
            ],
            [
              14.2981062,
              48.3136851
            ],
            [
              14.2981013,
              48.3136002
            ],
            [
              14.2980731,
              48.313111
            ],
            [
              14.2980695,
              48.3129812
            ],
            [
              14.2980522,
              48.3129017
            ],
            [
              14.2980295,
              48.3128127
            ],
            [
              14.2979829,
              48.3126162
            ],
            [
              14.2978968,
              48.3125651
            ],
            [
              14.2977929,
              48.3125034
            ],
            [
              14.2977201,
              48.3124603
            ],
            [
              14.2973665,
              48.3122507
            ],
            [
              14.296964,
              48.3120087
            ],
            [
              14.2967599,
              48.3118903
            ],
            [
              14.2966945,
              48.3118514
            ],
            [
              14.2966437,
              48.3118195
            ],
            [
              14.296566,
              48.3117754
            ],
            [
              14.2967153,
              48.3116684
            ],
            [
              14.296778,
              48.3116231
            ],
            [
              14.2971771,
              48.3113315
            ],
            [
              14.2976734,
              48.3109688
            ],
            [
              14.2979583,
              48.3108428
            ],
            [
              14.2980367,
              48.310794
            ],
            [
              14.2981466,
              48.3107119
            ],
            [
              14.2983128,
              48.3106037
            ],
            [
              14.2983739,
              48.310557
            ],
            [
              14.2985001,
              48.3104484
            ],
            [
              14.2986154,
              48.3103378
            ],
            [
              14.2987049,
              48.3102297
            ],
            [
              14.2987868,
              48.310127
            ],
            [
              14.2988871,
              48.3099864
            ],
            [
              14.298961,
              48.3098551
            ],
            [
              14.2989891,
              48.3098007
            ],
            [
              14.2990043,
              48.3097713
            ],
            [
              14.2990477,
              48.3096872
            ],
            [
              14.2991109,
              48.309557
            ],
            [
              14.2991275,
              48.3095229
            ],
            [
              14.2991811,
              48.3093805
            ],
            [
              14.2992906,
              48.3091057
            ],
            [
              14.2994161,
              48.3087889
            ],
            [
              14.2995415,
              48.308446
            ],
            [
              14.2996325,
              48.308098
            ],
            [
              14.2998185,
              48.3073121
            ],
            [
              14.2998701,
              48.307094
            ],
            [
              14.2998726,
              48.3070835
            ],
            [
              14.2999283,
              48.3068479
            ],
            [
              14.2999374,
              48.3068094
            ],
            [
              14.2999537,
              48.3067405
            ],
            [
              14.2999627,
              48.3066653
            ],
            [
              14.2999675,
              48.3066246
            ],
            [
              14.2999851,
              48.306476
            ],
            [
              14.3,
              48.3063493
            ],
            [
              14.3000347,
              48.3060558
            ],
            [
              14.3001559,
              48.3049786
            ],
            [
              14.3003304,
              48.3037646
            ],
            [
              14.3003547,
              48.3035958
            ],
            [
              14.3003604,
              48.3035565
            ],
            [
              14.3003813,
              48.3034484
            ],
            [
              14.3004003,
              48.3033471
            ],
            [
              14.3004082,
              48.3033157
            ],
            [
              14.30042,
              48.3032688
            ],
            [
              14.3005271,
              48.3028422
            ],
            [
              14.3005339,
              48.3028204
            ],
            [
              14.3006293,
              48.3024307
            ],
            [
              14.3006475,
              48.3023856
            ],
            [
              14.3006842,
              48.3022942
            ],
            [
              14.3007176,
              48.3022109
            ],
            [
              14.3007273,
              48.3021868
            ],
            [
              14.3007677,
              48.3020923
            ],
            [
              14.3007943,
              48.30203
            ],
            [
              14.3009637,
              48.3017132
            ],
            [
              14.3011589,
              48.3013476
            ],
            [
              14.3011301,
              48.301302
            ],
            [
              14.3011665,
              48.3012249
            ],
            [
              14.301178,
              48.3012006
            ],
            [
              14.3012052,
              48.301143
            ],
            [
              14.3012799,
              48.3011191
            ],
            [
              14.3014278,
              48.30084
            ],
            [
              14.3014013,
              48.3007763
            ],
            [
              14.3015481,
              48.3005201
            ],
            [
              14.3015654,
              48.3004897
            ],
            [
              14.3016568,
              48.300374
            ],
            [
              14.30174,
              48.3003496
            ],
            [
              14.3017779,
              48.3002936
            ],
            [
              14.3018472,
              48.3002068
            ],
            [
              14.3019356,
              48.3001227
            ],
            [
              14.3019173,
              48.3000634
            ],
            [
              14.3019561,
              48.300034
            ],
            [
              14.3020467,
              48.2999653
            ],
            [
              14.3022785,
              48.2998017
            ],
            [
              14.3024818,
              48.2996111
            ],
            [
              14.3026595,
              48.2994486
            ],
            [
              14.3029862,
              48.2991498
            ],
            [
              14.3030263,
              48.2991131
            ],
            [
              14.3031606,
              48.2989902
            ],
            [
              14.3030241,
              48.298934
            ],
            [
              14.3029744,
              48.2989044
            ],
            [
              14.3028526,
              48.2988318
            ],
            [
              14.3027652,
              48.2987665
            ],
            [
              14.3026662,
              48.2986781
            ],
            [
              14.3025501,
              48.2985673
            ],
            [
              14.302521,
              48.2985396
            ],
            [
              14.3024759,
              48.2984976
            ],
            [
              14.3023775,
              48.2983867
            ],
            [
              14.3022166,
              48.2984428
            ],
            [
              14.3019018,
              48.2985526
            ],
            [
              14.3018288,
              48.2985781
            ],
            [
              14.3017958,
              48.2985896
            ],
            [
              14.3017108,
              48.2986146
            ],
            [
              14.301573,
              48.2986348
            ],
            [
              14.301504,
              48.2986337
            ],
            [
              14.3014305,
              48.2986252
            ],
            [
              14.3013626,
              48.2986133
            ],
            [
              14.3009788,
              48.298513
            ],
            [
              14.3001486,
              48.2982962
            ],
            [
              14.3000746,
              48.2982769
            ],
            [
              14.3000093,
              48.2982598
            ],
            [
              14.299335,
              48.2980836
            ],
            [
              14.2990002,
              48.2979962
            ],
            [
              14.2988926,
              48.2979681
            ],
            [
              14.2987858,
              48.2979402
            ],
            [
              14.2987195,
              48.2979228
            ],
            [
              14.2985932,
              48.2978898
            ],
            [
              14.2984711,
              48.2978586
            ],
            [
              14.2984325,
              48.2978488
            ],
            [
              14.2981039,
              48.2977646
            ],
            [
              14.297683,
              48.2976569
            ],
            [
              14.2974716,
              48.2976028
            ],
            [
              14.2971059,
              48.2975092
            ],
            [
              14.297062,
              48.2974979
            ],
            [
              14.2970003,
              48.2974822
            ],
            [
              14.2969289,
              48.2974639
            ],
            [
              14.296855,
              48.297445
            ],
            [
              14.2962408,
              48.2972865
            ],
            [
              14.2957777,
              48.2971692
            ],
            [
              14.2957348,
              48.2971581
            ],
            [
              14.2956474,
              48.2971354
            ],
            [
              14.2955361,
              48.2971066
            ],
            [
              14.2955084,
              48.2970994
            ],
            [
              14.2950259,
              48.2969729
            ],
            [
              14.2941672,
              48.2967491
            ],
            [
              14.2940983,
              48.296731
            ],
            [
              14.2940272,
              48.2967124
            ],
            [
              14.2932473,
              48.296507
            ],
            [
              14.2921703,
              48.2962238
            ],
            [
              14.2921303,
              48.2962133
            ],
            [
              14.2920071,
              48.2961809
            ],
            [
              14.2919868,
              48.2961756
            ],
            [
              14.2919618,
              48.2961691
            ],
            [
              14.291855,
              48.296141
            ],
            [
              14.2917955,
              48.2961261
            ],
            [
              14.2917472,
              48.2961139
            ],
            [
              14.291412,
              48.2960289
            ],
            [
              14.2911901,
              48.2959736
            ],
            [
              14.2910896,
              48.2959485
            ],
            [
              14.2902728,
              48.2957387
            ],
            [
              14.2902298,
              48.2957277
            ],
            [
              14.2901538,
              48.2956882
            ],
            [
              14.2900831,
              48.295632
            ],
            [
              14.2899863,
              48.2955576
            ],
            [
              14.2899678,
              48.2955359
            ],
            [
              14.2897809,
              48.295317
            ],
            [
              14.2897078,
              48.2952374
            ],
            [
              14.289589,
              48.2951024
            ],
            [
              14.2892017,
              48.2946697
            ],
            [
              14.2891576,
              48.29462
            ],
            [
              14.2892355,
              48.2945796
            ],
            [
              14.2902681,
              48.2940442
            ],
            [
              14.2903029,
              48.2940268
            ],
            [
              14.2903777,
              48.2939893
            ],
            [
              14.2904362,
              48.2939674
            ],
            [
              14.2904569,
              48.2939596
            ],
            [
              14.2907097,
              48.2938646
            ],
            [
              14.2912747,
              48.2936524
            ],
            [
              14.2917781,
              48.2934632
            ],
            [
              14.2918506,
              48.293436
            ],
            [
              14.2919069,
              48.2934149
            ],
            [
              14.2919903,
              48.2933865
            ],
            [
              14.2921216,
              48.2933496
            ],
            [
              14.2920222,
              48.2932314
            ],
            [
              14.2919681,
              48.293167
            ],
            [
              14.2916737,
              48.292817
            ],
            [
              14.2913042,
              48.2923777
            ],
            [
              14.291022,
              48.2920416
            ],
            [
              14.2909653,
              48.2919717
            ],
            [
              14.2908578,
              48.2918505
            ],
            [
              14.290813,
              48.2918006
            ],
            [
              14.2905937,
              48.2915567
            ],
            [
              14.2902324,
              48.2911546
            ],
            [
              14.2900172,
              48.2909395
            ],
            [
              14.2898888,
              48.2908323
            ],
            [
              14.2897626,
              48.2907591
            ],
            [
              14.2896934,
              48.2907234
            ],
            [
              14.2896364,
              48.290694
            ],
            [
              14.2895209,
              48.2906481
            ],
            [
              14.2893375,
              48.2906029
            ],
            [
              14.2892542,
              48.2905863
            ],
            [
              14.289157,
              48.2905673
            ],
            [
              14.2889577,
              48.2905643
            ],
            [
              14.2888014,
              48.2905442
            ],
            [
              14.2885122,
              48.2905038
            ],
            [
              14.2881607,
              48.2904671
            ],
            [
              14.2879021,
              48.2904442
            ],
            [
              14.2878634,
              48.2904399
            ],
            [
              14.2878135,
              48.2904365
            ],
            [
              14.2877186,
              48.2904236
            ],
            [
              14.2876388,
              48.2904052
            ],
            [
              14.287549,
              48.2903726
            ],
            [
              14.2874923,
              48.2903443
            ],
            [
              14.2874528,
              48.2903082
            ],
            [
              14.287428,
              48.2902608
            ],
            [
              14.2874331,
              48.2902028
            ],
            [
              14.2874546,
              48.2899595
            ],
            [
              14.2874673,
              48.2898446
            ],
            [
              14.2874851,
              48.2895895
            ],
            [
              14.2874856,
              48.2894191
            ],
            [
              14.2874856,
              48.289394
            ],
            [
              14.287492,
              48.289326
            ],
            [
              14.287495,
              48.2892945
            ],
            [
              14.2875047,
              48.2892334
            ],
            [
              14.2875369,
              48.2891223
            ],
            [
              14.2875496,
              48.2890863
            ],
            [
              14.2876312,
              48.2889209
            ],
            [
              14.2876519,
              48.2887552
            ],
            [
              14.2876616,
              48.2886958
            ],
            [
              14.2876689,
              48.2886508
            ],
            [
              14.2876821,
              48.2885693
            ],
            [
              14.2877062,
              48.2883692
            ],
            [
              14.2877186,
              48.2882462
            ],
            [
              14.2877212,
              48.2881684
            ],
            [
              14.287723,
              48.2880972
            ],
            [
              14.2875979,
              48.2878996
            ],
            [
              14.287551,
              48.2878113
            ],
            [
              14.2875129,
              48.2877433
            ],
            [
              14.2874317,
              48.2875983
            ],
            [
              14.2873904,
              48.2875228
            ],
            [
              14.2873536,
              48.2873639
            ],
            [
              14.2872198,
              48.287143
            ],
            [
              14.2867281,
              48.2863311
            ],
            [
              14.2864889,
              48.2859562
            ],
            [
              14.286291,
              48.2856461
            ],
            [
              14.2862697,
              48.2856127
            ],
            [
              14.2862341,
              48.285557
            ],
            [
              14.286048,
              48.2852654
            ],
            [
              14.2860215,
              48.2852242
            ],
            [
              14.2859219,
              48.2851133
            ],
            [
              14.2857999,
              48.285062
            ],
            [
              14.2857684,
              48.2850382
            ],
            [
              14.2856752,
              48.2849591
            ],
            [
              14.2855625,
              48.2848726
            ],
            [
              14.2854911,
              48.2848181
            ],
            [
              14.2854596,
              48.2847952
            ],
            [
              14.2853901,
              48.2847447
            ],
            [
              14.2852886,
              48.2846858
            ],
            [
              14.2851893,
              48.2846373
            ],
            [
              14.2846742,
              48.284399
            ],
            [
              14.2844999,
              48.2843184
            ],
            [
              14.2844047,
              48.2842663
            ],
            [
              14.2843782,
              48.2842515
            ],
            [
              14.2842996,
              48.2841991
            ],
            [
              14.2842282,
              48.2841243
            ],
            [
              14.2841616,
              48.2840037
            ],
            [
              14.2841551,
              48.2839806
            ],
            [
              14.2841479,
              48.2839484
            ],
            [
              14.2841556,
              48.2838949
            ],
            [
              14.2841749,
              48.2838364
            ],
            [
              14.2842067,
              48.2837732
            ],
            [
              14.2842477,
              48.2837148
            ],
            [
              14.2846101,
              48.2832674
            ],
            [
              14.2846958,
              48.2831611
            ],
            [
              14.2849746,
              48.282841
            ],
            [
              14.2852427,
              48.2825566
            ],
            [
              14.2854314,
              48.282375
            ],
            [
              14.285715,
              48.2821141
            ],
            [
              14.2860021,
              48.2818685
            ],
            [
              14.2861701,
              48.2817372
            ],
            [
              14.2863745,
              48.2815906
            ],
            [
              14.2866126,
              48.2814344
            ],
            [
              14.286739,
              48.2812807
            ],
            [
              14.2867686,
              48.2812426
            ],
            [
              14.2867866,
              48.28121
            ],
            [
              14.2867966,
              48.2811796
            ],
            [
              14.2868,
              48.2811519
            ],
            [
              14.2867951,
              48.281118
            ],
            [
              14.2867762,
              48.2810756
            ],
            [
              14.286756,
              48.281049
            ],
            [
              14.2867301,
              48.281027
            ],
            [
              14.2866932,
              48.2810017
            ],
            [
              14.2866597,
              48.2809857
            ],
            [
              14.2866237,
              48.2809735
            ],
            [
              14.2865802,
              48.2809645
            ],
            [
              14.2865402,
              48.2809609
            ],
            [
              14.2864933,
              48.2809621
            ],
            [
              14.286433,
              48.2809725
            ],
            [
              14.2863751,
              48.2809897
            ],
            [
              14.2862846,
              48.2810328
            ],
            [
              14.2861728,
              48.281102
            ],
            [
              14.2859117,
              48.2812934
            ],
            [
              14.2854926,
              48.2816063
            ],
            [
              14.2850927,
              48.281899
            ],
            [
              14.2850249,
              48.2819487
            ],
            [
              14.2849501,
              48.2820049
            ],
            [
              14.2848909,
              48.2820327
            ],
            [
              14.284822,
              48.2820601
            ],
            [
              14.2843227,
              48.2818316
            ],
            [
              14.284252,
              48.2817992
            ],
            [
              14.2838426,
              48.2815967
            ],
            [
              14.2833531,
              48.2813501
            ],
            [
              14.2831761,
              48.2812201
            ],
            [
              14.2829937,
              48.2811279
            ],
            [
              14.28282,
              48.2810369
            ],
            [
              14.2826972,
              48.2809668
            ],
            [
              14.2825306,
              48.2808627
            ],
            [
              14.2824713,
              48.2808208
            ],
            [
              14.2823864,
              48.2807608
            ],
            [
              14.2822733,
              48.2806683
            ],
            [
              14.2821947,
              48.2806041
            ],
            [
              14.2820128,
              48.2804426
            ],
            [
              14.2818228,
              48.2802526
            ],
            [
              14.2816145,
              48.2800544
            ],
            [
              14.2812447,
              48.2797173
            ],
            [
              14.2812158,
              48.2796912
            ],
            [
              14.2811654,
              48.2796503
            ],
            [
              14.2811018,
              48.2796012
            ],
            [
              14.2809436,
              48.2795294
            ],
            [
              14.2807172,
              48.2793641
            ],
            [
              14.2804567,
              48.2791901
            ],
            [
              14.2802987,
              48.2791082
            ],
            [
              14.2800784,
              48.2790084
            ],
            [
              14.2797755,
              48.2788952
            ],
            [
              14.279569,
              48.2788272
            ],
            [
              14.2795408,
              48.278818
            ],
            [
              14.2793787,
              48.2787654
            ],
            [
              14.2791956,
              48.2787016
            ],
            [
              14.2788496,
              48.278539
            ],
            [
              14.2787807,
              48.2785139
            ],
            [
              14.2785853,
              48.2784368
            ],
            [
              14.2784378,
              48.2783744
            ],
            [
              14.2782357,
              48.2782779
            ],
            [
              14.2779679,
              48.2781394
            ],
            [
              14.2778146,
              48.278049
            ],
            [
              14.2777318,
              48.2779974
            ],
            [
              14.2776217,
              48.2779208
            ],
            [
              14.2775241,
              48.2778529
            ],
            [
              14.2774996,
              48.2778363
            ],
            [
              14.2773141,
              48.2777395
            ],
            [
              14.2771918,
              48.2776455
            ],
            [
              14.2770286,
              48.2775114
            ],
            [
              14.2768444,
              48.2773527
            ],
            [
              14.2767606,
              48.2772936
            ],
            [
              14.2768727,
              48.277235
            ],
            [
              14.2769798,
              48.2771754
            ],
            [
              14.2770188,
              48.2771516
            ],
            [
              14.2770884,
              48.2771028
            ],
            [
              14.2772193,
              48.2770111
            ],
            [
              14.2772307,
              48.2770031
            ],
            [
              14.2773156,
              48.2769435
            ],
            [
              14.2773431,
              48.2769242
            ],
            [
              14.2775854,
              48.2767516
            ],
            [
              14.2778923,
              48.2765331
            ],
            [
              14.2779218,
              48.2765123
            ],
            [
              14.2780304,
              48.2764321
            ],
            [
              14.2781862,
              48.276317
            ],
            [
              14.2784543,
              48.2761334
            ],
            [
              14.2785148,
              48.2760919
            ],
            [
              14.2786172,
              48.2760168
            ],
            [
              14.2786809,
              48.2759669
            ],
            [
              14.2786897,
              48.27596
            ],
            [
              14.2787375,
              48.2759145
            ],
            [
              14.2787827,
              48.2758633
            ],
            [
              14.2788148,
              48.2758151
            ],
            [
              14.2788965,
              48.2756779
            ],
            [
              14.2790639,
              48.2753969
            ],
            [
              14.2791976,
              48.2751951
            ],
            [
              14.2796739,
              48.274559
            ],
            [
              14.2797694,
              48.2744313
            ],
            [
              14.2798098,
              48.2743773
            ],
            [
              14.2798967,
              48.2742612
            ],
            [
              14.2799314,
              48.2742148
            ],
            [
              14.2799682,
              48.2741654
            ],
            [
              14.2800257,
              48.2740884
            ],
            [
              14.2801429,
              48.2739315
            ],
            [
              14.2802501,
              48.2737879
            ],
            [
              14.280357,
              48.2736448
            ],
            [
              14.2804731,
              48.2734893
            ],
            [
              14.2805787,
              48.2733477
            ],
            [
              14.2806469,
              48.2732564
            ],
            [
              14.2806685,
              48.2732275
            ],
            [
              14.280799,
              48.2730528
            ],
            [
              14.2808135,
              48.2730333
            ],
            [
              14.2808525,
              48.2729811
            ],
            [
              14.2810217,
              48.2727545
            ],
            [
              14.2810866,
              48.2726664
            ],
            [
              14.2811459,
              48.2725686
            ],
            [
              14.2812051,
              48.2724565
            ],
            [
              14.2812549,
              48.2723545
            ],
            [
              14.2812769,
              48.2723094
            ],
            [
              14.2812965,
              48.2722692
            ],
            [
              14.2813691,
              48.2721177
            ],
            [
              14.2813755,
              48.2721044
            ],
            [
              14.2814499,
              48.2719417
            ],
            [
              14.2815703,
              48.2716896
            ],
            [
              14.2815902,
              48.2716488
            ],
            [
              14.2816661,
              48.2714937
            ],
            [
              14.2817309,
              48.2713829
            ],
            [
              14.2817928,
              48.2712769
            ],
            [
              14.2818155,
              48.2712387
            ],
            [
              14.281876,
              48.2711382
            ],
            [
              14.281972,
              48.2710033
            ],
            [
              14.2821339,
              48.2707952
            ],
            [
              14.282157,
              48.2707666
            ],
            [
              14.282248,
              48.2706471
            ],
            [
              14.2823168,
              48.2705621
            ],
            [
              14.2823423,
              48.2705315
            ],
            [
              14.2823634,
              48.270506
            ],
            [
              14.2824806,
              48.2703646
            ],
            [
              14.2825079,
              48.2703316
            ],
            [
              14.2825486,
              48.2702826
            ],
            [
              14.2826718,
              48.2701363
            ],
            [
              14.2828231,
              48.2699567
            ],
            [
              14.2830408,
              48.2696983
            ],
            [
              14.2832727,
              48.269423
            ],
            [
              14.2834792,
              48.2691832
            ],
            [
              14.2837447,
              48.2689082
            ],
            [
              14.2841129,
              48.2685515
            ],
            [
              14.2841733,
              48.268493
            ],
            [
              14.2843542,
              48.2683177
            ],
            [
              14.2844494,
              48.2682377
            ],
            [
              14.2847592,
              48.2679833
            ],
            [
              14.2848097,
              48.267943
            ],
            [
              14.2850477,
              48.2677529
            ],
            [
              14.2850724,
              48.2677327
            ],
            [
              14.2851911,
              48.267639
            ],
            [
              14.2854019,
              48.2674717
            ],
            [
              14.2858609,
              48.2670969
            ],
            [
              14.2859109,
              48.2670553
            ],
            [
              14.285949,
              48.2670237
            ],
            [
              14.2860539,
              48.2669365
            ],
            [
              14.2861534,
              48.2668539
            ],
            [
              14.2861946,
              48.2668196
            ],
            [
              14.2868152,
              48.2663222
            ],
            [
              14.2868656,
              48.2662818
            ],
            [
              14.2871785,
              48.266031
            ],
            [
              14.2872893,
              48.2659379
            ],
            [
              14.2876396,
              48.2656437
            ],
            [
              14.2877378,
              48.2655612
            ],
            [
              14.2878846,
              48.2654356
            ],
            [
              14.2882104,
              48.2651476
            ],
            [
              14.2883012,
              48.2650615
            ],
            [
              14.2883445,
              48.2650228
            ],
            [
              14.2883951,
              48.2649774
            ],
            [
              14.2885578,
              48.264823
            ],
            [
              14.2886433,
              48.2647368
            ],
            [
              14.2887451,
              48.2646301
            ],
            [
              14.2888723,
              48.2644938
            ],
            [
              14.2890034,
              48.2643427
            ],
            [
              14.2891087,
              48.2642146
            ],
            [
              14.2892389,
              48.264033
            ],
            [
              14.2893427,
              48.2638774
            ],
            [
              14.2894508,
              48.2636979
            ],
            [
              14.2895429,
              48.2635449
            ],
            [
              14.2896154,
              48.2633991
            ],
            [
              14.2897018,
              48.2632029
            ],
            [
              14.2897883,
              48.2629906
            ],
            [
              14.2898728,
              48.2627592
            ],
            [
              14.2899681,
              48.2624835
            ],
            [
              14.2900494,
              48.2621563
            ],
            [
              14.2900849,
              48.2619835
            ],
            [
              14.2901076,
              48.2618729
            ],
            [
              14.2901954,
              48.2614458
            ],
            [
              14.2903192,
              48.2607456
            ],
            [
              14.2904256,
              48.2601387
            ],
            [
              14.290522,
              48.2595896
            ],
            [
              14.2905577,
              48.2593852
            ],
            [
              14.2905892,
              48.2592052
            ],
            [
              14.290608,
              48.2590928
            ],
            [
              14.2906212,
              48.258922
            ],
            [
              14.2906165,
              48.2588253
            ],
            [
              14.2906016,
              48.2587136
            ],
            [
              14.2905711,
              48.2585797
            ],
            [
              14.2905257,
              48.2584595
            ],
            [
              14.2904602,
              48.2583401
            ],
            [
              14.2903625,
              48.2582039
            ],
            [
              14.2902523,
              48.2580907
            ],
            [
              14.2901422,
              48.2579945
            ],
            [
              14.2899185,
              48.2578292
            ],
            [
              14.2896242,
              48.2576495
            ],
            [
              14.2893715,
              48.2575104
            ],
            [
              14.2889054,
              48.2572513
            ],
            [
              14.2885766,
              48.2570685
            ],
            [
              14.2885256,
              48.2570402
            ],
            [
              14.2882449,
              48.2568857
            ],
            [
              14.2881808,
              48.2568485
            ],
            [
              14.2881391,
              48.2568253
            ],
            [
              14.2880904,
              48.2567982
            ],
            [
              14.2877871,
              48.2566296
            ],
            [
              14.2876693,
              48.2565637
            ],
            [
              14.2875817,
              48.2565144
            ],
            [
              14.2875085,
              48.2564664
            ],
            [
              14.2874126,
              48.2564008
            ],
            [
              14.2873204,
              48.2563156
            ],
            [
              14.2872793,
              48.2562582
            ],
            [
              14.287236,
              48.2561777
            ],
            [
              14.2872225,
              48.2561182
            ],
            [
              14.2872259,
              48.2560784
            ],
            [
              14.287228,
              48.2560546
            ],
            [
              14.2872465,
              48.2559702
            ],
            [
              14.2872611,
              48.2559188
            ],
            [
              14.2872842,
              48.2558572
            ],
            [
              14.2873409,
              48.2557056
            ],
            [
              14.287382,
              48.2555959
            ],
            [
              14.2873945,
              48.2555625
            ],
            [
              14.2874144,
              48.2555168
            ],
            [
              14.2874284,
              48.255485
            ],
            [
              14.2874381,
              48.2554628
            ],
            [
              14.2874696,
              48.2554042
            ],
            [
              14.2875286,
              48.2553057
            ],
            [
              14.2875848,
              48.255228
            ],
            [
              14.2876208,
              48.2551709
            ],
            [
              14.2876548,
              48.2551211
            ],
            [
              14.2878078,
              48.2549205
            ],
            [
              14.2880057,
              48.2546829
            ],
            [
              14.2882885,
              48.2543595
            ],
            [
              14.288391,
              48.2542298
            ],
            [
              14.2884813,
              48.2540933
            ],
            [
              14.2885176,
              48.2540223
            ],
            [
              14.2885435,
              48.2539449
            ],
            [
              14.288553,
              48.2538927
            ],
            [
              14.2885571,
              48.2538123
            ],
            [
              14.2885475,
              48.2537332
            ],
            [
              14.2885298,
              48.2536571
            ],
            [
              14.2884521,
              48.2534424
            ],
            [
              14.2884494,
              48.253436
            ],
            [
              14.2884362,
              48.2534049
            ],
            [
              14.2883933,
              48.2532992
            ],
            [
              14.2885837,
              48.2532677
            ],
            [
              14.2886233,
              48.2532611
            ],
            [
              14.2887683,
              48.2532367
            ],
            [
              14.2888289,
              48.2532265
            ],
            [
              14.2890813,
              48.2531842
            ],
            [
              14.2891706,
              48.2531693
            ],
            [
              14.2895414,
              48.2531075
            ],
            [
              14.2895921,
              48.2530984
            ],
            [
              14.2900793,
              48.2530031
            ],
            [
              14.2910901,
              48.2528201
            ],
            [
              14.2913751,
              48.2527685
            ],
            [
              14.2916161,
              48.2527248
            ],
            [
              14.291688,
              48.2527118
            ],
            [
              14.2917572,
              48.2526993
            ],
            [
              14.2917942,
              48.2526926
            ],
            [
              14.291939,
              48.2526664
            ],
            [
              14.2920411,
              48.2526497
            ],
            [
              14.2920834,
              48.2526428
            ],
            [
              14.2922442,
              48.2526165
            ],
            [
              14.2922943,
              48.2526084
            ],
            [
              14.2925638,
              48.2525644
            ],
            [
              14.2928765,
              48.2525138
            ],
            [
              14.2930228,
              48.2524384
            ],
            [
              14.2931826,
              48.2524138
            ],
            [
              14.2933509,
              48.252388
            ],
            [
              14.2935298,
              48.2523605
            ],
            [
              14.2936014,
              48.2523494
            ],
            [
              14.2938897,
              48.2523066
            ],
            [
              14.2940403,
              48.2523292
            ],
            [
              14.2940983,
              48.2523224
            ],
            [
              14.2942427,
              48.2523041
            ],
            [
              14.2943306,
              48.252293
            ],
            [
              14.2944655,
              48.2522759
            ],
            [
              14.2948781,
              48.2522236
            ],
            [
              14.2953642,
              48.252162
            ],
            [
              14.295901,
              48.2521122
            ],
            [
              14.2963801,
              48.252088
            ],
            [
              14.2968041,
              48.2520807
            ],
            [
              14.2972174,
              48.2520816
            ],
            [
              14.2976259,
              48.252092
            ],
            [
              14.2980857,
              48.2521162
            ],
            [
              14.2985311,
              48.2521547
            ],
            [
              14.2988833,
              48.2521956
            ],
            [
              14.299232,
              48.2522479
            ],
            [
              14.2995301,
              48.2523065
            ],
            [
              14.2998255,
              48.2523709
            ],
            [
              14.3004311,
              48.252519
            ],
            [
              14.3007037,
              48.2526017
            ],
            [
              14.3007802,
              48.252493
            ],
            [
              14.300831,
              48.2523928
            ],
            [
              14.3008744,
              48.2523075
            ],
            [
              14.3009349,
              48.2521886
            ],
            [
              14.3009602,
              48.2521388
            ],
            [
              14.3009697,
              48.2521175
            ],
            [
              14.3010606,
              48.251913
            ],
            [
              14.3010844,
              48.2518595
            ],
            [
              14.3013754,
              48.2512043
            ],
            [
              14.30142,
              48.2511041
            ],
            [
              14.3014427,
              48.2510498
            ],
            [
              14.3014667,
              48.2509926
            ],
            [
              14.3015376,
              48.2507
            ],
            [
              14.3015949,
              48.2503323
            ],
            [
              14.3016485,
              48.249989
            ],
            [
              14.3016515,
              48.2499572
            ],
            [
              14.3016749,
              48.2497166
            ],
            [
              14.30168,
              48.2496541
            ],
            [
              14.3016936,
              48.2495102
            ],
            [
              14.3017202,
              48.2493933
            ],
            [
              14.3017663,
              48.2492218
            ],
            [
              14.3017735,
              48.2491934
            ],
            [
              14.3017999,
              48.2491069
            ],
            [
              14.3018407,
              48.2489917
            ],
            [
              14.3019274,
              48.2487862
            ],
            [
              14.3020532,
              48.2485676
            ],
            [
              14.3022319,
              48.248306
            ],
            [
              14.3022505,
              48.2482705
            ],
            [
              14.3022744,
              48.2482247
            ],
            [
              14.3022978,
              48.2481763
            ],
            [
              14.3023406,
              48.2480759
            ],
            [
              14.3025021,
              48.2476954
            ],
            [
              14.3025416,
              48.2476142
            ],
            [
              14.3025978,
              48.247525
            ],
            [
              14.3026441,
              48.2474687
            ],
            [
              14.3027014,
              48.2474079
            ],
            [
              14.3027996,
              48.2473263
            ],
            [
              14.3029127,
              48.2472514
            ],
            [
              14.3030022,
              48.2471921
            ],
            [
              14.303437,
              48.2469512
            ],
            [
              14.3036123,
              48.246854
            ],
            [
              14.3038922,
              48.2466989
            ],
            [
              14.3039841,
              48.246648
            ],
            [
              14.3040932,
              48.2467242
            ],
            [
              14.3041766,
              48.2467824
            ],
            [
              14.304405,
              48.2469419
            ],
            [
              14.304485,
              48.2469977
            ],
            [
              14.3047169,
              48.2471596
            ],
            [
              14.3048459,
              48.2472497
            ],
            [
              14.3049739,
              48.2473348
            ],
            [
              14.3051114,
              48.2474202
            ],
            [
              14.3052865,
              48.247522
            ],
            [
              14.305513,
              48.247644
            ],
            [
              14.305585,
              48.2476836
            ],
            [
              14.3057055,
              48.2477368
            ],
            [
              14.3058654,
              48.2477948
            ],
            [
              14.3061708,
              48.247899
            ],
            [
              14.3071256,
              48.2482744
            ],
            [
              14.3074799,
              48.2484095
            ],
            [
              14.3075994,
              48.248455
            ],
            [
              14.3077774,
              48.2485228
            ],
            [
              14.308297,
              48.2487209
            ],
            [
              14.3082563,
              48.24876
            ],
            [
              14.3082295,
              48.2487859
            ],
            [
              14.308203,
              48.2488114
            ],
            [
              14.3081765,
              48.2488369
            ],
            [
              14.3081619,
              48.248851
            ],
            [
              14.3078263,
              48.2489772
            ]
          ],
          [
            [
              14.3078049,
              48.249025
            ],
            [
              14.3081434,
              48.2488984
            ],
            [
              14.3082241,
              48.2488751
            ]
          ],
          [
            [
              14.304569,
              48.246936
            ],
            [
              14.3042878,
              48.2467496
            ]
          ],
          [
            [
              14.3015573,
              48.2496714
            ],
            [
              14.3015917,
              48.249673
            ],
            [
              14.3015727,
              48.2498542
            ],
            [
              14.3015383,
              48.2498526
            ]
          ],
          [
            [
              14.2933476,
              48.2523141
            ],
            [
              14.2933568,
              48.2523389
            ],
            [
              14.2931665,
              48.25237
            ],
            [
              14.293125,
              48.2523767
            ],
            [
              14.293116,
              48.2523522
            ]
          ],
          [
            [
              14.2887429,
              48.253125
            ],
            [
              14.2887532,
              48.2531496
            ],
            [
              14.2891549,
              48.253075
            ],
            [
              14.2891449,
              48.2530513
            ]
          ],
          [
            [
              14.2873887,
              48.2565084
            ],
            [
              14.287414,
              48.2564971
            ],
            [
              14.2876902,
              48.2566637
            ],
            [
              14.2876608,
              48.2566834
            ]
          ],
          [
            [
              14.2903058,
              48.2599248
            ],
            [
              14.2903591,
              48.2599288
            ],
            [
              14.2904178,
              48.259583
            ],
            [
              14.2903555,
              48.2595783
            ]
          ],
          [
            [
              14.2898433,
              48.2624834
            ],
            [
              14.2898759,
              48.2623621
            ],
            [
              14.2898754,
              48.2623511
            ],
            [
              14.2898745,
              48.2623342
            ],
            [
              14.2898787,
              48.2623017
            ],
            [
              14.289894,
              48.2622436
            ],
            [
              14.2899185,
              48.2621911
            ],
            [
              14.2899331,
              48.2621516
            ]
          ],
          [
            [
              14.2881169,
              48.2650487
            ],
            [
              14.2881573,
              48.2650681
            ],
            [
              14.2877714,
              48.2654106
            ],
            [
              14.2877399,
              48.2653941
            ]
          ],
          [
            [
              14.2853529,
              48.2673528
            ],
            [
              14.2856862,
              48.2670836
            ],
            [
              14.285716,
              48.267046
            ]
          ],
          [
            [
              14.2822695,
              48.2704636
            ],
            [
              14.2823846,
              48.2703295
            ]
          ],
          [
            [
              14.2796137,
              48.274539
            ],
            [
              14.2796404,
              48.2745259
            ],
            [
              14.2797579,
              48.2743693
            ],
            [
              14.2797921,
              48.2743073
            ]
          ],
          [
            [
              14.2854968,
              48.2849027
            ],
            [
              14.2856855,
              48.2850513
            ]
          ],
          [
            [
              14.2874467,
              48.2877972
            ],
            [
              14.2874285,
              48.2877658
            ],
            [
              14.2873529,
              48.2876348
            ]
          ],
          [
            [
              14.2873091,
              48.2903601
            ],
            [
              14.2873847,
              48.2898948
            ]
          ],
          [
            [
              14.2903912,
              48.2915043
            ],
            [
              14.2902529,
              48.2913412
            ],
            [
              14.2900966,
              48.2911569
            ]
          ],
          [
            [
              14.2904615,
              48.2938838
            ],
            [
              14.2904752,
              48.2938993
            ],
            [
              14.2906788,
              48.2938201
            ],
            [
              14.2906662,
              48.2938057
            ]
          ],
          [
            [
              14.2916971,
              48.2961498
            ],
            [
              14.2913334,
              48.2960566
            ]
          ],
          [
            [
              14.2949647,
              48.2970091
            ],
            [
              14.2951433,
              48.2970559
            ],
            [
              14.295238,
              48.2970807
            ]
          ],
          [
            [
              14.29938,
              48.2980099
            ],
            [
              14.2991305,
              48.2979457
            ]
          ],
          [
            [
              14.3026656,
              48.2988335
            ],
            [
              14.3023586,
              48.2986042
            ]
          ],
          [
            [
              14.3004197,
              48.3028086
            ],
            [
              14.3003858,
              48.3029576
            ],
            [
              14.300365,
              48.3029795
            ]
          ],
          [
            [
              14.2998627,
              48.3064384
            ],
            [
              14.2998318,
              48.3066577
            ]
          ],
          [
            [
              14.2990164,
              48.3095221
            ],
            [
              14.2990531,
              48.3095033
            ],
            [
              14.2991127,
              48.309348
            ],
            [
              14.2991242,
              48.3093003
            ]
          ],
          [
            [
              14.2970695,
              48.3112576
            ],
            [
              14.2971043,
              48.3112803
            ],
            [
              14.2968123,
              48.3115029
            ]
          ],
          [
            [
              14.2979123,
              48.3156001
            ],
            [
              14.2979317,
              48.3153708
            ]
          ],
          [
            [
              14.2856015,
              48.3221668
            ],
            [
              14.2854791,
              48.3222505
            ],
            [
              14.285422,
              48.3222897
            ]
          ],
          [
            [
              14.2840558,
              48.3234786
            ],
            [
              14.28377,
              48.3235859
            ]
          ]
        ]
      },
      "id": "relation/69587"
    },
    {
      "type": "Feature",
      "properties": {
        "@id": "relation/1149402",
        "alternate": "no",
        "colour": "#2d9b54",
        "from": "Auwiesen",
        "gtfs:feed": "AT-Linz_AG",
        "gtfs:route_id": "at:esg:12:",
        "name": "Bus 12: Auwiesen => Karlhof",
        "network": "Oberösterreichischer Verkehrsverbund",
        "network:short": "OÖVV",
        "network:wikidata": "Q2011605",
        "network:wikipedia": "de:Oberösterreichischer Verkehrsverbund",
        "operator": "Linz Linien GmbH",
        "public_transport:version": "2",
        "ref": "12",
        "route": "bus",
        "to": "Karlhof",
        "type": "route"
      },
      "geometry": {
        "type": "MultiLineString",
        "coordinates": [
          [
            [
              14.3078263,
              48.2489772
            ],
            [
              14.3077971,
              48.2489859
            ],
            [
              14.3077595,
              48.248997
            ],
            [
              14.3076857,
              48.2490068
            ],
            [
              14.3076088,
              48.2490062
            ],
            [
              14.3075385,
              48.2489965
            ],
            [
              14.3074823,
              48.2489805
            ],
            [
              14.3074642,
              48.2489754
            ],
            [
              14.3073946,
              48.2489353
            ],
            [
              14.3073408,
              48.2488914
            ],
            [
              14.307311,
              48.2488542
            ],
            [
              14.3072935,
              48.248813
            ],
            [
              14.3072886,
              48.2487732
            ],
            [
              14.3072998,
              48.2487282
            ],
            [
              14.3073183,
              48.2486788
            ],
            [
              14.3073676,
              48.2486004
            ],
            [
              14.3074335,
              48.2485186
            ],
            [
              14.3074543,
              48.2484698
            ],
            [
              14.3074799,
              48.2484095
            ],
            [
              14.3071256,
              48.2482744
            ],
            [
              14.3061708,
              48.247899
            ],
            [
              14.3058654,
              48.2477948
            ],
            [
              14.3057055,
              48.2477368
            ],
            [
              14.305585,
              48.2476836
            ],
            [
              14.305513,
              48.247644
            ],
            [
              14.3052865,
              48.247522
            ],
            [
              14.3051114,
              48.2474202
            ],
            [
              14.3049739,
              48.2473348
            ],
            [
              14.3048459,
              48.2472497
            ],
            [
              14.3047169,
              48.2471596
            ],
            [
              14.304485,
              48.2469977
            ],
            [
              14.304405,
              48.2469419
            ],
            [
              14.3041766,
              48.2467824
            ],
            [
              14.3040932,
              48.2467242
            ],
            [
              14.3039841,
              48.246648
            ],
            [
              14.3038922,
              48.2466989
            ],
            [
              14.3036123,
              48.246854
            ],
            [
              14.303437,
              48.2469512
            ],
            [
              14.3030022,
              48.2471921
            ],
            [
              14.3029127,
              48.2472514
            ],
            [
              14.3027996,
              48.2473263
            ],
            [
              14.3027014,
              48.2474079
            ],
            [
              14.3026441,
              48.2474687
            ],
            [
              14.3025978,
              48.247525
            ],
            [
              14.3025416,
              48.2476142
            ],
            [
              14.3025021,
              48.2476954
            ],
            [
              14.3023406,
              48.2480759
            ],
            [
              14.3022978,
              48.2481763
            ],
            [
              14.3022744,
              48.2482247
            ],
            [
              14.3022505,
              48.2482705
            ],
            [
              14.3022319,
              48.248306
            ],
            [
              14.3020532,
              48.2485676
            ],
            [
              14.3019274,
              48.2487862
            ],
            [
              14.3018407,
              48.2489917
            ],
            [
              14.3017999,
              48.2491069
            ],
            [
              14.3017735,
              48.2491934
            ],
            [
              14.3017663,
              48.2492218
            ],
            [
              14.3017202,
              48.2493933
            ],
            [
              14.3016936,
              48.2495102
            ],
            [
              14.30168,
              48.2496541
            ],
            [
              14.3016749,
              48.2497166
            ],
            [
              14.3016515,
              48.2499572
            ],
            [
              14.3016485,
              48.249989
            ],
            [
              14.3015949,
              48.2503323
            ],
            [
              14.3015376,
              48.2507
            ],
            [
              14.3014667,
              48.2509926
            ],
            [
              14.3014427,
              48.2510498
            ],
            [
              14.30142,
              48.2511041
            ],
            [
              14.3013754,
              48.2512043
            ],
            [
              14.3010844,
              48.2518595
            ],
            [
              14.3010606,
              48.251913
            ],
            [
              14.3009697,
              48.2521175
            ],
            [
              14.3009602,
              48.2521388
            ],
            [
              14.3009349,
              48.2521886
            ],
            [
              14.3008744,
              48.2523075
            ],
            [
              14.300831,
              48.2523928
            ],
            [
              14.3007802,
              48.252493
            ],
            [
              14.3007037,
              48.2526017
            ],
            [
              14.3004311,
              48.252519
            ],
            [
              14.2998255,
              48.2523709
            ],
            [
              14.2995301,
              48.2523065
            ],
            [
              14.299232,
              48.2522479
            ],
            [
              14.2988833,
              48.2521956
            ],
            [
              14.2985311,
              48.2521547
            ],
            [
              14.2980857,
              48.2521162
            ],
            [
              14.2976259,
              48.252092
            ],
            [
              14.2972174,
              48.2520816
            ],
            [
              14.2968041,
              48.2520807
            ],
            [
              14.2963801,
              48.252088
            ],
            [
              14.295901,
              48.2521122
            ],
            [
              14.2953642,
              48.252162
            ],
            [
              14.2948781,
              48.2522236
            ],
            [
              14.2944655,
              48.2522759
            ],
            [
              14.2943306,
              48.252293
            ],
            [
              14.2942427,
              48.2523041
            ],
            [
              14.2940983,
              48.2523224
            ],
            [
              14.2940403,
              48.2523292
            ],
            [
              14.293908,
              48.2523904
            ],
            [
              14.2934579,
              48.2524593
            ],
            [
              14.2933554,
              48.252475
            ],
            [
              14.2932093,
              48.2524974
            ],
            [
              14.2930542,
              48.2525211
            ],
            [
              14.2928765,
              48.2525138
            ],
            [
              14.2925638,
              48.2525644
            ],
            [
              14.2922943,
              48.2526084
            ],
            [
              14.2922442,
              48.2526165
            ],
            [
              14.2920834,
              48.2526428
            ],
            [
              14.2920411,
              48.2526497
            ],
            [
              14.291939,
              48.2526664
            ],
            [
              14.2917942,
              48.2526926
            ],
            [
              14.2917572,
              48.2526993
            ],
            [
              14.291688,
              48.2527118
            ],
            [
              14.2916161,
              48.2527248
            ],
            [
              14.2913751,
              48.2527685
            ],
            [
              14.2910901,
              48.2528201
            ],
            [
              14.2900793,
              48.2530031
            ],
            [
              14.2895921,
              48.2530984
            ],
            [
              14.2895414,
              48.2531075
            ],
            [
              14.2891706,
              48.2531693
            ],
            [
              14.2890813,
              48.2531842
            ],
            [
              14.2888289,
              48.2532265
            ],
            [
              14.2887683,
              48.2532367
            ],
            [
              14.2886233,
              48.2532611
            ],
            [
              14.2885837,
              48.2532677
            ],
            [
              14.2883933,
              48.2532992
            ],
            [
              14.2884362,
              48.2534049
            ],
            [
              14.2884494,
              48.253436
            ],
            [
              14.2884521,
              48.2534424
            ],
            [
              14.2885298,
              48.2536571
            ],
            [
              14.2885475,
              48.2537332
            ],
            [
              14.2885571,
              48.2538123
            ],
            [
              14.288553,
              48.2538927
            ],
            [
              14.2885435,
              48.2539449
            ],
            [
              14.2885176,
              48.2540223
            ],
            [
              14.2884813,
              48.2540933
            ],
            [
              14.288391,
              48.2542298
            ],
            [
              14.2882885,
              48.2543595
            ],
            [
              14.2880057,
              48.2546829
            ],
            [
              14.2878078,
              48.2549205
            ],
            [
              14.2876548,
              48.2551211
            ],
            [
              14.2876208,
              48.2551709
            ],
            [
              14.2875848,
              48.255228
            ],
            [
              14.2875286,
              48.2553057
            ],
            [
              14.2874696,
              48.2554042
            ],
            [
              14.2874381,
              48.2554628
            ],
            [
              14.2874284,
              48.255485
            ],
            [
              14.2874144,
              48.2555168
            ],
            [
              14.2873945,
              48.2555625
            ],
            [
              14.287382,
              48.2555959
            ],
            [
              14.2873409,
              48.2557056
            ],
            [
              14.2872842,
              48.2558572
            ],
            [
              14.2872611,
              48.2559188
            ],
            [
              14.2872465,
              48.2559702
            ],
            [
              14.287228,
              48.2560546
            ],
            [
              14.2872259,
              48.2560784
            ],
            [
              14.2872225,
              48.2561182
            ],
            [
              14.287236,
              48.2561777
            ],
            [
              14.2872793,
              48.2562582
            ],
            [
              14.2873204,
              48.2563156
            ],
            [
              14.2874126,
              48.2564008
            ],
            [
              14.2875085,
              48.2564664
            ],
            [
              14.2875817,
              48.2565144
            ],
            [
              14.2876693,
              48.2565637
            ],
            [
              14.2877871,
              48.2566296
            ],
            [
              14.2880904,
              48.2567982
            ],
            [
              14.2881391,
              48.2568253
            ],
            [
              14.2881808,
              48.2568485
            ],
            [
              14.2882449,
              48.2568857
            ],
            [
              14.2885256,
              48.2570402
            ],
            [
              14.2885766,
              48.2570685
            ],
            [
              14.2889054,
              48.2572513
            ],
            [
              14.2893715,
              48.2575104
            ],
            [
              14.2896242,
              48.2576495
            ],
            [
              14.2899185,
              48.2578292
            ],
            [
              14.2901422,
              48.2579945
            ],
            [
              14.2902523,
              48.2580907
            ],
            [
              14.2903625,
              48.2582039
            ],
            [
              14.2904602,
              48.2583401
            ],
            [
              14.2905257,
              48.2584595
            ],
            [
              14.2905711,
              48.2585797
            ],
            [
              14.2906016,
              48.2587136
            ],
            [
              14.2906165,
              48.2588253
            ],
            [
              14.2906212,
              48.258922
            ],
            [
              14.290608,
              48.2590928
            ],
            [
              14.2905892,
              48.2592052
            ],
            [
              14.2905577,
              48.2593852
            ],
            [
              14.290522,
              48.2595896
            ],
            [
              14.2904256,
              48.2601387
            ],
            [
              14.2903192,
              48.2607456
            ],
            [
              14.2901954,
              48.2614458
            ],
            [
              14.2901076,
              48.2618729
            ],
            [
              14.2900849,
              48.2619835
            ],
            [
              14.2900494,
              48.2621563
            ],
            [
              14.2899681,
              48.2624835
            ],
            [
              14.2898728,
              48.2627592
            ],
            [
              14.2897883,
              48.2629906
            ],
            [
              14.2897018,
              48.2632029
            ],
            [
              14.2896154,
              48.2633991
            ],
            [
              14.2895429,
              48.2635449
            ],
            [
              14.2894508,
              48.2636979
            ],
            [
              14.2893427,
              48.2638774
            ],
            [
              14.2892389,
              48.264033
            ],
            [
              14.2891087,
              48.2642146
            ],
            [
              14.2890034,
              48.2643427
            ],
            [
              14.2888723,
              48.2644938
            ],
            [
              14.2887451,
              48.2646301
            ],
            [
              14.2886433,
              48.2647368
            ],
            [
              14.2885578,
              48.264823
            ],
            [
              14.2883951,
              48.2649774
            ],
            [
              14.2883445,
              48.2650228
            ],
            [
              14.2883012,
              48.2650615
            ],
            [
              14.2882104,
              48.2651476
            ],
            [
              14.2878846,
              48.2654356
            ],
            [
              14.2877378,
              48.2655612
            ],
            [
              14.2876396,
              48.2656437
            ],
            [
              14.2872893,
              48.2659379
            ],
            [
              14.2871785,
              48.266031
            ],
            [
              14.2868656,
              48.2662818
            ],
            [
              14.2868152,
              48.2663222
            ],
            [
              14.2861946,
              48.2668196
            ],
            [
              14.2861534,
              48.2668539
            ],
            [
              14.2860539,
              48.2669365
            ],
            [
              14.285949,
              48.2670237
            ],
            [
              14.2859109,
              48.2670553
            ],
            [
              14.2858609,
              48.2670969
            ],
            [
              14.2854019,
              48.2674717
            ],
            [
              14.2851911,
              48.267639
            ],
            [
              14.2850724,
              48.2677327
            ],
            [
              14.2850477,
              48.2677529
            ],
            [
              14.2848097,
              48.267943
            ],
            [
              14.2847592,
              48.2679833
            ],
            [
              14.2844494,
              48.2682377
            ],
            [
              14.2843542,
              48.2683177
            ],
            [
              14.2841733,
              48.268493
            ],
            [
              14.2841129,
              48.2685515
            ],
            [
              14.2837447,
              48.2689082
            ],
            [
              14.2834792,
              48.2691832
            ],
            [
              14.2832727,
              48.269423
            ],
            [
              14.2830408,
              48.2696983
            ],
            [
              14.2828231,
              48.2699567
            ],
            [
              14.2826718,
              48.2701363
            ],
            [
              14.2825486,
              48.2702826
            ],
            [
              14.2825079,
              48.2703316
            ],
            [
              14.2824806,
              48.2703646
            ],
            [
              14.2823634,
              48.270506
            ],
            [
              14.2823423,
              48.2705315
            ],
            [
              14.2823168,
              48.2705621
            ],
            [
              14.282248,
              48.2706471
            ],
            [
              14.282157,
              48.2707666
            ],
            [
              14.2821339,
              48.2707952
            ],
            [
              14.281972,
              48.2710033
            ],
            [
              14.281876,
              48.2711382
            ],
            [
              14.2818155,
              48.2712387
            ],
            [
              14.2817928,
              48.2712769
            ],
            [
              14.2817309,
              48.2713829
            ],
            [
              14.2816661,
              48.2714937
            ],
            [
              14.2815902,
              48.2716488
            ],
            [
              14.2815703,
              48.2716896
            ],
            [
              14.2814499,
              48.2719417
            ],
            [
              14.2813755,
              48.2721044
            ],
            [
              14.2813691,
              48.2721177
            ],
            [
              14.2812965,
              48.2722692
            ],
            [
              14.2812769,
              48.2723094
            ],
            [
              14.2812549,
              48.2723545
            ],
            [
              14.2812051,
              48.2724565
            ],
            [
              14.2811459,
              48.2725686
            ],
            [
              14.2810866,
              48.2726664
            ],
            [
              14.2810217,
              48.2727545
            ],
            [
              14.2808525,
              48.2729811
            ],
            [
              14.2808135,
              48.2730333
            ],
            [
              14.280799,
              48.2730528
            ],
            [
              14.2806685,
              48.2732275
            ],
            [
              14.2806469,
              48.2732564
            ],
            [
              14.2805787,
              48.2733477
            ],
            [
              14.2804731,
              48.2734893
            ],
            [
              14.280357,
              48.2736448
            ],
            [
              14.2802501,
              48.2737879
            ],
            [
              14.2801429,
              48.2739315
            ],
            [
              14.2800257,
              48.2740884
            ],
            [
              14.2799682,
              48.2741654
            ],
            [
              14.2799314,
              48.2742148
            ],
            [
              14.2798967,
              48.2742612
            ],
            [
              14.2798098,
              48.2743773
            ],
            [
              14.2797694,
              48.2744313
            ],
            [
              14.2796739,
              48.274559
            ],
            [
              14.2791976,
              48.2751951
            ],
            [
              14.2790639,
              48.2753969
            ],
            [
              14.2788965,
              48.2756779
            ],
            [
              14.2788148,
              48.2758151
            ],
            [
              14.2787827,
              48.2758633
            ],
            [
              14.2787375,
              48.2759145
            ],
            [
              14.2786897,
              48.27596
            ],
            [
              14.2786809,
              48.2759669
            ],
            [
              14.2786172,
              48.2760168
            ],
            [
              14.2785148,
              48.2760919
            ],
            [
              14.2784543,
              48.2761334
            ],
            [
              14.2781862,
              48.276317
            ],
            [
              14.2780304,
              48.2764321
            ],
            [
              14.2779218,
              48.2765123
            ],
            [
              14.2778923,
              48.2765331
            ],
            [
              14.2775854,
              48.2767516
            ],
            [
              14.2773431,
              48.2769242
            ],
            [
              14.2773156,
              48.2769435
            ],
            [
              14.2772307,
              48.2770031
            ],
            [
              14.2772193,
              48.2770111
            ],
            [
              14.2770884,
              48.2771028
            ],
            [
              14.2770188,
              48.2771516
            ],
            [
              14.2769798,
              48.2771754
            ],
            [
              14.2768727,
              48.277235
            ],
            [
              14.2769503,
              48.2773034
            ],
            [
              14.2773768,
              48.2776798
            ],
            [
              14.2773957,
              48.2776965
            ],
            [
              14.2774996,
              48.2778363
            ],
            [
              14.2775241,
              48.2778529
            ],
            [
              14.2776217,
              48.2779208
            ],
            [
              14.2777318,
              48.2779974
            ],
            [
              14.2778146,
              48.278049
            ],
            [
              14.2779679,
              48.2781394
            ],
            [
              14.2782357,
              48.2782779
            ],
            [
              14.2784378,
              48.2783744
            ],
            [
              14.2785853,
              48.2784368
            ],
            [
              14.2787807,
              48.2785139
            ],
            [
              14.2788496,
              48.278539
            ],
            [
              14.279248,
              48.2786387
            ],
            [
              14.2794429,
              48.2787063
            ],
            [
              14.2795908,
              48.2787572
            ],
            [
              14.2796223,
              48.2787681
            ],
            [
              14.279801,
              48.2788293
            ],
            [
              14.2801402,
              48.2789656
            ],
            [
              14.2803505,
              48.2790603
            ],
            [
              14.2805148,
              48.2791504
            ],
            [
              14.280739,
              48.279293
            ],
            [
              14.280902,
              48.2794134
            ],
            [
              14.2809649,
              48.2794622
            ],
            [
              14.2810059,
              48.2794939
            ],
            [
              14.2811018,
              48.2796012
            ],
            [
              14.2811654,
              48.2796503
            ],
            [
              14.2812158,
              48.2796912
            ],
            [
              14.2812447,
              48.2797173
            ],
            [
              14.2816145,
              48.2800544
            ],
            [
              14.2818228,
              48.2802526
            ],
            [
              14.2820128,
              48.2804426
            ],
            [
              14.2821947,
              48.2806041
            ],
            [
              14.2822733,
              48.2806683
            ],
            [
              14.2823864,
              48.2807608
            ],
            [
              14.2824713,
              48.2808208
            ],
            [
              14.2825306,
              48.2808627
            ],
            [
              14.2826972,
              48.2809668
            ],
            [
              14.28282,
              48.2810369
            ],
            [
              14.2829937,
              48.2811279
            ],
            [
              14.2831761,
              48.2812201
            ],
            [
              14.2834287,
              48.2813076
            ],
            [
              14.2838096,
              48.2814943
            ],
            [
              14.283912,
              48.2815445
            ],
            [
              14.2841739,
              48.2816652
            ],
            [
              14.2843358,
              48.2817399
            ],
            [
              14.2846679,
              48.2818848
            ],
            [
              14.2848541,
              48.2819641
            ],
            [
              14.2849501,
              48.2820049
            ],
            [
              14.2851687,
              48.2820979
            ],
            [
              14.2856285,
              48.2822726
            ],
            [
              14.2860366,
              48.282421
            ],
            [
              14.2862093,
              48.2824834
            ],
            [
              14.2862418,
              48.2824465
            ],
            [
              14.2862838,
              48.2824113
            ],
            [
              14.2866034,
              48.2822202
            ],
            [
              14.2868706,
              48.2820524
            ],
            [
              14.2872439,
              48.2818046
            ],
            [
              14.2873918,
              48.2816943
            ],
            [
              14.2874837,
              48.2816249
            ],
            [
              14.2875547,
              48.2815644
            ],
            [
              14.2875812,
              48.2815258
            ],
            [
              14.287597,
              48.2815003
            ],
            [
              14.2876067,
              48.2814764
            ],
            [
              14.2876101,
              48.2814479
            ],
            [
              14.2876014,
              48.2814167
            ],
            [
              14.2875858,
              48.2813862
            ],
            [
              14.2875615,
              48.2813565
            ],
            [
              14.2875264,
              48.2813287
            ],
            [
              14.287482,
              48.2813034
            ],
            [
              14.2874351,
              48.281287
            ],
            [
              14.2873826,
              48.2812752
            ],
            [
              14.2873262,
              48.2812716
            ],
            [
              14.2872618,
              48.2812767
            ],
            [
              14.2872138,
              48.2812863
            ],
            [
              14.2871636,
              48.2813024
            ],
            [
              14.2871008,
              48.2813282
            ],
            [
              14.2868304,
              48.2814179
            ],
            [
              14.286634,
              48.2815375
            ],
            [
              14.2864378,
              48.281668
            ],
            [
              14.2862408,
              48.2818084
            ],
            [
              14.2860759,
              48.2819432
            ],
            [
              14.285815,
              48.2821632
            ],
            [
              14.2855348,
              48.2824188
            ],
            [
              14.2853504,
              48.2825936
            ],
            [
              14.2850716,
              48.2828922
            ],
            [
              14.2848011,
              48.2832037
            ],
            [
              14.2847174,
              48.2833097
            ],
            [
              14.2844907,
              48.2836029
            ],
            [
              14.2844295,
              48.2836927
            ],
            [
              14.2843799,
              48.2837759
            ],
            [
              14.2843603,
              48.2838242
            ],
            [
              14.2843465,
              48.2838582
            ],
            [
              14.284338,
              48.2839069
            ],
            [
              14.2843339,
              48.2839612
            ],
            [
              14.2843384,
              48.2840077
            ],
            [
              14.2843505,
              48.2840573
            ],
            [
              14.2843741,
              48.2840996
            ],
            [
              14.2844115,
              48.2841434
            ],
            [
              14.2844588,
              48.2841866
            ],
            [
              14.2845191,
              48.2842273
            ],
            [
              14.2845929,
              48.2842704
            ],
            [
              14.28536,
              48.2846266
            ],
            [
              14.2854583,
              48.284683
            ],
            [
              14.2854738,
              48.2846919
            ],
            [
              14.2855691,
              48.2847482
            ],
            [
              14.2856461,
              48.2847982
            ],
            [
              14.2857229,
              48.2848537
            ],
            [
              14.2857948,
              48.2849097
            ],
            [
              14.2858837,
              48.2849956
            ],
            [
              14.2858979,
              48.2850312
            ],
            [
              14.2859219,
              48.2851133
            ],
            [
              14.2860215,
              48.2852242
            ],
            [
              14.286048,
              48.2852654
            ],
            [
              14.2862341,
              48.285557
            ],
            [
              14.2862697,
              48.2856127
            ],
            [
              14.286291,
              48.2856461
            ],
            [
              14.2864889,
              48.2859562
            ],
            [
              14.2867281,
              48.2863311
            ],
            [
              14.2872198,
              48.287143
            ],
            [
              14.2873536,
              48.2873639
            ],
            [
              14.287489,
              48.2874956
            ],
            [
              14.2876106,
              48.2876972
            ],
            [
              14.2876203,
              48.2877147
            ],
            [
              14.2876924,
              48.2878444
            ],
            [
              14.2877235,
              48.2879584
            ],
            [
              14.287723,
              48.2880972
            ],
            [
              14.2877212,
              48.2881684
            ],
            [
              14.2877186,
              48.2882462
            ],
            [
              14.2877062,
              48.2883692
            ],
            [
              14.2876821,
              48.2885693
            ],
            [
              14.2876689,
              48.2886508
            ],
            [
              14.2876616,
              48.2886958
            ],
            [
              14.2876519,
              48.2887552
            ],
            [
              14.2876312,
              48.2889209
            ],
            [
              14.2876346,
              48.2891054
            ],
            [
              14.287636,
              48.2892835
            ],
            [
              14.2876356,
              48.2893006
            ],
            [
              14.287636,
              48.2893439
            ],
            [
              14.2876366,
              48.2894003
            ],
            [
              14.2876373,
              48.2894265
            ],
            [
              14.2876389,
              48.2894921
            ],
            [
              14.287657,
              48.2895813
            ],
            [
              14.2876971,
              48.2896823
            ],
            [
              14.2877348,
              48.2897604
            ],
            [
              14.2877742,
              48.2898288
            ],
            [
              14.2877862,
              48.2898483
            ],
            [
              14.2878535,
              48.2899141
            ],
            [
              14.2879226,
              48.2899829
            ],
            [
              14.2879571,
              48.2900101
            ],
            [
              14.2880431,
              48.2900765
            ],
            [
              14.2880855,
              48.2901073
            ],
            [
              14.2881649,
              48.2901643
            ],
            [
              14.2882996,
              48.2902419
            ],
            [
              14.2888147,
              48.2904369
            ],
            [
              14.2890849,
              48.2905398
            ],
            [
              14.289157,
              48.2905673
            ],
            [
              14.2892542,
              48.2905863
            ],
            [
              14.2893375,
              48.2906029
            ],
            [
              14.2895209,
              48.2906481
            ],
            [
              14.2897091,
              48.2906224
            ],
            [
              14.2897448,
              48.2906272
            ],
            [
              14.2899265,
              48.2907013
            ],
            [
              14.2900077,
              48.2907428
            ],
            [
              14.290076,
              48.2907847
            ],
            [
              14.2901344,
              48.290832
            ],
            [
              14.2901896,
              48.2908899
            ],
            [
              14.2904739,
              48.2912259
            ],
            [
              14.2905788,
              48.2913499
            ],
            [
              14.2909659,
              48.2918075
            ],
            [
              14.2909872,
              48.2918409
            ],
            [
              14.2909871,
              48.2918616
            ],
            [
              14.2909863,
              48.2918814
            ],
            [
              14.2909689,
              48.2919291
            ],
            [
              14.2909639,
              48.2919481
            ],
            [
              14.290963,
              48.2919594
            ],
            [
              14.2909653,
              48.2919717
            ],
            [
              14.291022,
              48.2920416
            ],
            [
              14.2913042,
              48.2923777
            ],
            [
              14.2916737,
              48.292817
            ],
            [
              14.2919681,
              48.293167
            ],
            [
              14.2920222,
              48.2932314
            ],
            [
              14.2921216,
              48.2933496
            ],
            [
              14.2920412,
              48.293457
            ],
            [
              14.2919818,
              48.2935156
            ],
            [
              14.2916649,
              48.2938507
            ],
            [
              14.2909999,
              48.2945567
            ],
            [
              14.290948,
              48.2946109
            ],
            [
              14.2907651,
              48.294802
            ],
            [
              14.2906011,
              48.2949808
            ],
            [
              14.2904539,
              48.295131
            ],
            [
              14.2903884,
              48.2952025
            ],
            [
              14.2901394,
              48.2955041
            ],
            [
              14.2901238,
              48.2955229
            ],
            [
              14.2900948,
              48.295574
            ],
            [
              14.2900831,
              48.295632
            ],
            [
              14.2901538,
              48.2956882
            ],
            [
              14.2902298,
              48.2957277
            ],
            [
              14.2902728,
              48.2957387
            ],
            [
              14.2910896,
              48.2959485
            ],
            [
              14.2911901,
              48.2959736
            ],
            [
              14.291412,
              48.2960289
            ],
            [
              14.2917472,
              48.2961139
            ],
            [
              14.2917955,
              48.2961261
            ],
            [
              14.291855,
              48.296141
            ],
            [
              14.2919618,
              48.2961691
            ],
            [
              14.2919868,
              48.2961756
            ],
            [
              14.2920071,
              48.2961809
            ],
            [
              14.2921303,
              48.2962133
            ],
            [
              14.2921703,
              48.2962238
            ],
            [
              14.2932473,
              48.296507
            ],
            [
              14.2940272,
              48.2967124
            ],
            [
              14.2940983,
              48.296731
            ],
            [
              14.2941672,
              48.2967491
            ],
            [
              14.2950259,
              48.2969729
            ],
            [
              14.2955084,
              48.2970994
            ],
            [
              14.2955361,
              48.2971066
            ],
            [
              14.2956474,
              48.2971354
            ],
            [
              14.2957348,
              48.2971581
            ],
            [
              14.2957777,
              48.2971692
            ],
            [
              14.2962408,
              48.2972865
            ],
            [
              14.296855,
              48.297445
            ],
            [
              14.2969289,
              48.2974639
            ],
            [
              14.2970003,
              48.2974822
            ],
            [
              14.297062,
              48.2974979
            ],
            [
              14.2971059,
              48.2975092
            ],
            [
              14.2974716,
              48.2976028
            ],
            [
              14.297683,
              48.2976569
            ],
            [
              14.2981039,
              48.2977646
            ],
            [
              14.2984325,
              48.2978488
            ],
            [
              14.2984711,
              48.2978586
            ],
            [
              14.2985932,
              48.2978898
            ],
            [
              14.2987195,
              48.2979228
            ],
            [
              14.2987858,
              48.2979402
            ],
            [
              14.2988926,
              48.2979681
            ],
            [
              14.2990002,
              48.2979962
            ],
            [
              14.299335,
              48.2980836
            ],
            [
              14.3000093,
              48.2982598
            ],
            [
              14.3000746,
              48.2982769
            ],
            [
              14.3001486,
              48.2982962
            ],
            [
              14.3009788,
              48.298513
            ],
            [
              14.3013626,
              48.2986133
            ],
            [
              14.3014305,
              48.2986252
            ],
            [
              14.301504,
              48.2986337
            ],
            [
              14.301573,
              48.2986348
            ],
            [
              14.3017108,
              48.2986146
            ],
            [
              14.3017958,
              48.2985896
            ],
            [
              14.3018288,
              48.2985781
            ],
            [
              14.3019018,
              48.2985526
            ],
            [
              14.3022166,
              48.2984428
            ],
            [
              14.3023775,
              48.2983867
            ],
            [
              14.3024759,
              48.2984976
            ],
            [
              14.302521,
              48.2985396
            ],
            [
              14.3025501,
              48.2985673
            ],
            [
              14.3026662,
              48.2986781
            ],
            [
              14.3027652,
              48.2987665
            ],
            [
              14.3028526,
              48.2988318
            ],
            [
              14.3029744,
              48.2989044
            ],
            [
              14.3030241,
              48.298934
            ],
            [
              14.3031606,
              48.2989902
            ],
            [
              14.3030263,
              48.2991131
            ],
            [
              14.3029862,
              48.2991498
            ],
            [
              14.3026595,
              48.2994486
            ],
            [
              14.3024818,
              48.2996111
            ],
            [
              14.3022785,
              48.2998017
            ],
            [
              14.3021192,
              48.3000001
            ],
            [
              14.3020636,
              48.3000531
            ],
            [
              14.3020405,
              48.3000751
            ],
            [
              14.3020085,
              48.3001056
            ],
            [
              14.3019356,
              48.3001227
            ],
            [
              14.3018472,
              48.3002068
            ],
            [
              14.3017779,
              48.3002936
            ],
            [
              14.30174,
              48.3003496
            ],
            [
              14.3017551,
              48.3003998
            ],
            [
              14.3016645,
              48.3005255
            ],
            [
              14.301649,
              48.3005532
            ],
            [
              14.3015076,
              48.3008057
            ],
            [
              14.3014278,
              48.30084
            ],
            [
              14.3012799,
              48.3011191
            ],
            [
              14.3013091,
              48.3011625
            ],
            [
              14.3012878,
              48.3011999
            ],
            [
              14.3012763,
              48.3012201
            ],
            [
              14.3012193,
              48.30132
            ],
            [
              14.3011589,
              48.3013476
            ],
            [
              14.3009637,
              48.3017132
            ],
            [
              14.3007943,
              48.30203
            ],
            [
              14.3007677,
              48.3020923
            ],
            [
              14.3007273,
              48.3021868
            ],
            [
              14.3007176,
              48.3022109
            ],
            [
              14.3006842,
              48.3022942
            ],
            [
              14.3006475,
              48.3023856
            ],
            [
              14.3006293,
              48.3024307
            ],
            [
              14.3005339,
              48.3028204
            ],
            [
              14.3005271,
              48.3028422
            ],
            [
              14.30042,
              48.3032688
            ],
            [
              14.3004082,
              48.3033157
            ],
            [
              14.3004003,
              48.3033471
            ],
            [
              14.3003813,
              48.3034484
            ],
            [
              14.3003604,
              48.3035565
            ],
            [
              14.3003547,
              48.3035958
            ],
            [
              14.3003304,
              48.3037646
            ],
            [
              14.3001559,
              48.3049786
            ],
            [
              14.3000347,
              48.3060558
            ],
            [
              14.3,
              48.3063493
            ],
            [
              14.2999851,
              48.306476
            ],
            [
              14.2999675,
              48.3066246
            ],
            [
              14.2999627,
              48.3066653
            ],
            [
              14.2999537,
              48.3067405
            ],
            [
              14.2999374,
              48.3068094
            ],
            [
              14.2999283,
              48.3068479
            ],
            [
              14.2998726,
              48.3070835
            ],
            [
              14.2998701,
              48.307094
            ],
            [
              14.2998185,
              48.3073121
            ],
            [
              14.2996325,
              48.308098
            ],
            [
              14.2995415,
              48.308446
            ],
            [
              14.2994161,
              48.3087889
            ],
            [
              14.2992906,
              48.3091057
            ],
            [
              14.2991811,
              48.3093805
            ],
            [
              14.2991275,
              48.3095229
            ],
            [
              14.2991109,
              48.309557
            ],
            [
              14.2990477,
              48.3096872
            ],
            [
              14.2989456,
              48.3096326
            ],
            [
              14.2988302,
              48.3095688
            ],
            [
              14.298776,
              48.309539
            ],
            [
              14.2987203,
              48.3095083
            ],
            [
              14.298687,
              48.3094901
            ],
            [
              14.2985644,
              48.3094229
            ],
            [
              14.2984706,
              48.3093671
            ],
            [
              14.2984524,
              48.3093528
            ],
            [
              14.2983895,
              48.3093034
            ],
            [
              14.298313,
              48.3092233
            ],
            [
              14.2982975,
              48.309207
            ],
            [
              14.2982303,
              48.3091301
            ],
            [
              14.2981556,
              48.3090383
            ],
            [
              14.2980652,
              48.3089148
            ],
            [
              14.2980178,
              48.3088499
            ],
            [
              14.297862,
              48.3086343
            ],
            [
              14.2977897,
              48.3085536
            ],
            [
              14.2977351,
              48.3085096
            ],
            [
              14.2976267,
              48.308449
            ],
            [
              14.2975787,
              48.3085291
            ],
            [
              14.2974537,
              48.3086767
            ],
            [
              14.2969262,
              48.309261
            ],
            [
              14.2968737,
              48.309308
            ],
            [
              14.2967807,
              48.3093912
            ],
            [
              14.2967136,
              48.3094387
            ],
            [
              14.2966314,
              48.3094808
            ],
            [
              14.2964663,
              48.3095567
            ],
            [
              14.2962935,
              48.3096362
            ],
            [
              14.2962352,
              48.3096636
            ],
            [
              14.295803,
              48.309866
            ],
            [
              14.295026,
              48.310226
            ],
            [
              14.2948518,
              48.3103121
            ],
            [
              14.2947984,
              48.3103384
            ],
            [
              14.2946263,
              48.3104234
            ],
            [
              14.2946062,
              48.3104334
            ],
            [
              14.294553,
              48.3104597
            ],
            [
              14.2944247,
              48.3105239
            ],
            [
              14.2945435,
              48.3105912
            ],
            [
              14.2945812,
              48.310613
            ],
            [
              14.2953335,
              48.3110678
            ],
            [
              14.295468,
              48.3111468
            ],
            [
              14.2955562,
              48.3111986
            ],
            [
              14.2956204,
              48.3112363
            ],
            [
              14.2958866,
              48.3113162
            ],
            [
              14.2964523,
              48.311638
            ],
            [
              14.2964924,
              48.3116608
            ],
            [
              14.296566,
              48.3117754
            ],
            [
              14.2966437,
              48.3118195
            ],
            [
              14.2966945,
              48.3118514
            ],
            [
              14.2967599,
              48.3118903
            ],
            [
              14.296964,
              48.3120087
            ],
            [
              14.2973665,
              48.3122507
            ],
            [
              14.2977201,
              48.3124603
            ],
            [
              14.2977929,
              48.3125034
            ],
            [
              14.2978968,
              48.3125651
            ],
            [
              14.2979829,
              48.3126162
            ],
            [
              14.298204,
              48.31276
            ],
            [
              14.2982348,
              48.31278
            ],
            [
              14.2984503,
              48.3129202
            ],
            [
              14.2985068,
              48.3129644
            ],
            [
              14.2986412,
              48.3130693
            ],
            [
              14.2990388,
              48.3133818
            ],
            [
              14.2991831,
              48.3134952
            ],
            [
              14.2992418,
              48.313541
            ],
            [
              14.2993887,
              48.3136568
            ],
            [
              14.2994247,
              48.3136851
            ],
            [
              14.2994717,
              48.3137212
            ],
            [
              14.2995563,
              48.3137863
            ],
            [
              14.2996687,
              48.3138809
            ],
            [
              14.2997471,
              48.3139496
            ],
            [
              14.2999058,
              48.3141038
            ],
            [
              14.3000425,
              48.3142382
            ],
            [
              14.3003771,
              48.3145673
            ],
            [
              14.3004494,
              48.3146417
            ],
            [
              14.3004616,
              48.3146538
            ],
            [
              14.3005325,
              48.3147255
            ],
            [
              14.3005701,
              48.3147629
            ],
            [
              14.3006219,
              48.3148145
            ],
            [
              14.300672,
              48.3148643
            ],
            [
              14.3005045,
              48.3149378
            ],
            [
              14.3004603,
              48.3149567
            ],
            [
              14.3001856,
              48.315069
            ],
            [
              14.2999959,
              48.3151459
            ],
            [
              14.2997662,
              48.3152347
            ],
            [
              14.2993802,
              48.3153693
            ],
            [
              14.2992879,
              48.3154015
            ],
            [
              14.2988497,
              48.3155768
            ],
            [
              14.2984934,
              48.3157352
            ],
            [
              14.2980415,
              48.3159371
            ],
            [
              14.2975222,
              48.3161794
            ],
            [
              14.2932071,
              48.318232
            ],
            [
              14.2928722,
              48.3183952
            ],
            [
              14.292753,
              48.3184489
            ],
            [
              14.292249,
              48.3186519
            ],
            [
              14.2921443,
              48.3186912
            ],
            [
              14.2920102,
              48.3187396
            ],
            [
              14.2917949,
              48.3188702
            ],
            [
              14.2917245,
              48.318911
            ],
            [
              14.2914341,
              48.3190563
            ],
            [
              14.2913934,
              48.3190793
            ],
            [
              14.2912887,
              48.319138
            ],
            [
              14.2911672,
              48.3192049
            ],
            [
              14.2906359,
              48.3194766
            ],
            [
              14.2903836,
              48.3196057
            ],
            [
              14.2898133,
              48.3198939
            ],
            [
              14.2896432,
              48.3199765
            ],
            [
              14.2894897,
              48.3200511
            ],
            [
              14.2894652,
              48.3200656
            ],
            [
              14.2893392,
              48.3201398
            ],
            [
              14.2892026,
              48.3202201
            ],
            [
              14.2890888,
              48.3202851
            ],
            [
              14.2885199,
              48.3206221
            ],
            [
              14.2882841,
              48.3207598
            ],
            [
              14.2877269,
              48.3210853
            ],
            [
              14.287576,
              48.3211734
            ],
            [
              14.2872756,
              48.321356
            ],
            [
              14.2866628,
              48.3217285
            ],
            [
              14.2860426,
              48.3221282
            ],
            [
              14.2855075,
              48.3224869
            ],
            [
              14.2854103,
              48.3225542
            ],
            [
              14.2853082,
              48.3226249
            ],
            [
              14.2851377,
              48.3227517
            ],
            [
              14.2848049,
              48.3229991
            ],
            [
              14.2846506,
              48.3230958
            ],
            [
              14.284585,
              48.3231327
            ],
            [
              14.2845663,
              48.3231432
            ],
            [
              14.2844981,
              48.3231811
            ],
            [
              14.284363,
              48.323246
            ],
            [
              14.2842369,
              48.3233003
            ],
            [
              14.2840284,
              48.3233742
            ],
            [
              14.2840216,
              48.3234213
            ],
            [
              14.2840087,
              48.3234396
            ],
            [
              14.2839826,
              48.3234581
            ],
            [
              14.2837877,
              48.3235307
            ]
          ],
          [
            [
              14.2840558,
              48.3234786
            ],
            [
              14.28377,
              48.3235859
            ]
          ],
          [
            [
              14.2853441,
              48.3226475
            ],
            [
              14.2851654,
              48.3227736
            ],
            [
              14.2851856,
              48.3227863
            ]
          ],
          [
            [
              14.2956881,
              48.3110737
            ],
            [
              14.2956521,
              48.3111001
            ],
            [
              14.2956398,
              48.3111092
            ],
            [
              14.2955955,
              48.3110826
            ],
            [
              14.2955025,
              48.3110267
            ],
            [
              14.2955495,
              48.3109921
            ]
          ],
          [
            [
              14.2988883,
              48.3096593
            ],
            [
              14.2986991,
              48.30956
            ]
          ],
          [
            [
              14.3001018,
              48.3068895
            ],
            [
              14.3000674,
              48.3068856
            ],
            [
              14.2999937,
              48.307174
            ]
          ],
          [
            [
              14.3005877,
              48.303296
            ],
            [
              14.3005239,
              48.303289
            ],
            [
              14.3005616,
              48.3031324
            ],
            [
              14.3006253,
              48.3031394
            ]
          ],
          [
            [
              14.3027389,
              48.2995182
            ],
            [
              14.3027258,
              48.2995099
            ],
            [
              14.3028921,
              48.2993573
            ],
            [
              14.3029098,
              48.2993659
            ]
          ],
          [
            [
              14.29938,
              48.2980099
            ],
            [
              14.2991305,
              48.2979457
            ]
          ],
          [
            [
              14.2960592,
              48.2971922
            ],
            [
              14.2963154,
              48.2972597
            ]
          ],
          [
            [
              14.2915654,
              48.2959837
            ],
            [
              14.291898,
              48.2960694
            ]
          ],
          [
            [
              14.2908416,
              48.2948879
            ],
            [
              14.2908087,
              48.2948745
            ],
            [
              14.2906043,
              48.2950967
            ],
            [
              14.2906338,
              48.2951087
            ]
          ],
          [
            [
              14.2902328,
              48.2908133
            ],
            [
              14.2902412,
              48.2908624
            ],
            [
              14.2902796,
              48.2908946
            ],
            [
              14.2903734,
              48.2909894
            ],
            [
              14.2905946,
              48.2912475
            ],
            [
              14.2906501,
              48.2912521
            ]
          ],
          [
            [
              14.2880144,
              48.2899953
            ],
            [
              14.2880625,
              48.2900335
            ],
            [
              14.2881326,
              48.2900887
            ]
          ],
          [
            [
              14.2877832,
              48.2889294
            ],
            [
              14.2877702,
              48.2889608
            ],
            [
              14.287754,
              48.2890997
            ],
            [
              14.2877572,
              48.2891455
            ]
          ],
          [
            [
              14.2862842,
              48.2854136
            ],
            [
              14.2864073,
              48.2856041
            ]
          ],
          [
            [
              14.2773182,
              48.2774921
            ],
            [
              14.2772926,
              48.2775042
            ],
            [
              14.2774831,
              48.2776742
            ],
            [
              14.2775109,
              48.2776585
            ]
          ],
          [
            [
              14.2801699,
              48.2740072
            ],
            [
              14.2800273,
              48.2741995
            ]
          ],
          [
            [
              14.2826086,
              48.2703827
            ],
            [
              14.282465,
              48.2705581
            ]
          ],
          [
            [
              14.2851291,
              48.2678293
            ],
            [
              14.2851007,
              48.2678138
            ],
            [
              14.2848725,
              48.2679994
            ],
            [
              14.2848975,
              48.268013
            ]
          ],
          [
            [
              14.2883194,
              48.2652433
            ],
            [
              14.2882651,
              48.2652157
            ],
            [
              14.2879286,
              48.2655089
            ],
            [
              14.2879662,
              48.265528
            ]
          ],
          [
            [
              14.2901697,
              48.2621534
            ],
            [
              14.2901667,
              48.2622444
            ],
            [
              14.2901396,
              48.2623497
            ],
            [
              14.2901047,
              48.2624003
            ],
            [
              14.2900775,
              48.2624953
            ]
          ],
          [
            [
              14.2906431,
              48.258396
            ],
            [
              14.2906528,
              48.2584833
            ],
            [
              14.2906822,
              48.2586007
            ],
            [
              14.2907052,
              48.2587137
            ],
            [
              14.2907231,
              48.258803
            ],
            [
              14.2907463,
              48.2589129
            ]
          ],
          [
            [
              14.2875097,
              48.2556798
            ],
            [
              14.2874891,
              48.2557306
            ],
            [
              14.2873637,
              48.2560394
            ]
          ],
          [
            [
              14.288873,
              48.2533586
            ],
            [
              14.2888663,
              48.2533413
            ],
            [
              14.2892319,
              48.2532786
            ],
            [
              14.2892391,
              48.2532972
            ]
          ],
          [
            [
              14.2922721,
              48.2526862
            ],
            [
              14.2922676,
              48.2526742
            ],
            [
              14.2925694,
              48.2526237
            ],
            [
              14.2925729,
              48.2526342
            ]
          ],
          [
            [
              14.3017351,
              48.2501319
            ],
            [
              14.3017011,
              48.2503405
            ]
          ],
          [
            [
              14.3043004,
              48.2469518
            ],
            [
              14.304119,
              48.2468264
            ]
          ],
          [
            [
              14.3078049,
              48.249025
            ],
            [
              14.3081434,
              48.2488984
            ],
            [
              14.3082241,
              48.2488751
            ]
          ]
        ]
      },
      "id": "relation/1149402"
    }
  ]
}