{
  "type": "FeatureCollection",
  "features": [
    {
      "type": "Feature",
      "properties": {
        "@id": "relation/69591",
        "colour": "#c59130",
        "from": "Karlhof",
        "gtfs:feed": "AT-Linz_AG",
        "gtfs:route_id": "at:esg:25:",
        "gtfs:shape_id": "2-25-E-e25-1.19.H",
        "gtfs:trip_id:like": "%2-25-E-e25-1.19.H",
        "gtfs:trip_id:sample": "385.TA.2-25-E-e25-1.19.H",
        "name": "Bus 25: Karlhof => Oed",
        "network": "Oberösterreichischer Verkehrsverbund",
        "network:short": "OÖVV",
        "network:wikidata": "Q2011605",
        "network:wikipedia": "de:Oberösterreichischer Verkehrsverbund",
        "operator": "Linz Linien GmbH",
        "public_transport:version": "2",
        "ref": "25",
        "route": "bus",
        "to": "Oed",
        "type": "route"
      },
      "geometry": {
        "type": "MultiLineString",
        "coordinates": [
          [
            [
              14.3200581,
              48.2838027
            ],
            [
              14.3199872,
              48.2837595
            ],
            [
              14.3198777,
              48.2836963
            ],
            [
              14.3198168,
              48.2836628
            ],
            [
              14.3197907,
              48.2836458
            ],
            [
              14.3197514,
              48.283617
            ],
            [
              14.319735,
              48.283529
            ],
            [
              14.3197351,
              48.2834934
            ],
            [
              14.3197455,
              48.2834543
            ],
            [
              14.3197722,
              48.2834193
            ],
            [
              14.3198051,
              48.283388
            ],
            [
              14.3198538,
              48.2833614
            ],
            [
              14.3199716,
              48.2833254
            ],
            [
              14.3201547,
              48.2832772
            ],
            [
              14.320265,
              48.2832438
            ],
            [
              14.3203488,
              48.2832018
            ],
            [
              14.3203971,
              48.2831563
            ],
            [
              14.3204433,
              48.283084
            ],
            [
              14.3204621,
              48.2830095
            ],
            [
              14.320495,
              48.2827839
            ],
            [
              14.3205127,
              48.2826617
            ],
            [
              14.3205228,
              48.2826037
            ],
            [
              14.3205479,
              48.2824635
            ],
            [
              14.3205686,
              48.2823856
            ],
            [
              14.3206797,
              48.2820259
            ],
            [
              14.3207572,
              48.2817701
            ],
            [
              14.3208296,
              48.2815356
            ],
            [
              14.320896,
              48.2813524
            ],
            [
              14.320934,
              48.2812211
            ],
            [
              14.3210881,
              48.2807139
            ],
            [
              14.3211237,
              48.2806019
            ],
            [
              14.3211475,
              48.2805245
            ],
            [
              14.3211714,
              48.2804139
            ],
            [
              14.3212069,
              48.2802243
            ],
            [
              14.321246,
              48.2800691
            ],
            [
              14.3213169,
              48.2798316
            ],
            [
              14.3213317,
              48.2797817
            ],
            [
              14.3214184,
              48.2794967
            ],
            [
              14.3214307,
              48.2794562
            ],
            [
              14.3215064,
              48.2792072
            ],
            [
              14.3215273,
              48.2791382
            ],
            [
              14.321557,
              48.2790406
            ],
            [
              14.3215936,
              48.2789639
            ],
            [
              14.3216765,
              48.2788395
            ],
            [
              14.3217821,
              48.2787215
            ],
            [
              14.3218543,
              48.2786436
            ],
            [
              14.3218705,
              48.2786262
            ],
            [
              14.3219225,
              48.2785467
            ],
            [
              14.3219646,
              48.2784522
            ],
            [
              14.3220878,
              48.2780559
            ],
            [
              14.3221002,
              48.2780132
            ],
            [
              14.3221234,
              48.277924
            ],
            [
              14.3221338,
              48.2778603
            ],
            [
              14.3221385,
              48.2778036
            ],
            [
              14.3221327,
              48.2777592
            ],
            [
              14.3221219,
              48.2776701
            ],
            [
              14.3221268,
              48.2775838
            ],
            [
              14.3221404,
              48.2775186
            ],
            [
              14.3221597,
              48.2774444
            ],
            [
              14.3221834,
              48.2773788
            ],
            [
              14.3222343,
              48.2772806
            ],
            [
              14.3222829,
              48.2771813
            ],
            [
              14.3223082,
              48.2771191
            ],
            [
              14.3223182,
              48.2770884
            ],
            [
              14.3226489,
              48.2759967
            ],
            [
              14.3226692,
              48.2759305
            ],
            [
              14.3227162,
              48.2757735
            ],
            [
              14.3227418,
              48.2756404
            ],
            [
              14.3227573,
              48.2754838
            ],
            [
              14.3227729,
              48.275351
            ],
            [
              14.3228039,
              48.275215
            ],
            [
              14.3226556,
              48.275193
            ],
            [
              14.3223338,
              48.2751473
            ],
            [
              14.3222343,
              48.2751324
            ],
            [
              14.321754,
              48.2750628
            ],
            [
              14.3210595,
              48.2749637
            ],
            [
              14.3208443,
              48.2749338
            ],
            [
              14.3206813,
              48.2749075
            ],
            [
              14.3205675,
              48.2748855
            ],
            [
              14.3204303,
              48.274859
            ],
            [
              14.3202495,
              48.274824
            ],
            [
              14.3200399,
              48.2747834
            ],
            [
              14.3194592,
              48.2747009
            ],
            [
              14.319395,
              48.2746918
            ],
            [
              14.3193188,
              48.2746837
            ],
            [
              14.3191571,
              48.2746667
            ],
            [
              14.3189511,
              48.2746908
            ],
            [
              14.3189132,
              48.2746857
            ],
            [
              14.3186732,
              48.2746512
            ],
            [
              14.3185579,
              48.2746352
            ],
            [
              14.3185197,
              48.2746183
            ],
            [
              14.3184245,
              48.2745704
            ],
            [
              14.3183611,
              48.2745623
            ],
            [
              14.317321,
              48.2744074
            ],
            [
              14.3172621,
              48.274401
            ],
            [
              14.3172094,
              48.2744044
            ],
            [
              14.3171575,
              48.2744124
            ],
            [
              14.3171165,
              48.2744246
            ],
            [
              14.3170627,
              48.2744501
            ],
            [
              14.3170243,
              48.2744859
            ],
            [
              14.317006,
              48.2745222
            ],
            [
              14.3169945,
              48.2745701
            ],
            [
              14.3169972,
              48.2746434
            ],
            [
              14.317037,
              48.2752814
            ],
            [
              14.3170497,
              48.2754854
            ],
            [
              14.3170407,
              48.2756102
            ],
            [
              14.3170189,
              48.2757057
            ],
            [
              14.3169611,
              48.2758827
            ],
            [
              14.3167035,
              48.2766579
            ],
            [
              14.3166753,
              48.2767484
            ],
            [
              14.3165886,
              48.2770277
            ],
            [
              14.3165589,
              48.2771037
            ],
            [
              14.3165091,
              48.2771707
            ],
            [
              14.3164335,
              48.2772407
            ],
            [
              14.3163387,
              48.2772948
            ],
            [
              14.3162406,
              48.2773384
            ],
            [
              14.3161454,
              48.2773649
            ],
            [
              14.316041,
              48.2773795
            ],
            [
              14.3159178,
              48.2773803
            ],
            [
              14.3158143,
              48.2773719
            ],
            [
              14.3154864,
              48.2773271
            ],
            [
              14.3150527,
              48.277263
            ],
            [
              14.3147849,
              48.2772234
            ],
            [
              14.3145808,
              48.2771932
            ],
            [
              14.3144608,
              48.2771663
            ],
            [
              14.3143938,
              48.2771337
            ],
            [
              14.3143131,
              48.2770803
            ],
            [
              14.3142531,
              48.277037
            ],
            [
              14.3141985,
              48.2769977
            ],
            [
              14.3140477,
              48.2769078
            ],
            [
              14.3140005,
              48.2768829
            ],
            [
              14.3138664,
              48.2768206
            ],
            [
              14.3138465,
              48.2768125
            ],
            [
              14.31373,
              48.2767649
            ],
            [
              14.3136577,
              48.2767392
            ],
            [
              14.3135197,
              48.2766901
            ],
            [
              14.3134822,
              48.2766768
            ],
            [
              14.3127899,
              48.2764313
            ],
            [
              14.3126147,
              48.2763739
            ],
            [
              14.3124901,
              48.2765077
            ],
            [
              14.3123595,
              48.2766602
            ],
            [
              14.3120593,
              48.2770047
            ],
            [
              14.3118834,
              48.2771821
            ],
            [
              14.3117023,
              48.2773475
            ],
            [
              14.3115824,
              48.277457
            ],
            [
              14.3114438,
              48.2773917
            ],
            [
              14.3114121,
              48.2773771
            ],
            [
              14.3113757,
              48.2773624
            ],
            [
              14.3113272,
              48.2773427
            ],
            [
              14.3111808,
              48.2773038
            ],
            [
              14.3110792,
              48.2772842
            ],
            [
              14.3109799,
              48.2772679
            ],
            [
              14.3108572,
              48.2772572
            ],
            [
              14.3107226,
              48.2772563
            ],
            [
              14.3106177,
              48.2772743
            ],
            [
              14.3104863,
              48.277311
            ],
            [
              14.310434,
              48.2773318
            ],
            [
              14.3103288,
              48.2773736
            ],
            [
              14.3102025,
              48.2774375
            ],
            [
              14.3101223,
              48.2774781
            ],
            [
              14.3099768,
              48.2775517
            ],
            [
              14.3097124,
              48.2776887
            ],
            [
              14.3095607,
              48.2777637
            ],
            [
              14.3093116,
              48.2778649
            ],
            [
              14.3091345,
              48.277929
            ],
            [
              14.3089951,
              48.2779717
            ],
            [
              14.3088373,
              48.2780075
            ],
            [
              14.3086903,
              48.27803
            ],
            [
              14.3086225,
              48.2780333
            ],
            [
              14.3085186,
              48.2780382
            ],
            [
              14.3083111,
              48.2780308
            ],
            [
              14.3081138,
              48.2780077
            ],
            [
              14.3079702,
              48.2779803
            ],
            [
              14.3079262,
              48.2779719
            ],
            [
              14.3077829,
              48.27794
            ],
            [
              14.30763,
              48.2778796
            ],
            [
              14.3075401,
              48.277844
            ],
            [
              14.3074556,
              48.2778027
            ],
            [
              14.3073718,
              48.2777617
            ],
            [
              14.3073066,
              48.2777175
            ],
            [
              14.3070847,
              48.2775581
            ],
            [
              14.3066205,
              48.2772176
            ],
            [
              14.3065286,
              48.277147
            ],
            [
              14.3061691,
              48.2768989
            ],
            [
              14.3060747,
              48.2768369
            ],
            [
              14.3059544,
              48.2767688
            ],
            [
              14.3058512,
              48.2767153
            ],
            [
              14.3057343,
              48.2766628
            ],
            [
              14.3056532,
              48.2766297
            ],
            [
              14.3055081,
              48.2765777
            ],
            [
              14.3053528,
              48.276528
            ],
            [
              14.3051588,
              48.2764726
            ],
            [
              14.3050871,
              48.2764586
            ],
            [
              14.3049913,
              48.2764398
            ],
            [
              14.30489,
              48.2764234
            ],
            [
              14.3047842,
              48.27641
            ],
            [
              14.3047517,
              48.2764069
            ],
            [
              14.304518,
              48.2763866
            ],
            [
              14.3043505,
              48.2763796
            ],
            [
              14.3041712,
              48.2763772
            ],
            [
              14.3039738,
              48.276391
            ],
            [
              14.3037935,
              48.2764081
            ],
            [
              14.3037391,
              48.2764143
            ],
            [
              14.3034348,
              48.2764471
            ],
            [
              14.3028958,
              48.2765033
            ],
            [
              14.3026761,
              48.2765248
            ],
            [
              14.3025989,
              48.276532
            ],
            [
              14.3024175,
              48.2765404
            ],
            [
              14.302216,
              48.276545
            ],
            [
              14.3020175,
              48.2765396
            ],
            [
              14.3018444,
              48.2765277
            ],
            [
              14.3016888,
              48.2765105
            ],
            [
              14.3015548,
              48.2764935
            ],
            [
              14.3014392,
              48.276472
            ],
            [
              14.3012727,
              48.2764438
            ],
            [
              14.3011066,
              48.2764032
            ],
            [
              14.3009638,
              48.2763653
            ],
            [
              14.3006403,
              48.2762576
            ],
            [
              14.3004968,
              48.2762021
            ],
            [
              14.3003929,
              48.2761535
            ],
            [
              14.3003306,
              48.2761244
            ],
            [
              14.3001503,
              48.276033
            ],
            [
              14.3000802,
              48.2759913
            ],
            [
              14.2999269,
              48.2759001
            ],
            [
              14.2997385,
              48.2757758
            ],
            [
              14.2996313,
              48.2756966
            ],
            [
              14.2995339,
              48.2756165
            ],
            [
              14.2994996,
              48.2755834
            ],
            [
              14.299431,
              48.2755171
            ],
            [
              14.2993277,
              48.2754067
            ],
            [
              14.2992272,
              48.2752811
            ],
            [
              14.299161,
              48.2751804
            ],
            [
              14.2991499,
              48.2751634
            ],
            [
              14.299081,
              48.2750413
            ],
            [
              14.2990218,
              48.2749041
            ],
            [
              14.2989605,
              48.2747249
            ],
            [
              14.2989567,
              48.274714
            ],
            [
              14.2989453,
              48.2746805
            ],
            [
              14.2989336,
              48.2746465
            ],
            [
              14.2988009,
              48.2742532
            ],
            [
              14.2987473,
              48.2740979
            ],
            [
              14.2986766,
              48.273893
            ],
            [
              14.2986636,
              48.273854
            ],
            [
              14.2986092,
              48.2736901
            ],
            [
              14.2985531,
              48.2735388
            ],
            [
              14.2984929,
              48.2734195
            ],
            [
              14.2984682,
              48.27338
            ],
            [
              14.298435,
              48.2733283
            ],
            [
              14.2984117,
              48.2732918
            ],
            [
              14.2982943,
              48.2731474
            ],
            [
              14.2981887,
              48.273035
            ],
            [
              14.2980977,
              48.2729529
            ],
            [
              14.2980061,
              48.2728773
            ],
            [
              14.2978508,
              48.2727692
            ],
            [
              14.2977117,
              48.2726764
            ],
            [
              14.2976295,
              48.2726303
            ],
            [
              14.297609,
              48.2726205
            ],
            [
              14.2975664,
              48.2725985
            ],
            [
              14.2974541,
              48.272548
            ],
            [
              14.29738,
              48.2725178
            ],
            [
              14.2972454,
              48.2725005
            ],
            [
              14.297135,
              48.2724637
            ],
            [
              14.297056,
              48.2724377
            ],
            [
              14.2969637,
              48.2724104
            ],
            [
              14.2968613,
              48.2723853
            ],
            [
              14.2967654,
              48.2723658
            ],
            [
              14.2966486,
              48.2723464
            ],
            [
              14.2965133,
              48.2723317
            ],
            [
              14.2963666,
              48.2722976
            ],
            [
              14.2962562,
              48.2722927
            ],
            [
              14.29612,
              48.2722984
            ],
            [
              14.296058,
              48.2723023
            ],
            [
              14.2959897,
              48.272311
            ],
            [
              14.2959342,
              48.2723245
            ],
            [
              14.2958421,
              48.272354
            ],
            [
              14.2958137,
              48.2724024
            ],
            [
              14.2957745,
              48.2724475
            ],
            [
              14.2957259,
              48.2724883
            ],
            [
              14.295669,
              48.2725239
            ],
            [
              14.2956142,
              48.27255
            ],
            [
              14.295555,
              48.2725713
            ],
            [
              14.2954922,
              48.2725875
            ],
            [
              14.2954269,
              48.2725984
            ],
            [
              14.2953601,
              48.2726038
            ],
            [
              14.295282,
              48.2726031
            ],
            [
              14.2952049,
              48.2725948
            ],
            [
              14.2951303,
              48.2725792
            ],
            [
              14.29506,
              48.2725566
            ],
            [
              14.2949953,
              48.2725275
            ],
            [
              14.2949381,
              48.2724928
            ],
            [
              14.2948889,
              48.272453
            ],
            [
              14.2948488,
              48.2724089
            ],
            [
              14.2948186,
              48.2723614
            ],
            [
              14.294799,
              48.2723116
            ],
            [
              14.2946689,
              48.2722731
            ],
            [
              14.2946126,
              48.2722617
            ],
            [
              14.2945215,
              48.2722556
            ],
            [
              14.2943715,
              48.2722663
            ],
            [
              14.2939776,
              48.2722628
            ],
            [
              14.29271,
              48.2722516
            ],
            [
              14.2926432,
              48.2722493
            ],
            [
              14.2925137,
              48.2722407
            ],
            [
              14.2925228,
              48.2721107
            ],
            [
              14.292532,
              48.2719789
            ],
            [
              14.2925345,
              48.2719439
            ],
            [
              14.2925437,
              48.2718119
            ],
            [
              14.2925514,
              48.271729
            ],
            [
              14.292561,
              48.2716275
            ],
            [
              14.2925646,
              48.2715888
            ],
            [
              14.2925843,
              48.2713795
            ],
            [
              14.292589,
              48.2712897
            ],
            [
              14.2925937,
              48.2710951
            ],
            [
              14.2926023,
              48.2708915
            ],
            [
              14.2926109,
              48.2706894
            ],
            [
              14.2926167,
              48.2705517
            ],
            [
              14.2926207,
              48.2704587
            ],
            [
              14.2926229,
              48.270407
            ],
            [
              14.2926241,
              48.270378
            ],
            [
              14.2926376,
              48.2698874
            ],
            [
              14.2926443,
              48.2696474
            ],
            [
              14.2926466,
              48.2695622
            ],
            [
              14.2925021,
              48.2695606
            ],
            [
              14.2922271,
              48.2695574
            ],
            [
              14.2920315,
              48.2695551
            ],
            [
              14.2919075,
              48.2695537
            ],
            [
              14.2917545,
              48.2695519
            ],
            [
              14.2911717,
              48.2695449
            ],
            [
              14.2902174,
              48.2695297
            ],
            [
              14.2898346,
              48.2695235
            ],
            [
              14.2892563,
              48.2695143
            ],
            [
              14.2889303,
              48.2695091
            ],
            [
              14.2887381,
              48.269506
            ],
            [
              14.2886424,
              48.2695008
            ],
            [
              14.2885391,
              48.269486
            ],
            [
              14.2884675,
              48.2694655
            ],
            [
              14.2883591,
              48.2694217
            ],
            [
              14.2882096,
              48.2693297
            ],
            [
              14.28815,
              48.2692989
            ],
            [
              14.2878788,
              48.2691485
            ],
            [
              14.287128,
              48.2687333
            ],
            [
              14.2869062,
              48.2686077
            ],
            [
              14.2863418,
              48.2682889
            ],
            [
              14.2858923,
              48.268035
            ],
            [
              14.2856716,
              48.2679104
            ],
            [
              14.2853726,
              48.2677415
            ],
            [
              14.2852992,
              48.2677001
            ],
            [
              14.2851911,
              48.267639
            ],
            [
              14.2854019,
              48.2674717
            ],
            [
              14.2858609,
              48.2670969
            ],
            [
              14.2859109,
              48.2670553
            ],
            [
              14.285949,
              48.2670237
            ],
            [
              14.2860539,
              48.2669365
            ],
            [
              14.2859425,
              48.2668729
            ],
            [
              14.2858724,
              48.2668328
            ],
            [
              14.2855479,
              48.2666552
            ],
            [
              14.2853774,
              48.2665567
            ],
            [
              14.2846182,
              48.2661464
            ],
            [
              14.2844341,
              48.2660407
            ],
            [
              14.2842996,
              48.2659565
            ],
            [
              14.2841387,
              48.2658563
            ],
            [
              14.2839451,
              48.2657327
            ],
            [
              14.2837765,
              48.2656144
            ],
            [
              14.2837105,
              48.2655675
            ],
            [
              14.283683,
              48.2655481
            ],
            [
              14.2836605,
              48.2655322
            ],
            [
              14.2836351,
              48.2655143
            ],
            [
              14.2835711,
              48.2654691
            ],
            [
              14.2833168,
              48.2652891
            ],
            [
              14.2832452,
              48.2652384
            ],
            [
              14.2830072,
              48.2650604
            ],
            [
              14.2828164,
              48.264907
            ],
            [
              14.2827447,
              48.2648479
            ],
            [
              14.2826728,
              48.2647885
            ],
            [
              14.2824396,
              48.264596
            ],
            [
              14.2823315,
              48.2645068
            ],
            [
              14.2822325,
              48.2644336
            ],
            [
              14.2821489,
              48.2643705
            ],
            [
              14.2820456,
              48.2642926
            ],
            [
              14.2815859,
              48.2639278
            ],
            [
              14.2807606,
              48.2632731
            ],
            [
              14.2805319,
              48.2630936
            ],
            [
              14.28036,
              48.2629769
            ],
            [
              14.2802221,
              48.2629027
            ],
            [
              14.2801229,
              48.2628535
            ],
            [
              14.2800991,
              48.2628417
            ],
            [
              14.2799123,
              48.2627498
            ],
            [
              14.279809,
              48.2627069
            ],
            [
              14.2797618,
              48.2626873
            ],
            [
              14.2796066,
              48.262628
            ],
            [
              14.2794753,
              48.2625846
            ],
            [
              14.2793452,
              48.2625458
            ],
            [
              14.2793093,
              48.2625358
            ],
            [
              14.2792134,
              48.2625091
            ],
            [
              14.2789952,
              48.2624618
            ],
            [
              14.278875,
              48.2624379
            ],
            [
              14.2787226,
              48.2624129
            ],
            [
              14.2785665,
              48.2623952
            ],
            [
              14.278406,
              48.2623829
            ],
            [
              14.2783202,
              48.2623795
            ],
            [
              14.2781701,
              48.2623735
            ],
            [
              14.2778363,
              48.2623654
            ],
            [
              14.2777076,
              48.2623623
            ],
            [
              14.2774526,
              48.2623561
            ],
            [
              14.2773876,
              48.2623616
            ],
            [
              14.2773257,
              48.2623777
            ],
            [
              14.2772641,
              48.2624135
            ],
            [
              14.2772301,
              48.262454
            ],
            [
              14.2772192,
              48.2625098
            ],
            [
              14.2771777,
              48.2633025
            ],
            [
              14.2771752,
              48.2633508
            ],
            [
              14.2771451,
              48.2636029
            ],
            [
              14.277105,
              48.2638917
            ],
            [
              14.2770682,
              48.2641626
            ],
            [
              14.2770566,
              48.2642226
            ],
            [
              14.2770224,
              48.264433
            ],
            [
              14.2770718,
              48.2644396
            ],
            [
              14.2770986,
              48.2644432
            ],
            [
              14.277248,
              48.26466
            ],
            [
              14.2772541,
              48.2646855
            ],
            [
              14.2772496,
              48.2647091
            ],
            [
              14.2772285,
              48.2647336
            ],
            [
              14.2771987,
              48.2647494
            ]
          ],
          [
            [
              14.3206197,
              48.2837185
            ],
            [
              14.3206177,
              48.2837673
            ],
            [
              14.3205877,
              48.2838277
            ],
            [
              14.3205386,
              48.2838726
            ],
            [
              14.3204501,
              48.2839137
            ],
            [
              14.3203537,
              48.2839301
            ],
            [
              14.3202258,
              48.2839175
            ],
            [
              14.320138,
              48.2838817
            ],
            [
              14.3201055,
              48.2838589
            ],
            [
              14.3200581,
              48.2838027
            ],
            [
              14.3200445,
              48.2837667
            ],
            [
              14.3200416,
              48.2837273
            ],
            [
              14.320062,
              48.283666
            ],
            [
              14.3200841,
              48.2836367
            ],
            [
              14.3201283,
              48.2835999
            ],
            [
              14.3201723,
              48.2835763
            ],
            [
              14.3202509,
              48.2835523
            ],
            [
              14.3203302,
              48.2835448
            ],
            [
              14.3204363,
              48.2835579
            ],
            [
              14.3205107,
              48.2835862
            ],
            [
              14.3205653,
              48.2836239
            ],
            [
              14.3206022,
              48.2836692
            ],
            [
              14.3206197,
              48.2837185
            ]
          ],
          [
            [
              14.3207684,
              48.2883718
            ],
            [
              14.3207916,
              48.2883389
            ],
            [
              14.3208079,
              48.2883104
            ],
            [
              14.3208191,
              48.2882809
            ],
            [
              14.3208243,
              48.2882513
            ],
            [
              14.3208243,
              48.2882234
            ],
            [
              14.320822,
              48.2881968
            ],
            [
              14.3208155,
              48.288172
            ],
            [
              14.3207879,
              48.2881074
            ],
            [
              14.3207701,
              48.2880607
            ],
            [
              14.3207105,
              48.287959
            ],
            [
              14.3206038,
              48.2877125
            ],
            [
              14.3205433,
              48.2875866
            ],
            [
              14.3204175,
              48.2873424
            ],
            [
              14.3202451,
              48.2870389
            ],
            [
              14.3200609,
              48.2867309
            ],
            [
              14.3199578,
              48.2865847
            ],
            [
              14.3198296,
              48.2864377
            ],
            [
              14.3197497,
              48.2863526
            ],
            [
              14.3196157,
              48.2861871
            ],
            [
              14.319549,
              48.2861048
            ],
            [
              14.3194919,
              48.2860342
            ],
            [
              14.3191531,
              48.2856333
            ],
            [
              14.3190576,
              48.2855251
            ],
            [
              14.3189758,
              48.2854401
            ],
            [
              14.3190432,
              48.2853837
            ],
            [
              14.3190774,
              48.2853551
            ],
            [
              14.3191555,
              48.2852834
            ],
            [
              14.3192907,
              48.285157
            ],
            [
              14.3193516,
              48.2850997
            ],
            [
              14.3195263,
              48.2848843
            ],
            [
              14.3196075,
              48.2847764
            ],
            [
              14.3197005,
              48.2846601
            ],
            [
              14.319796,
              48.2845291
            ],
            [
              14.3199472,
              48.2842959
            ],
            [
              14.3200081,
              48.2841986
            ],
            [
              14.3200556,
              48.2841296
            ],
            [
              14.3201228,
              48.2840231
            ],
            [
              14.3201365,
              48.2839568
            ],
            [
              14.320138,
              48.2838817
            ]
          ],
          [
            [
              14.3211839,
              48.2885977
            ],
            [
              14.3211705,
              48.2886185
            ],
            [
              14.3211507,
              48.2886408
            ],
            [
              14.3211327,
              48.2886564
            ],
            [
              14.3211065,
              48.2886743
            ],
            [
              14.3210594,
              48.2886971
            ],
            [
              14.3210289,
              48.2887073
            ],
            [
              14.3209938,
              48.2887156
            ],
            [
              14.3209583,
              48.2887207
            ],
            [
              14.3209224,
              48.2887227
            ],
            [
              14.320885,
              48.2887216
            ],
            [
              14.3208513,
              48.2887178
            ],
            [
              14.3208219,
              48.288712
            ],
            [
              14.3207909,
              48.2887034
            ],
            [
              14.3207703,
              48.2886959
            ],
            [
              14.3207462,
              48.2886852
            ],
            [
              14.3207264,
              48.2886744
            ],
            [
              14.3206987,
              48.2886554
            ],
            [
              14.3206788,
              48.2886376
            ],
            [
              14.3206633,
              48.28862
            ],
            [
              14.3206493,
              48.2885987
            ],
            [
              14.320639,
              48.2885755
            ],
            [
              14.3206338,
              48.2885558
            ],
            [
              14.320632,
              48.2885277
            ],
            [
              14.320636,
              48.2885014
            ],
            [
              14.3206449,
              48.288477
            ],
            [
              14.3206559,
              48.2884574
            ],
            [
              14.320673,
              48.2884354
            ],
            [
              14.3206986,
              48.2884117
            ],
            [
              14.3207214,
              48.2883957
            ],
            [
              14.3207508,
              48.2883796
            ],
            [
              14.3207684,
              48.2883718
            ],
            [
              14.320813,
              48.2883571
            ],
            [
              14.320846,
              48.2883501
            ],
            [
              14.3208829,
              48.2883455
            ],
            [
              14.3209183,
              48.2883442
            ],
            [
              14.3209675,
              48.2883473
            ],
            [
              14.3209955,
              48.2883517
            ],
            [
              14.3210304,
              48.2883601
            ],
            [
              14.3210578,
              48.2883693
            ],
            [
              14.3210849,
              48.288381
            ],
            [
              14.3211081,
              48.2883937
            ],
            [
              14.3211252,
              48.288405
            ],
            [
              14.3211442,
              48.2884201
            ],
            [
              14.3211626,
              48.2884387
            ],
            [
              14.3211761,
              48.2884564
            ],
            [
              14.3211912,
              48.2884847
            ],
            [
              14.3211978,
              48.288506
            ],
            [
              14.3212006,
              48.2885257
            ],
            [
              14.3212,
              48.2885474
            ],
            [
              14.3211967,
              48.2885654
            ],
            [
              14.3211839,
              48.2885977
            ]
          ],
          [
            [
              14.3210849,
              48.288381
            ],
            [
              14.3211809,
              48.2884062
            ],
            [
              14.3212694,
              48.2884199
            ],
            [
              14.3213568,
              48.2884256
            ],
            [
              14.3214353,
              48.288424
            ],
            [
              14.321509,
              48.2884119
            ],
            [
              14.321578,
              48.2883926
            ],
            [
              14.3216194,
              48.2883761
            ],
            [
              14.3216711,
              48.2883493
            ],
            [
              14.3217575,
              48.2882887
            ],
            [
              14.3219024,
              48.2882079
            ],
            [
              14.321838,
              48.2882869
            ],
            [
              14.3217807,
              48.2883528
            ],
            [
              14.3217194,
              48.2884103
            ],
            [
              14.3216945,
              48.2884262
            ],
            [
              14.3216654,
              48.2884425
            ],
            [
              14.3215716,
              48.2884815
            ],
            [
              14.3214868,
              48.2884931
            ],
            [
              14.3213444,
              48.288531
            ],
            [
              14.3212607,
              48.2885609
            ],
            [
              14.3212255,
              48.2885769
            ],
            [
              14.3211839,
              48.2885977
            ],
            [
              14.3211705,
              48.2886185
            ],
            [
              14.3211507,
              48.2886408
            ],
            [
              14.3211327,
              48.2886564
            ],
            [
              14.3211065,
              48.2886743
            ],
            [
              14.3210594,
              48.2886971
            ],
            [
              14.3210289,
              48.2887073
            ],
            [
              14.3209938,
              48.2887156
            ],
            [
              14.3209583,
              48.2887207
            ],
            [
              14.3209224,
              48.2887227
            ],
            [
              14.320885,
              48.2887216
            ],
            [
              14.3208513,
              48.2887178
            ],
            [
              14.3208219,
              48.288712
            ],
            [
              14.3207909,
              48.2887034
            ],
            [
              14.3207703,
              48.2886959
            ],
            [
              14.3207462,
              48.2886852
            ],
            [
              14.3207264,
              48.2886744
            ],
            [
              14.3206987,
              48.2886554
            ],
            [
              14.3206788,
              48.2886376
            ],
            [
              14.3206633,
              48.28862
            ],
            [
              14.3206493,
              48.2885987
            ],
            [
              14.320639,
              48.2885755
            ],
            [
              14.3206338,
              48.2885558
            ],
            [
              14.320632,
              48.2885277
            ],
            [
              14.320636,
              48.2885014
            ],
            [
              14.3206449,
              48.288477
            ],
            [
              14.3206559,
              48.2884574
            ],
            [
              14.320673,
              48.2884354
            ],
            [
              14.3206986,
              48.2884117
            ],
            [
              14.3207214,
              48.2883957
            ],
            [
              14.3207508,
              48.2883796
            ],
            [
              14.3207684,
              48.2883718
            ],
            [
              14.320813,
              48.2883571
            ],
            [
              14.320846,
              48.2883501
            ],
            [
              14.3208829,
              48.2883455
            ],
            [
              14.3209183,
              48.2883442
            ],
            [
              14.3209675,
              48.2883473
            ],
            [
              14.3209955,
              48.2883517
            ],
            [
              14.3210304,
              48.2883601
            ],
            [
              14.3210578,
              48.2883693
            ],
            [
              14.3210849,
              48.288381
            ],
            [
              14.3211081,
              48.2883937
            ],
            [
              14.3211252,
              48.288405
            ],
            [
              14.3211442,
              48.2884201
            ],
            [
              14.3211626,
              48.2884387
            ],
            [
              14.3211761,
              48.2884564
            ],
            [
              14.3211912,
              48.2884847
            ],
            [
              14.3211978,
              48.288506
            ],
            [
              14.3212006,
              48.2885257
            ],
            [
              14.3212,
              48.2885474
            ],
            [
              14.3211967,
              48.2885654
            ],
            [
              14.3211839,
              48.2885977
            ]
          ],
          [
            [
              14.3219463,
              48.2881638
            ],
            [
              14.3219024,
              48.2882079
            ],
            [
              14.3219463,
              48.2881638
            ]
          ],
          [
            [
              14.3223733,
              48.2876139
            ],
            [
              14.3222666,
              48.2877625
            ],
            [
              14.3220945,
              48.2879826
            ],
            [
              14.3219564,
              48.288153
            ],
            [
              14.3219463,
              48.2881638
            ],
            [
              14.3219564,
              48.288153
            ],
            [
              14.3220945,
              48.2879826
            ],
            [
              14.3222666,
              48.2877625
            ],
            [
              14.3223733,
              48.2876139
            ]
          ],
          [
            [
              14.3223733,
              48.2876139
            ],
            [
              14.3224423,
              48.2875146
            ],
            [
              14.3225054,
              48.2874195
            ],
            [
              14.3225675,
              48.2873098
            ],
            [
              14.3225054,
              48.2874195
            ],
            [
              14.3224423,
              48.2875146
            ],
            [
              14.3223733,
              48.2876139
            ]
          ],
          [
            [
              14.3228374,
              48.2873596
            ],
            [
              14.3226592,
              48.2873322
            ],
            [
              14.3225675,
              48.2873098
            ],
            [
              14.3226011,
              48.287243
            ],
            [
              14.3226785,
              48.2870847
            ],
            [
              14.3226914,
              48.2870541
            ],
            [
              14.322769,
              48.2868703
            ],
            [
              14.3228362,
              48.2867113
            ],
            [
              14.3229189,
              48.2867274
            ],
            [
              14.323101,
              48.2867631
            ],
            [
              14.3229213,
              48.2871696
            ],
            [
              14.3228374,
              48.2873596
            ]
          ],
          [
            [
              14.2837877,
              48.3235307
            ],
            [
              14.2837424,
              48.3235591
            ],
            [
              14.2837239,
              48.3235879
            ],
            [
              14.2837214,
              48.3236042
            ],
            [
              14.2837187,
              48.3236218
            ],
            [
              14.2837401,
              48.3236537
            ],
            [
              14.2837778,
              48.3236746
            ],
            [
              14.2838411,
              48.3236867
            ],
            [
              14.2839168,
              48.323685
            ],
            [
              14.2839843,
              48.323667
            ],
            [
              14.2840389,
              48.3236361
            ],
            [
              14.2840729,
              48.3235995
            ],
            [
              14.2840947,
              48.3235538
            ],
            [
              14.284105,
              48.3235159
            ],
            [
              14.2841048,
              48.3234745
            ],
            [
              14.2840857,
              48.3234318
            ],
            [
              14.2840284,
              48.3233742
            ],
            [
              14.2841991,
              48.3232472
            ],
            [
              14.2843328,
              48.3231471
            ],
            [
              14.2845158,
              48.3230012
            ],
            [
              14.284695,
              48.3228641
            ],
            [
              14.285158,
              48.3225306
            ],
            [
              14.2852576,
              48.3224582
            ],
            [
              14.2853544,
              48.3223879
            ],
            [
              14.2856224,
              48.3222036
            ],
            [
              14.2861207,
              48.3218713
            ],
            [
              14.2865094,
              48.3216265
            ],
            [
              14.2868102,
              48.3214477
            ],
            [
              14.2874767,
              48.3210516
            ],
            [
              14.2876246,
              48.3209651
            ],
            [
              14.2880818,
              48.3206979
            ],
            [
              14.2885503,
              48.3204085
            ],
            [
              14.2890319,
              48.3201197
            ],
            [
              14.2890542,
              48.3201059
            ],
            [
              14.2891856,
              48.3200311
            ],
            [
              14.2893141,
              48.3199572
            ],
            [
              14.2897919,
              48.319712
            ],
            [
              14.2901306,
              48.3195387
            ],
            [
              14.290521,
              48.3193432
            ],
            [
              14.2909967,
              48.3191051
            ],
            [
              14.2910345,
              48.3190905
            ],
            [
              14.2911566,
              48.3190426
            ],
            [
              14.2912258,
              48.3190195
            ],
            [
              14.2912958,
              48.3189954
            ],
            [
              14.2913939,
              48.3189549
            ],
            [
              14.291614,
              48.3188702
            ],
            [
              14.291723,
              48.3188321
            ],
            [
              14.2917636,
              48.3188179
            ],
            [
              14.2920102,
              48.3187396
            ],
            [
              14.2921443,
              48.3186912
            ],
            [
              14.292249,
              48.3186519
            ],
            [
              14.292753,
              48.3184489
            ],
            [
              14.2928722,
              48.3183952
            ],
            [
              14.2928875,
              48.3183112
            ],
            [
              14.2928999,
              48.3182893
            ],
            [
              14.2929285,
              48.3182675
            ],
            [
              14.2931419,
              48.3181709
            ],
            [
              14.2974595,
              48.316121
            ],
            [
              14.2977002,
              48.3159973
            ],
            [
              14.2978348,
              48.3158823
            ],
            [
              14.2979011,
              48.3157878
            ],
            [
              14.2979379,
              48.3156751
            ],
            [
              14.2979627,
              48.3153968
            ],
            [
              14.2979756,
              48.3151989
            ],
            [
              14.2980077,
              48.3148683
            ],
            [
              14.2980623,
              48.3146512
            ],
            [
              14.2980903,
              48.3145282
            ],
            [
              14.2981168,
              48.3143529
            ],
            [
              14.2981279,
              48.3141692
            ],
            [
              14.2981316,
              48.3140167
            ],
            [
              14.2981032,
              48.3137661
            ],
            [
              14.2981062,
              48.3136851
            ],
            [
              14.2981013,
              48.3136002
            ],
            [
              14.2980731,
              48.313111
            ],
            [
              14.2980695,
              48.3129812
            ],
            [
              14.2980522,
              48.3129017
            ],
            [
              14.2980295,
              48.3128127
            ],
            [
              14.2979829,
              48.3126162
            ],
            [
              14.2978968,
              48.3125651
            ],
            [
              14.2977929,
              48.3125034
            ],
            [
              14.2977201,
              48.3124603
            ],
            [
              14.2973665,
              48.3122507
            ],
            [
              14.296964,
              48.3120087
            ],
            [
              14.2967599,
              48.3118903
            ],
            [
              14.2966945,
              48.3118514
            ],
            [
              14.2966437,
              48.3118195
            ],
            [
              14.296566,
              48.3117754
            ],
            [
              14.2967153,
              48.3116684
            ],
            [
              14.296778,
              48.3116231
            ],
            [
              14.2971771,
              48.3113315
            ],
            [
              14.2976734,
              48.3109688
            ],
            [
              14.2979583,
              48.3108428
            ],
            [
              14.2980367,
              48.310794
            ],
            [
              14.2981466,
              48.3107119
            ],
            [
              14.2983128,
              48.3106037
            ],
            [
              14.2983739,
              48.310557
            ],
            [
              14.2985001,
              48.3104484
            ],
            [
              14.2986154,
              48.3103378
            ],
            [
              14.2987049,
              48.3102297
            ],
            [
              14.2987868,
              48.310127
            ],
            [
              14.2988871,
              48.3099864
            ],
            [
              14.298961,
              48.3098551
            ],
            [
              14.2989891,
              48.3098007
            ],
            [
              14.2990043,
              48.3097713
            ],
            [
              14.2990477,
              48.3096872
            ],
            [
              14.2991109,
              48.309557
            ],
            [
              14.2991275,
              48.3095229
            ],
            [
              14.2991811,
              48.3093805
            ],
            [
              14.2992906,
              48.3091057
            ],
            [
              14.2994161,
              48.3087889
            ],
            [
              14.2995415,
              48.308446
            ],
            [
              14.2996325,
              48.308098
            ],
            [
              14.2998185,
              48.3073121
            ],
            [
              14.2998701,
              48.307094
            ],
            [
              14.2998726,
              48.3070835
            ],
            [
              14.2999283,
              48.3068479
            ],
            [
              14.2999374,
              48.3068094
            ],
            [
              14.2999537,
              48.3067405
            ],
            [
              14.2999627,
              48.3066653
            ],
            [
              14.2999675,
              48.3066246
            ],
            [
              14.2999851,
              48.306476
            ],
            [
              14.3,
              48.3063493
            ],
            [
              14.3000347,
              48.3060558
            ],
            [
              14.3001559,
              48.3049786
            ],
            [
              14.3003304,
              48.3037646
            ],
            [
              14.3003547,
              48.3035958
            ],
            [
              14.3003604,
              48.3035565
            ],
            [
              14.3003813,
              48.3034484
            ],
            [
              14.3004003,
              48.3033471
            ],
            [
              14.3004082,
              48.3033157
            ],
            [
              14.30042,
              48.3032688
            ],
            [
              14.3005271,
              48.3028422
            ],
            [
              14.3005339,
              48.3028204
            ],
            [
              14.3006293,
              48.3024307
            ],
            [
              14.3006475,
              48.3023856
            ],
            [
              14.3006842,
              48.3022942
            ],
            [
              14.3007176,
              48.3022109
            ],
            [
              14.3007273,
              48.3021868
            ],
            [
              14.3007677,
              48.3020923
            ],
            [
              14.3007943,
              48.30203
            ],
            [
              14.3009637,
              48.3017132
            ],
            [
              14.3011589,
              48.3013476
            ],
            [
              14.3011301,
              48.301302
            ],
            [
              14.3011665,
              48.3012249
            ],
            [
              14.301178,
              48.3012006
            ],
            [
              14.3012052,
              48.301143
            ],
            [
              14.3012799,
              48.3011191
            ],
            [
              14.3014278,
              48.30084
            ],
            [
              14.3014013,
              48.3007763
            ],
            [
              14.3015481,
              48.3005201
            ],
            [
              14.3015654,
              48.3004897
            ],
            [
              14.3016568,
              48.300374
            ],
            [
              14.30174,
              48.3003496
            ],
            [
              14.3017779,
              48.3002936
            ],
            [
              14.3018472,
              48.3002068
            ],
            [
              14.3019356,
              48.3001227
            ],
            [
              14.3019173,
              48.3000634
            ],
            [
              14.3019561,
              48.300034
            ],
            [
              14.3020467,
              48.2999653
            ],
            [
              14.3022785,
              48.2998017
            ],
            [
              14.3024818,
              48.2996111
            ],
            [
              14.3026595,
              48.2994486
            ],
            [
              14.3029862,
              48.2991498
            ],
            [
              14.3030263,
              48.2991131
            ],
            [
              14.3031606,
              48.2989902
            ],
            [
              14.3033012,
              48.2988735
            ],
            [
              14.3033333,
              48.2988506
            ],
            [
              14.3035401,
              48.2987031
            ],
            [
              14.3037396,
              48.2985629
            ],
            [
              14.3039376,
              48.2984438
            ],
            [
              14.3040592,
              48.2983745
            ],
            [
              14.3041077,
              48.2983476
            ],
            [
              14.3045268,
              48.2981152
            ],
            [
              14.3046183,
              48.2980644
            ],
            [
              14.3049585,
              48.297876
            ],
            [
              14.3056956,
              48.2974679
            ],
            [
              14.3057506,
              48.2974375
            ],
            [
              14.3062135,
              48.2971811
            ],
            [
              14.3065683,
              48.2969904
            ],
            [
              14.3065975,
              48.2969748
            ],
            [
              14.3068998,
              48.2968123
            ],
            [
              14.3069608,
              48.2967795
            ],
            [
              14.307045,
              48.2967343
            ],
            [
              14.3070571,
              48.2967282
            ],
            [
              14.3071656,
              48.296667
            ],
            [
              14.3072619,
              48.2966127
            ],
            [
              14.307382,
              48.2965468
            ],
            [
              14.3074493,
              48.2965099
            ],
            [
              14.3075842,
              48.2964365
            ],
            [
              14.3078129,
              48.2963103
            ],
            [
              14.3079893,
              48.2962136
            ],
            [
              14.3080519,
              48.2961792
            ],
            [
              14.3084894,
              48.2959391
            ],
            [
              14.3085878,
              48.2958851
            ],
            [
              14.3088073,
              48.2957634
            ],
            [
              14.3090675,
              48.2956191
            ],
            [
              14.3092517,
              48.295517
            ],
            [
              14.3094348,
              48.2954158
            ],
            [
              14.3098991,
              48.2951593
            ],
            [
              14.3099767,
              48.2951156
            ],
            [
              14.3102329,
              48.2949713
            ],
            [
              14.3104614,
              48.2948435
            ],
            [
              14.3106279,
              48.2947503
            ],
            [
              14.3110356,
              48.2945222
            ],
            [
              14.311252,
              48.2944012
            ],
            [
              14.3113518,
              48.29435
            ],
            [
              14.3114387,
              48.2943053
            ],
            [
              14.3115505,
              48.2942479
            ],
            [
              14.3115944,
              48.2942254
            ],
            [
              14.311852,
              48.2940828
            ],
            [
              14.3121159,
              48.2939366
            ],
            [
              14.3121661,
              48.2939088
            ],
            [
              14.3124144,
              48.2937713
            ],
            [
              14.3131655,
              48.2933554
            ],
            [
              14.3133377,
              48.2932623
            ],
            [
              14.3133864,
              48.293236
            ],
            [
              14.3134747,
              48.2931883
            ],
            [
              14.3136802,
              48.2930772
            ],
            [
              14.3138785,
              48.29297
            ],
            [
              14.3140077,
              48.2928989
            ],
            [
              14.3142533,
              48.2927637
            ],
            [
              14.3146418,
              48.2925499
            ],
            [
              14.3152364,
              48.2922227
            ],
            [
              14.315309,
              48.2921833
            ],
            [
              14.3154044,
              48.2921316
            ],
            [
              14.3155024,
              48.2920787
            ],
            [
              14.3155641,
              48.2920454
            ],
            [
              14.3162947,
              48.2916378
            ],
            [
              14.3171652,
              48.2911522
            ],
            [
              14.3172259,
              48.2911184
            ],
            [
              14.317328,
              48.2910614
            ],
            [
              14.3174805,
              48.2909763
            ],
            [
              14.3175306,
              48.2909486
            ],
            [
              14.3175807,
              48.2909209
            ],
            [
              14.317779,
              48.2908113
            ],
            [
              14.3186125,
              48.2903395
            ],
            [
              14.3189669,
              48.2901468
            ],
            [
              14.3194323,
              48.2898938
            ],
            [
              14.3194973,
              48.289858
            ],
            [
              14.3199242,
              48.2896223
            ],
            [
              14.3203902,
              48.2893599
            ],
            [
              14.3204098,
              48.289349
            ],
            [
              14.3204847,
              48.289273
            ],
            [
              14.320508,
              48.2892577
            ],
            [
              14.3205591,
              48.2892292
            ],
            [
              14.3206322,
              48.2891784
            ],
            [
              14.3207,
              48.2891183
            ],
            [
              14.3207303,
              48.28908
            ],
            [
              14.3207898,
              48.2890167
            ],
            [
              14.3208067,
              48.2889788
            ],
            [
              14.3208112,
              48.2889467
            ],
            [
              14.3208149,
              48.28892
            ],
            [
              14.3208148,
              48.2888793
            ],
            [
              14.3208076,
              48.2888266
            ],
            [
              14.3207924,
              48.288769
            ],
            [
              14.3207742,
              48.2887302
            ],
            [
              14.3207462,
              48.2886852
            ]
          ],
          [
            [
              14.2771955,
              48.2644949
            ],
            [
              14.2772945,
              48.2646426
            ],
            [
              14.2773058,
              48.264669
            ],
            [
              14.2773048,
              48.2646961
            ],
            [
              14.277302,
              48.2647017
            ],
            [
              14.2772903,
              48.2647251
            ],
            [
              14.277263,
              48.2647546
            ],
            [
              14.2772312,
              48.2647791
            ]
          ],
          [
            [
              14.2825859,
              48.2648285
            ],
            [
              14.2825972,
              48.2648194
            ],
            [
              14.2823693,
              48.2646444
            ],
            [
              14.2823475,
              48.264657
            ]
          ],
          [
            [
              14.2854896,
              48.2667214
            ],
            [
              14.2855059,
              48.2667082
            ],
            [
              14.2857315,
              48.266832
            ],
            [
              14.2857153,
              48.2668451
            ]
          ],
          [
            [
              14.2890528,
              48.2695879
            ],
            [
              14.2890537,
              48.2695593
            ],
            [
              14.2893389,
              48.269563
            ],
            [
              14.289338,
              48.2695929
            ]
          ],
          [
            [
              14.2919903,
              48.2696342
            ],
            [
              14.2919913,
              48.2696063
            ],
            [
              14.2922129,
              48.2696097
            ],
            [
              14.2922119,
              48.2696376
            ]
          ],
          [
            [
              14.2923866,
              48.2718777
            ],
            [
              14.2924094,
              48.2718777
            ],
            [
              14.292408,
              48.2720596
            ],
            [
              14.2923848,
              48.2720591
            ]
          ],
          [
            [
              14.298546,
              48.2739598
            ],
            [
              14.2985961,
              48.2739522
            ],
            [
              14.2985536,
              48.2738273
            ],
            [
              14.2985041,
              48.2738347
            ]
          ],
          [
            [
              14.3011113,
              48.2765043
            ],
            [
              14.3011279,
              48.2764747
            ],
            [
              14.3009415,
              48.2764284
            ],
            [
              14.3009254,
              48.276457
            ]
          ],
          [
            [
              14.3050313,
              48.2765115
            ],
            [
              14.3050274,
              48.276521
            ],
            [
              14.3049238,
              48.2765019
            ],
            [
              14.3048181,
              48.2764853
            ],
            [
              14.3047343,
              48.2764746
            ],
            [
              14.3047361,
              48.2764684
            ]
          ],
          [
            [
              14.308305,
              48.2781102
            ],
            [
              14.308305,
              48.2780968
            ],
            [
              14.3085799,
              48.2780977
            ],
            [
              14.3085799,
              48.2781063
            ]
          ],
          [
            [
              14.3201567,
              48.2749091
            ],
            [
              14.3201731,
              48.2749015
            ],
            [
              14.3202918,
              48.2749358
            ],
            [
              14.3204782,
              48.2749747
            ],
            [
              14.3205976,
              48.2749876
            ],
            [
              14.3205974,
              48.2749973
            ]
          ],
          [
            [
              14.3220721,
              48.2778322
            ],
            [
              14.3220641,
              48.2776952
            ]
          ],
          [
            [
              14.3206154,
              48.2818955
            ],
            [
              14.3206284,
              48.2818881
            ],
            [
              14.3206774,
              48.2817378
            ],
            [
              14.3206619,
              48.281734
            ]
          ],
          [
            [
              14.3229547,
              48.2872599
            ],
            [
              14.3231209,
              48.2868949
            ]
          ],
          [
            [
              14.3177249,
              48.2907335
            ],
            [
              14.3174026,
              48.2909164
            ]
          ],
          [
            [
              14.3136187,
              48.293006
            ],
            [
              14.3136366,
              48.2930204
            ],
            [
              14.3133677,
              48.2931683
            ],
            [
              14.3133492,
              48.2931534
            ]
          ],
          [
            [
              14.3103889,
              48.2947492
            ],
            [
              14.3104173,
              48.2947723
            ],
            [
              14.3101758,
              48.294904
            ],
            [
              14.3101483,
              48.2948817
            ]
          ],
          [
            [
              14.3077478,
              48.2962069
            ],
            [
              14.3077572,
              48.2962156
            ],
            [
              14.3075091,
              48.2963507
            ],
            [
              14.3074979,
              48.2963421
            ]
          ],
          [
            [
              14.3034616,
              48.2986238
            ],
            [
              14.303486,
              48.2986433
            ],
            [
              14.3032821,
              48.298788
            ],
            [
              14.3032364,
              48.2988078
            ],
            [
              14.3031827,
              48.2988106
            ]
          ],
          [
            [
              14.3004197,
              48.3028086
            ],
            [
              14.3003858,
              48.3029576
            ],
            [
              14.300365,
              48.3029795
            ]
          ],
          [
            [
              14.2998627,
              48.3064384
            ],
            [
              14.2998318,
              48.3066577
            ]
          ],
          [
            [
              14.2990164,
              48.3095221
            ],
            [
              14.2990531,
              48.3095033
            ],
            [
              14.2991127,
              48.309348
            ],
            [
              14.2991242,
              48.3093003
            ]
          ],
          [
            [
              14.2970695,
              48.3112576
            ],
            [
              14.2971043,
              48.3112803
            ],
            [
              14.2968123,
              48.3115029
            ]
          ],
          [
            [
              14.2979123,
              48.3156001
            ],
            [
              14.2979317,
              48.3153708
            ]
          ],
          [
            [
              14.2856015,
              48.3221668
            ],
            [
              14.2854791,
              48.3222505
            ],
            [
              14.285422,
              48.3222897
            ]
          ],
          [
            [
              14.2840558,
              48.3234786
            ],
            [
              14.28377,
              48.3235859
            ]
          ]
        ]
      },
      "id": "relation/69591"
    },
    {
      "type": "Feature",
      "properties": {
        "@id": "relation/1149401",
        "colour": "#c59130",
        "from": "Oed",
        "gtfs:feed": "AT-Linz_AG",
        "gtfs:route_id": "at:esg:25:",
        "gtfs:shape_id": "2-25-E-e25-1.5.R",
        "gtfs:trip_id:like": "%2-25-E-e25-1.5.R",
        "gtfs:trip_id:sample": "4.TA.2-25-E-e25-1.5.R",
        "name": "Bus 25: Oed => Karlhof",
        "network": "Oberösterreichischer Verkehrsverbund",
        "network:short": "OÖVV",
        "network:wikidata": "Q2011605",
        "network:wikipedia": "de:Oberösterreichischer Verkehrsverbund",
        "operator": "Linz Linien GmbH",
        "public_transport:version": "2",
        "ref": "25",
        "route": "bus",
        "to": "Karlhof",
        "type": "route"
      },
      "geometry": {
        "type": "MultiLineString",
        "coordinates": [
          [
            [
              14.3203537,
              48.2839301
            ],
            [
              14.3202885,
              48.2840031
            ],
            [
              14.3202487,
              48.2840629
            ],
            [
              14.3202064,
              48.284131
            ],
            [
              14.3199509,
              48.2845353
            ],
            [
              14.3198253,
              48.284756
            ],
            [
              14.3197768,
              48.2848363
            ],
            [
              14.319707,
              48.2849405
            ],
            [
              14.3196369,
              48.2850329
            ],
            [
              14.3196042,
              48.2851819
            ],
            [
              14.3195689,
              48.2852649
            ],
            [
              14.3195099,
              48.2853854
            ],
            [
              14.3194815,
              48.285467
            ],
            [
              14.3194693,
              48.2855441
            ],
            [
              14.3194593,
              48.28562
            ],
            [
              14.3194639,
              48.2856642
            ],
            [
              14.319472,
              48.2857003
            ],
            [
              14.3195247,
              48.2858781
            ],
            [
              14.3197903,
              48.2861998
            ],
            [
              14.3199089,
              48.2863601
            ],
            [
              14.3200304,
              48.2865511
            ],
            [
              14.3201371,
              48.2867134
            ],
            [
              14.3203091,
              48.2870005
            ],
            [
              14.3204937,
              48.2873196
            ],
            [
              14.3206212,
              48.2875701
            ],
            [
              14.3206803,
              48.2876929
            ],
            [
              14.3207363,
              48.2878167
            ],
            [
              14.3208285,
              48.2880357
            ],
            [
              14.3209207,
              48.288158
            ],
            [
              14.3209737,
              48.2882257
            ],
            [
              14.3210039,
              48.2882566
            ],
            [
              14.3210365,
              48.2882822
            ],
            [
              14.3210777,
              48.288311
            ],
            [
              14.3211297,
              48.2883374
            ],
            [
              14.3211789,
              48.288356
            ],
            [
              14.3212248,
              48.2883698
            ],
            [
              14.3212639,
              48.2883778
            ],
            [
              14.3213153,
              48.2883839
            ],
            [
              14.3213648,
              48.2883855
            ],
            [
              14.3214224,
              48.288384
            ],
            [
              14.3214728,
              48.2883773
            ],
            [
              14.3215241,
              48.2883636
            ],
            [
              14.3215724,
              48.2883464
            ],
            [
              14.3217575,
              48.2882887
            ],
            [
              14.3219024,
              48.2882079
            ],
            [
              14.321838,
              48.2882869
            ],
            [
              14.3217807,
              48.2883528
            ],
            [
              14.3217194,
              48.2884103
            ],
            [
              14.3216945,
              48.2884262
            ],
            [
              14.3216654,
              48.2884425
            ],
            [
              14.3215716,
              48.2884815
            ],
            [
              14.3215117,
              48.2885152
            ],
            [
              14.3214287,
              48.2885481
            ],
            [
              14.3213502,
              48.2885825
            ],
            [
              14.3212771,
              48.2886214
            ],
            [
              14.3212177,
              48.2886632
            ],
            [
              14.3211672,
              48.2887082
            ],
            [
              14.3211312,
              48.2887426
            ],
            [
              14.3210919,
              48.2887829
            ],
            [
              14.3210609,
              48.2888205
            ],
            [
              14.3210199,
              48.2888819
            ],
            [
              14.3209711,
              48.2889624
            ],
            [
              14.3209149,
              48.2890492
            ],
            [
              14.3208835,
              48.2890853
            ],
            [
              14.3207844,
              48.2891566
            ],
            [
              14.3207129,
              48.2892096
            ],
            [
              14.3206286,
              48.2892607
            ],
            [
              14.3205354,
              48.2893108
            ],
            [
              14.3204098,
              48.289349
            ],
            [
              14.3203902,
              48.2893599
            ],
            [
              14.3199242,
              48.2896223
            ],
            [
              14.3194973,
              48.289858
            ],
            [
              14.3194323,
              48.2898938
            ],
            [
              14.3189669,
              48.2901468
            ],
            [
              14.3186125,
              48.2903395
            ],
            [
              14.317779,
              48.2908113
            ],
            [
              14.3175807,
              48.2909209
            ],
            [
              14.3175306,
              48.2909486
            ],
            [
              14.3174805,
              48.2909763
            ],
            [
              14.317328,
              48.2910614
            ],
            [
              14.3172259,
              48.2911184
            ],
            [
              14.3171652,
              48.2911522
            ],
            [
              14.3162947,
              48.2916378
            ],
            [
              14.3155641,
              48.2920454
            ],
            [
              14.3155024,
              48.2920787
            ],
            [
              14.3154044,
              48.2921316
            ],
            [
              14.315309,
              48.2921833
            ],
            [
              14.3152364,
              48.2922227
            ],
            [
              14.3146418,
              48.2925499
            ],
            [
              14.3142533,
              48.2927637
            ],
            [
              14.3140077,
              48.2928989
            ],
            [
              14.3138785,
              48.29297
            ],
            [
              14.3136802,
              48.2930772
            ],
            [
              14.3134747,
              48.2931883
            ],
            [
              14.3133864,
              48.293236
            ],
            [
              14.3133377,
              48.2932623
            ],
            [
              14.3131655,
              48.2933554
            ],
            [
              14.3124144,
              48.2937713
            ],
            [
              14.3121661,
              48.2939088
            ],
            [
              14.3121159,
              48.2939366
            ],
            [
              14.311852,
              48.2940828
            ],
            [
              14.3115944,
              48.2942254
            ],
            [
              14.3115505,
              48.2942479
            ],
            [
              14.3114387,
              48.2943053
            ],
            [
              14.3113518,
              48.29435
            ],
            [
              14.311252,
              48.2944012
            ],
            [
              14.3110356,
              48.2945222
            ],
            [
              14.3106279,
              48.2947503
            ],
            [
              14.3104614,
              48.2948435
            ],
            [
              14.3102329,
              48.2949713
            ],
            [
              14.3099767,
              48.2951156
            ],
            [
              14.3098991,
              48.2951593
            ],
            [
              14.3094348,
              48.2954158
            ],
            [
              14.3092517,
              48.295517
            ],
            [
              14.3090675,
              48.2956191
            ],
            [
              14.3088073,
              48.2957634
            ],
            [
              14.3085878,
              48.2958851
            ],
            [
              14.3084894,
              48.2959391
            ],
            [
              14.3080519,
              48.2961792
            ],
            [
              14.3079893,
              48.2962136
            ],
            [
              14.3078129,
              48.2963103
            ],
            [
              14.3075842,
              48.2964365
            ],
            [
              14.3074493,
              48.2965099
            ],
            [
              14.307382,
              48.2965468
            ],
            [
              14.3072619,
              48.2966127
            ],
            [
              14.3071656,
              48.296667
            ],
            [
              14.3070571,
              48.2967282
            ],
            [
              14.307045,
              48.2967343
            ],
            [
              14.3069608,
              48.2967795
            ],
            [
              14.3068998,
              48.2968123
            ],
            [
              14.3065975,
              48.2969748
            ],
            [
              14.3065683,
              48.2969904
            ],
            [
              14.3062135,
              48.2971811
            ],
            [
              14.3057506,
              48.2974375
            ],
            [
              14.3056956,
              48.2974679
            ],
            [
              14.3049585,
              48.297876
            ],
            [
              14.3046183,
              48.2980644
            ],
            [
              14.3045268,
              48.2981152
            ],
            [
              14.3041077,
              48.2983476
            ],
            [
              14.3040592,
              48.2983745
            ],
            [
              14.3039376,
              48.2984438
            ],
            [
              14.3037396,
              48.2985629
            ],
            [
              14.3035401,
              48.2987031
            ],
            [
              14.3033333,
              48.2988506
            ],
            [
              14.3033012,
              48.2988735
            ],
            [
              14.3031606,
              48.2989902
            ],
            [
              14.3030263,
              48.2991131
            ],
            [
              14.3029862,
              48.2991498
            ],
            [
              14.3026595,
              48.2994486
            ],
            [
              14.3024818,
              48.2996111
            ],
            [
              14.3022785,
              48.2998017
            ],
            [
              14.3021192,
              48.3000001
            ],
            [
              14.3020636,
              48.3000531
            ],
            [
              14.3020405,
              48.3000751
            ],
            [
              14.3020085,
              48.3001056
            ],
            [
              14.3019356,
              48.3001227
            ],
            [
              14.3018472,
              48.3002068
            ],
            [
              14.3017779,
              48.3002936
            ],
            [
              14.30174,
              48.3003496
            ],
            [
              14.3017551,
              48.3003998
            ],
            [
              14.3016645,
              48.3005255
            ],
            [
              14.301649,
              48.3005532
            ],
            [
              14.3015076,
              48.3008057
            ],
            [
              14.3014278,
              48.30084
            ],
            [
              14.3012799,
              48.3011191
            ],
            [
              14.3013091,
              48.3011625
            ],
            [
              14.3012878,
              48.3011999
            ],
            [
              14.3012763,
              48.3012201
            ],
            [
              14.3012193,
              48.30132
            ],
            [
              14.3011589,
              48.3013476
            ],
            [
              14.3009637,
              48.3017132
            ],
            [
              14.3007943,
              48.30203
            ],
            [
              14.3007677,
              48.3020923
            ],
            [
              14.3007273,
              48.3021868
            ],
            [
              14.3007176,
              48.3022109
            ],
            [
              14.3006842,
              48.3022942
            ],
            [
              14.3006475,
              48.3023856
            ],
            [
              14.3006293,
              48.3024307
            ],
            [
              14.3005339,
              48.3028204
            ],
            [
              14.3005271,
              48.3028422
            ],
            [
              14.30042,
              48.3032688
            ],
            [
              14.3004082,
              48.3033157
            ],
            [
              14.3004003,
              48.3033471
            ],
            [
              14.3003813,
              48.3034484
            ],
            [
              14.3003604,
              48.3035565
            ],
            [
              14.3003547,
              48.3035958
            ],
            [
              14.3003304,
              48.3037646
            ],
            [
              14.3001559,
              48.3049786
            ],
            [
              14.3000347,
              48.3060558
            ],
            [
              14.3,
              48.3063493
            ],
            [
              14.2999851,
              48.306476
            ],
            [
              14.2999675,
              48.3066246
            ],
            [
              14.2999627,
              48.3066653
            ],
            [
              14.2999537,
              48.3067405
            ],
            [
              14.2999374,
              48.3068094
            ],
            [
              14.2999283,
              48.3068479
            ],
            [
              14.2998726,
              48.3070835
            ],
            [
              14.2998701,
              48.307094
            ],
            [
              14.2998185,
              48.3073121
            ],
            [
              14.2996325,
              48.308098
            ],
            [
              14.2995415,
              48.308446
            ],
            [
              14.2994161,
              48.3087889
            ],
            [
              14.2992906,
              48.3091057
            ],
            [
              14.2991811,
              48.3093805
            ],
            [
              14.2991275,
              48.3095229
            ],
            [
              14.2991109,
              48.309557
            ],
            [
              14.2990477,
              48.3096872
            ],
            [
              14.2989456,
              48.3096326
            ],
            [
              14.2988302,
              48.3095688
            ],
            [
              14.298776,
              48.309539
            ],
            [
              14.2987203,
              48.3095083
            ],
            [
              14.298687,
              48.3094901
            ],
            [
              14.2985644,
              48.3094229
            ],
            [
              14.2984706,
              48.3093671
            ],
            [
              14.2984524,
              48.3093528
            ],
            [
              14.2983895,
              48.3093034
            ],
            [
              14.298313,
              48.3092233
            ],
            [
              14.2982975,
              48.309207
            ],
            [
              14.2982303,
              48.3091301
            ],
            [
              14.2981556,
              48.3090383
            ],
            [
              14.2980652,
              48.3089148
            ],
            [
              14.2980178,
              48.3088499
            ],
            [
              14.297862,
              48.3086343
            ],
            [
              14.2977897,
              48.3085536
            ],
            [
              14.2977351,
              48.3085096
            ],
            [
              14.2976267,
              48.308449
            ],
            [
              14.2975787,
              48.3085291
            ],
            [
              14.2974537,
              48.3086767
            ],
            [
              14.2969262,
              48.309261
            ],
            [
              14.2968737,
              48.309308
            ],
            [
              14.2967807,
              48.3093912
            ],
            [
              14.2967136,
              48.3094387
            ],
            [
              14.2966314,
              48.3094808
            ],
            [
              14.2964663,
              48.3095567
            ],
            [
              14.2962935,
              48.3096362
            ],
            [
              14.2962352,
              48.3096636
            ],
            [
              14.295803,
              48.309866
            ],
            [
              14.295026,
              48.310226
            ],
            [
              14.2948518,
              48.3103121
            ],
            [
              14.2947984,
              48.3103384
            ],
            [
              14.2946263,
              48.3104234
            ],
            [
              14.2946062,
              48.3104334
            ],
            [
              14.294553,
              48.3104597
            ],
            [
              14.2944247,
              48.3105239
            ],
            [
              14.2945435,
              48.3105912
            ],
            [
              14.2945812,
              48.310613
            ],
            [
              14.2953335,
              48.3110678
            ],
            [
              14.295468,
              48.3111468
            ],
            [
              14.2955562,
              48.3111986
            ],
            [
              14.2956204,
              48.3112363
            ],
            [
              14.2958866,
              48.3113162
            ],
            [
              14.2964523,
              48.311638
            ],
            [
              14.2964924,
              48.3116608
            ],
            [
              14.296566,
              48.3117754
            ],
            [
              14.2966437,
              48.3118195
            ],
            [
              14.2966945,
              48.3118514
            ],
            [
              14.2967599,
              48.3118903
            ],
            [
              14.296964,
              48.3120087
            ],
            [
              14.2973665,
              48.3122507
            ],
            [
              14.2977201,
              48.3124603
            ],
            [
              14.2977929,
              48.3125034
            ],
            [
              14.2978968,
              48.3125651
            ],
            [
              14.2979829,
              48.3126162
            ],
            [
              14.298204,
              48.31276
            ],
            [
              14.2982348,
              48.31278
            ],
            [
              14.2984503,
              48.3129202
            ],
            [
              14.2985068,
              48.3129644
            ],
            [
              14.2986412,
              48.3130693
            ],
            [
              14.2990388,
              48.3133818
            ],
            [
              14.2991831,
              48.3134952
            ],
            [
              14.2992418,
              48.313541
            ],
            [
              14.2993887,
              48.3136568
            ],
            [
              14.2994247,
              48.3136851
            ],
            [
              14.2994717,
              48.3137212
            ],
            [
              14.2995563,
              48.3137863
            ],
            [
              14.2996687,
              48.3138809
            ],
            [
              14.2997471,
              48.3139496
            ],
            [
              14.2999058,
              48.3141038
            ],
            [
              14.3000425,
              48.3142382
            ],
            [
              14.3003771,
              48.3145673
            ],
            [
              14.3004494,
              48.3146417
            ],
            [
              14.3004616,
              48.3146538
            ],
            [
              14.3005325,
              48.3147255
            ],
            [
              14.3005701,
              48.3147629
            ],
            [
              14.3006219,
              48.3148145
            ],
            [
              14.300672,
              48.3148643
            ],
            [
              14.3005045,
              48.3149378
            ],
            [
              14.3004603,
              48.3149567
            ],
            [
              14.3001856,
              48.315069
            ],
            [
              14.2999959,
              48.3151459
            ],
            [
              14.2997662,
              48.3152347
            ],
            [
              14.2993802,
              48.3153693
            ],
            [
              14.2992879,
              48.3154015
            ],
            [
              14.2988497,
              48.3155768
            ],
            [
              14.2984934,
              48.3157352
            ],
            [
              14.2980415,
              48.3159371
            ],
            [
              14.2975222,
              48.3161794
            ],
            [
              14.2932071,
              48.318232
            ],
            [
              14.2928722,
              48.3183952
            ],
            [
              14.292753,
              48.3184489
            ],
            [
              14.292249,
              48.3186519
            ],
            [
              14.2921443,
              48.3186912
            ],
            [
              14.2920102,
              48.3187396
            ],
            [
              14.2917949,
              48.3188702
            ],
            [
              14.2917245,
              48.318911
            ],
            [
              14.2914341,
              48.3190563
            ],
            [
              14.2913934,
              48.3190793
            ],
            [
              14.2912887,
              48.319138
            ],
            [
              14.2911672,
              48.3192049
            ],
            [
              14.2906359,
              48.3194766
            ],
            [
              14.2903836,
              48.3196057
            ],
            [
              14.2898133,
              48.3198939
            ],
            [
              14.2896432,
              48.3199765
            ],
            [
              14.2894897,
              48.3200511
            ],
            [
              14.2894652,
              48.3200656
            ],
            [
              14.2893392,
              48.3201398
            ],
            [
              14.2892026,
              48.3202201
            ],
            [
              14.2890888,
              48.3202851
            ],
            [
              14.2885199,
              48.3206221
            ],
            [
              14.2882841,
              48.3207598
            ],
            [
              14.2877269,
              48.3210853
            ],
            [
              14.287576,
              48.3211734
            ],
            [
              14.2872756,
              48.321356
            ],
            [
              14.2866628,
              48.3217285
            ],
            [
              14.2860426,
              48.3221282
            ],
            [
              14.2855075,
              48.3224869
            ],
            [
              14.2854103,
              48.3225542
            ],
            [
              14.2853082,
              48.3226249
            ],
            [
              14.2851377,
              48.3227517
            ],
            [
              14.2848049,
              48.3229991
            ],
            [
              14.2846506,
              48.3230958
            ],
            [
              14.284585,
              48.3231327
            ],
            [
              14.2845663,
              48.3231432
            ],
            [
              14.2844981,
              48.3231811
            ],
            [
              14.284363,
              48.323246
            ],
            [
              14.2842369,
              48.3233003
            ],
            [
              14.2840284,
              48.3233742
            ],
            [
              14.2840216,
              48.3234213
            ],
            [
              14.2840087,
              48.3234396
            ],
            [
              14.2839826,
              48.3234581
            ],
            [
              14.2837877,
              48.3235307
            ]
          ],
          [
            [
              14.3219463,
              48.2881638
            ],
            [
              14.3219024,
              48.2882079
            ],
            [
              14.3219463,
              48.2881638
            ]
          ],
          [
            [
              14.3223733,
              48.2876139
            ],
            [
              14.3222666,
              48.2877625
            ],
            [
              14.3220945,
              48.2879826
            ],
            [
              14.3219564,
              48.288153
            ],
            [
              14.3219463,
              48.2881638
            ],
            [
              14.3219564,
              48.288153
            ],
            [
              14.3220945,
              48.2879826
            ],
            [
              14.3222666,
              48.2877625
            ],
            [
              14.3223733,
              48.2876139
            ]
          ],
          [
            [
              14.3223733,
              48.2876139
            ],
            [
              14.3224423,
              48.2875146
            ],
            [
              14.3225054,
              48.2874195
            ],
            [
              14.3225675,
              48.2873098
            ],
            [
              14.3225054,
              48.2874195
            ],
            [
              14.3224423,
              48.2875146
            ],
            [
              14.3223733,
              48.2876139
            ]
          ],
          [
            [
              14.3228374,
              48.2873596
            ],
            [
              14.3226592,
              48.2873322
            ],
            [
              14.3225675,
              48.2873098
            ],
            [
              14.3226011,
              48.287243
            ],
            [
              14.3226785,
              48.2870847
            ],
            [
              14.3226914,
              48.2870541
            ],
            [
              14.322769,
              48.2868703
            ],
            [
              14.3228362,
              48.2867113
            ],
            [
              14.3229189,
              48.2867274
            ],
            [
              14.323101,
              48.2867631
            ],
            [
              14.3229213,
              48.2871696
            ],
            [
              14.3228374,
              48.2873596
            ]
          ],
          [
            [
              14.3206197,
              48.2837185
            ],
            [
              14.3206177,
              48.2837673
            ],
            [
              14.3205877,
              48.2838277
            ],
            [
              14.3205386,
              48.2838726
            ],
            [
              14.3204501,
              48.2839137
            ],
            [
              14.3203537,
              48.2839301
            ],
            [
              14.3202258,
              48.2839175
            ],
            [
              14.320138,
              48.2838817
            ],
            [
              14.3201055,
              48.2838589
            ],
            [
              14.3200581,
              48.2838027
            ],
            [
              14.3200445,
              48.2837667
            ],
            [
              14.3200416,
              48.2837273
            ],
            [
              14.320062,
              48.283666
            ],
            [
              14.3200841,
              48.2836367
            ],
            [
              14.3201283,
              48.2835999
            ],
            [
              14.3201723,
              48.2835763
            ],
            [
              14.3202509,
              48.2835523
            ],
            [
              14.3203302,
              48.2835448
            ],
            [
              14.3204363,
              48.2835579
            ],
            [
              14.3205107,
              48.2835862
            ],
            [
              14.3205653,
              48.2836239
            ],
            [
              14.3206022,
              48.2836692
            ],
            [
              14.3206197,
              48.2837185
            ]
          ],
          [
            [
              14.2771987,
              48.2647494
            ],
            [
              14.2771743,
              48.2647606
            ],
            [
              14.2771152,
              48.2647786
            ],
            [
              14.2770713,
              48.264762
            ],
            [
              14.2770288,
              48.264757
            ],
            [
              14.2769766,
              48.2647509
            ],
            [
              14.2770224,
              48.264433
            ],
            [
              14.2770566,
              48.2642226
            ],
            [
              14.2770682,
              48.2641626
            ],
            [
              14.277105,
              48.2638917
            ],
            [
              14.2771451,
              48.2636029
            ],
            [
              14.2771752,
              48.2633508
            ],
            [
              14.2771777,
              48.2633025
            ],
            [
              14.2772192,
              48.2625098
            ],
            [
              14.2772301,
              48.262454
            ],
            [
              14.2772641,
              48.2624135
            ],
            [
              14.2773257,
              48.2623777
            ],
            [
              14.2773876,
              48.2623616
            ],
            [
              14.2774526,
              48.2623561
            ],
            [
              14.2777076,
              48.2623623
            ],
            [
              14.2778363,
              48.2623654
            ],
            [
              14.2781701,
              48.2623735
            ],
            [
              14.2783202,
              48.2623795
            ],
            [
              14.278406,
              48.2623829
            ],
            [
              14.2785665,
              48.2623952
            ],
            [
              14.2787226,
              48.2624129
            ],
            [
              14.278875,
              48.2624379
            ],
            [
              14.2789952,
              48.2624618
            ],
            [
              14.2792134,
              48.2625091
            ],
            [
              14.2793093,
              48.2625358
            ],
            [
              14.2793452,
              48.2625458
            ],
            [
              14.2794753,
              48.2625846
            ],
            [
              14.2796066,
              48.262628
            ],
            [
              14.2797618,
              48.2626873
            ],
            [
              14.279809,
              48.2627069
            ],
            [
              14.2799123,
              48.2627498
            ],
            [
              14.2800991,
              48.2628417
            ],
            [
              14.2801229,
              48.2628535
            ],
            [
              14.2802221,
              48.2629027
            ],
            [
              14.28036,
              48.2629769
            ],
            [
              14.2805319,
              48.2630936
            ],
            [
              14.2807606,
              48.2632731
            ],
            [
              14.2815859,
              48.2639278
            ],
            [
              14.2820456,
              48.2642926
            ],
            [
              14.2821489,
              48.2643705
            ],
            [
              14.2822325,
              48.2644336
            ],
            [
              14.2823315,
              48.2645068
            ],
            [
              14.2824396,
              48.264596
            ],
            [
              14.2826728,
              48.2647885
            ],
            [
              14.2827447,
              48.2648479
            ],
            [
              14.2828164,
              48.264907
            ],
            [
              14.2830072,
              48.2650604
            ],
            [
              14.2832452,
              48.2652384
            ],
            [
              14.2833168,
              48.2652891
            ],
            [
              14.2835711,
              48.2654691
            ],
            [
              14.2836351,
              48.2655143
            ],
            [
              14.2836605,
              48.2655322
            ],
            [
              14.283683,
              48.2655481
            ],
            [
              14.2837105,
              48.2655675
            ],
            [
              14.2837765,
              48.2656144
            ],
            [
              14.2839451,
              48.2657327
            ],
            [
              14.2841387,
              48.2658563
            ],
            [
              14.2842996,
              48.2659565
            ],
            [
              14.2844341,
              48.2660407
            ],
            [
              14.2846182,
              48.2661464
            ],
            [
              14.2853774,
              48.2665567
            ],
            [
              14.2855479,
              48.2666552
            ],
            [
              14.2858724,
              48.2668328
            ],
            [
              14.2859425,
              48.2668729
            ],
            [
              14.2860539,
              48.2669365
            ],
            [
              14.285949,
              48.2670237
            ],
            [
              14.2859109,
              48.2670553
            ],
            [
              14.2858609,
              48.2670969
            ],
            [
              14.2854019,
              48.2674717
            ],
            [
              14.2851911,
              48.267639
            ],
            [
              14.2852992,
              48.2677001
            ],
            [
              14.2853726,
              48.2677415
            ],
            [
              14.2856716,
              48.2679104
            ],
            [
              14.2858923,
              48.268035
            ],
            [
              14.2863418,
              48.2682889
            ],
            [
              14.2869062,
              48.2686077
            ],
            [
              14.287128,
              48.2687333
            ],
            [
              14.2878788,
              48.2691485
            ],
            [
              14.28815,
              48.2692989
            ],
            [
              14.2882096,
              48.2693297
            ],
            [
              14.2883591,
              48.2694217
            ],
            [
              14.2884675,
              48.2694655
            ],
            [
              14.2885391,
              48.269486
            ],
            [
              14.2886424,
              48.2695008
            ],
            [
              14.2887381,
              48.269506
            ],
            [
              14.2889303,
              48.2695091
            ],
            [
              14.2892563,
              48.2695143
            ],
            [
              14.2898346,
              48.2695235
            ],
            [
              14.2902174,
              48.2695297
            ],
            [
              14.2911717,
              48.2695449
            ],
            [
              14.2917545,
              48.2695519
            ],
            [
              14.2919075,
              48.2695537
            ],
            [
              14.2920315,
              48.2695551
            ],
            [
              14.2922271,
              48.2695574
            ],
            [
              14.2925021,
              48.2695606
            ],
            [
              14.2926466,
              48.2695622
            ],
            [
              14.2926443,
              48.2696474
            ],
            [
              14.2926376,
              48.2698874
            ],
            [
              14.2926241,
              48.270378
            ],
            [
              14.2926229,
              48.270407
            ],
            [
              14.2926207,
              48.2704587
            ],
            [
              14.2926167,
              48.2705517
            ],
            [
              14.2926109,
              48.2706894
            ],
            [
              14.2926023,
              48.2708915
            ],
            [
              14.2925937,
              48.2710951
            ],
            [
              14.292589,
              48.2712897
            ],
            [
              14.2925843,
              48.2713795
            ],
            [
              14.2925646,
              48.2715888
            ],
            [
              14.292561,
              48.2716275
            ],
            [
              14.2925514,
              48.271729
            ],
            [
              14.2925437,
              48.2718119
            ],
            [
              14.2925345,
              48.2719439
            ],
            [
              14.292532,
              48.2719789
            ],
            [
              14.2925228,
              48.2721107
            ],
            [
              14.2925137,
              48.2722407
            ],
            [
              14.292561,
              48.2722169
            ],
            [
              14.29261,
              48.2721987
            ],
            [
              14.2926522,
              48.2721878
            ],
            [
              14.2927174,
              48.2721791
            ],
            [
              14.292779,
              48.2721767
            ],
            [
              14.2929007,
              48.2721757
            ],
            [
              14.2930449,
              48.2721754
            ],
            [
              14.2940512,
              48.2721849
            ],
            [
              14.2942172,
              48.2721865
            ],
            [
              14.2943381,
              48.2722045
            ],
            [
              14.2944588,
              48.2722076
            ],
            [
              14.2945415,
              48.2722091
            ],
            [
              14.294601,
              48.2722065
            ],
            [
              14.2946556,
              48.2722008
            ],
            [
              14.2947047,
              48.2721892
            ],
            [
              14.2947582,
              48.2721663
            ],
            [
              14.2948134,
              48.2721406
            ],
            [
              14.2948374,
              48.2720981
            ],
            [
              14.2948693,
              48.2720581
            ],
            [
              14.2949085,
              48.272021
            ],
            [
              14.2949545,
              48.2719875
            ],
            [
              14.2950064,
              48.2719581
            ],
            [
              14.2950658,
              48.2719325
            ],
            [
              14.2951298,
              48.2719122
            ],
            [
              14.2951972,
              48.2718977
            ],
            [
              14.2952668,
              48.2718892
            ],
            [
              14.2953376,
              48.2718869
            ],
            [
              14.2954082,
              48.2718908
            ],
            [
              14.2954844,
              48.2719021
            ],
            [
              14.2955574,
              48.2719207
            ],
            [
              14.2956255,
              48.2719461
            ],
            [
              14.2956875,
              48.2719778
            ],
            [
              14.2957327,
              48.2720081
            ],
            [
              14.2957723,
              48.2720417
            ],
            [
              14.2958055,
              48.2720782
            ],
            [
              14.2958321,
              48.2721171
            ],
            [
              14.2958514,
              48.2721577
            ],
            [
              14.2960249,
              48.2721803
            ],
            [
              14.2961615,
              48.2722018
            ],
            [
              14.2964445,
              48.2722386
            ],
            [
              14.296654,
              48.2722707
            ],
            [
              14.2967567,
              48.2722906
            ],
            [
              14.2968515,
              48.2723118
            ],
            [
              14.2969619,
              48.2723428
            ],
            [
              14.2970301,
              48.2723611
            ],
            [
              14.2971334,
              48.2723921
            ],
            [
              14.2972289,
              48.2724259
            ],
            [
              14.2973054,
              48.2724566
            ],
            [
              14.29738,
              48.2725178
            ],
            [
              14.2974541,
              48.272548
            ],
            [
              14.2975664,
              48.2725985
            ],
            [
              14.297609,
              48.2726205
            ],
            [
              14.2976295,
              48.2726303
            ],
            [
              14.2977117,
              48.2726764
            ],
            [
              14.2978508,
              48.2727692
            ],
            [
              14.2980061,
              48.2728773
            ],
            [
              14.2980977,
              48.2729529
            ],
            [
              14.2981887,
              48.273035
            ],
            [
              14.2982943,
              48.2731474
            ],
            [
              14.2984117,
              48.2732918
            ],
            [
              14.298435,
              48.2733283
            ],
            [
              14.2984682,
              48.27338
            ],
            [
              14.2984929,
              48.2734195
            ],
            [
              14.2985531,
              48.2735388
            ],
            [
              14.2986092,
              48.2736901
            ],
            [
              14.2986636,
              48.273854
            ],
            [
              14.2986766,
              48.273893
            ],
            [
              14.2987473,
              48.2740979
            ],
            [
              14.2988009,
              48.2742532
            ],
            [
              14.2989336,
              48.2746465
            ],
            [
              14.2989453,
              48.2746805
            ],
            [
              14.2989567,
              48.274714
            ],
            [
              14.2989605,
              48.2747249
            ],
            [
              14.2990218,
              48.2749041
            ],
            [
              14.299081,
              48.2750413
            ],
            [
              14.2991499,
              48.2751634
            ],
            [
              14.299161,
              48.2751804
            ],
            [
              14.2992272,
              48.2752811
            ],
            [
              14.2993277,
              48.2754067
            ],
            [
              14.299431,
              48.2755171
            ],
            [
              14.2994996,
              48.2755834
            ],
            [
              14.2995339,
              48.2756165
            ],
            [
              14.2996313,
              48.2756966
            ],
            [
              14.2997385,
              48.2757758
            ],
            [
              14.2999269,
              48.2759001
            ],
            [
              14.3000802,
              48.2759913
            ],
            [
              14.3001503,
              48.276033
            ],
            [
              14.3003306,
              48.2761244
            ],
            [
              14.3003929,
              48.2761535
            ],
            [
              14.3004968,
              48.2762021
            ],
            [
              14.3006403,
              48.2762576
            ],
            [
              14.3009638,
              48.2763653
            ],
            [
              14.3011066,
              48.2764032
            ],
            [
              14.3012727,
              48.2764438
            ],
            [
              14.3014392,
              48.276472
            ],
            [
              14.3015548,
              48.2764935
            ],
            [
              14.3016888,
              48.2765105
            ],
            [
              14.3018444,
              48.2765277
            ],
            [
              14.3020175,
              48.2765396
            ],
            [
              14.302216,
              48.276545
            ],
            [
              14.3024175,
              48.2765404
            ],
            [
              14.3025989,
              48.276532
            ],
            [
              14.3026761,
              48.2765248
            ],
            [
              14.3028958,
              48.2765033
            ],
            [
              14.3034348,
              48.2764471
            ],
            [
              14.3037391,
              48.2764143
            ],
            [
              14.3037935,
              48.2764081
            ],
            [
              14.3039738,
              48.276391
            ],
            [
              14.3041712,
              48.2763772
            ],
            [
              14.3043505,
              48.2763796
            ],
            [
              14.304518,
              48.2763866
            ],
            [
              14.3047517,
              48.2764069
            ],
            [
              14.3047842,
              48.27641
            ],
            [
              14.30489,
              48.2764234
            ],
            [
              14.3049913,
              48.2764398
            ],
            [
              14.3050871,
              48.2764586
            ],
            [
              14.3051588,
              48.2764726
            ],
            [
              14.3053528,
              48.276528
            ],
            [
              14.3055081,
              48.2765777
            ],
            [
              14.3056532,
              48.2766297
            ],
            [
              14.3057343,
              48.2766628
            ],
            [
              14.3058512,
              48.2767153
            ],
            [
              14.3059544,
              48.2767688
            ],
            [
              14.3060747,
              48.2768369
            ],
            [
              14.3061691,
              48.2768989
            ],
            [
              14.3065286,
              48.277147
            ],
            [
              14.3066205,
              48.2772176
            ],
            [
              14.306998,
              48.2773486
            ],
            [
              14.3072489,
              48.2774871
            ],
            [
              14.3075018,
              48.2776473
            ],
            [
              14.3076265,
              48.2777245
            ],
            [
              14.3077371,
              48.2777766
            ],
            [
              14.3078532,
              48.277813
            ],
            [
              14.3079769,
              48.277833
            ],
            [
              14.3080966,
              48.2778325
            ],
            [
              14.3082159,
              48.2778161
            ],
            [
              14.3083187,
              48.2777906
            ],
            [
              14.3092566,
              48.2774071
            ],
            [
              14.3104246,
              48.2768493
            ],
            [
              14.3106913,
              48.2767067
            ],
            [
              14.3109746,
              48.2765323
            ],
            [
              14.3110489,
              48.2764779
            ],
            [
              14.3111386,
              48.2763961
            ],
            [
              14.3112921,
              48.276236
            ],
            [
              14.3114281,
              48.2760597
            ],
            [
              14.3114905,
              48.2759416
            ],
            [
              14.3116837,
              48.2760252
            ],
            [
              14.3117709,
              48.276063
            ],
            [
              14.3118255,
              48.2760858
            ],
            [
              14.3118656,
              48.2761026
            ],
            [
              14.3119067,
              48.2761198
            ],
            [
              14.311972,
              48.2761451
            ],
            [
              14.3122147,
              48.2762391
            ],
            [
              14.3123632,
              48.2762916
            ],
            [
              14.312436,
              48.2763154
            ],
            [
              14.3124678,
              48.2763258
            ],
            [
              14.3126147,
              48.2763739
            ],
            [
              14.3127899,
              48.2764313
            ],
            [
              14.3134822,
              48.2766768
            ],
            [
              14.3135197,
              48.2766901
            ],
            [
              14.3136577,
              48.2767392
            ],
            [
              14.31373,
              48.2767649
            ],
            [
              14.3138465,
              48.2768125
            ],
            [
              14.3138664,
              48.2768206
            ],
            [
              14.3140005,
              48.2768829
            ],
            [
              14.3140477,
              48.2769078
            ],
            [
              14.3141985,
              48.2769977
            ],
            [
              14.3142531,
              48.277037
            ],
            [
              14.3143131,
              48.2770803
            ],
            [
              14.3143938,
              48.2771337
            ],
            [
              14.3144608,
              48.2771663
            ],
            [
              14.3145808,
              48.2771932
            ],
            [
              14.3147849,
              48.2772234
            ],
            [
              14.3150527,
              48.277263
            ],
            [
              14.3154864,
              48.2773271
            ],
            [
              14.3158143,
              48.2773719
            ],
            [
              14.3159178,
              48.2773803
            ],
            [
              14.316041,
              48.2773795
            ],
            [
              14.3161454,
              48.2773649
            ],
            [
              14.3162406,
              48.2773384
            ],
            [
              14.3163387,
              48.2772948
            ],
            [
              14.3164335,
              48.2772407
            ],
            [
              14.3165091,
              48.2771707
            ],
            [
              14.3165589,
              48.2771037
            ],
            [
              14.3165886,
              48.2770277
            ],
            [
              14.3166753,
              48.2767484
            ],
            [
              14.3167035,
              48.2766579
            ],
            [
              14.3169611,
              48.2758827
            ],
            [
              14.3170189,
              48.2757057
            ],
            [
              14.3170407,
              48.2756102
            ],
            [
              14.3170497,
              48.2754854
            ],
            [
              14.317037,
              48.2752814
            ],
            [
              14.3169972,
              48.2746434
            ],
            [
              14.3169945,
              48.2745701
            ],
            [
              14.317006,
              48.2745222
            ],
            [
              14.3170243,
              48.2744859
            ],
            [
              14.3170627,
              48.2744501
            ],
            [
              14.3171165,
              48.2744246
            ],
            [
              14.3171575,
              48.2744124
            ],
            [
              14.3172094,
              48.2744044
            ],
            [
              14.3172621,
              48.274401
            ],
            [
              14.317321,
              48.2744074
            ],
            [
              14.3183611,
              48.2745623
            ],
            [
              14.3184245,
              48.2745704
            ],
            [
              14.3185409,
              48.2745514
            ],
            [
              14.3185956,
              48.2745432
            ],
            [
              14.3187058,
              48.2745573
            ],
            [
              14.3189277,
              48.2745895
            ],
            [
              14.3189814,
              48.274597
            ],
            [
              14.3190254,
              48.2746126
            ],
            [
              14.3191571,
              48.2746667
            ],
            [
              14.3193188,
              48.2746837
            ],
            [
              14.319395,
              48.2746918
            ],
            [
              14.3194592,
              48.2747009
            ],
            [
              14.3200399,
              48.2747834
            ],
            [
              14.3202495,
              48.274824
            ],
            [
              14.3204303,
              48.274859
            ],
            [
              14.3205675,
              48.2748855
            ],
            [
              14.3206813,
              48.2749075
            ],
            [
              14.3208443,
              48.2749338
            ],
            [
              14.3210595,
              48.2749637
            ],
            [
              14.321754,
              48.2750628
            ],
            [
              14.3222343,
              48.2751324
            ],
            [
              14.3223338,
              48.2751473
            ],
            [
              14.3226556,
              48.275193
            ],
            [
              14.3228039,
              48.275215
            ],
            [
              14.3227729,
              48.275351
            ],
            [
              14.3227573,
              48.2754838
            ],
            [
              14.3227418,
              48.2756404
            ],
            [
              14.3227162,
              48.2757735
            ],
            [
              14.3226692,
              48.2759305
            ],
            [
              14.3226489,
              48.2759967
            ],
            [
              14.3223182,
              48.2770884
            ],
            [
              14.3223082,
              48.2771191
            ],
            [
              14.3222829,
              48.2771813
            ],
            [
              14.3222343,
              48.2772806
            ],
            [
              14.3221834,
              48.2773788
            ],
            [
              14.3221597,
              48.2774444
            ],
            [
              14.3221404,
              48.2775186
            ],
            [
              14.3221268,
              48.2775838
            ],
            [
              14.3221219,
              48.2776701
            ],
            [
              14.3221327,
              48.2777592
            ],
            [
              14.3221385,
              48.2778036
            ],
            [
              14.3221338,
              48.2778603
            ],
            [
              14.3221234,
              48.277924
            ],
            [
              14.3221002,
              48.2780132
            ],
            [
              14.3220878,
              48.2780559
            ],
            [
              14.3219646,
              48.2784522
            ],
            [
              14.3219225,
              48.2785467
            ],
            [
              14.3218705,
              48.2786262
            ],
            [
              14.3218543,
              48.2786436
            ],
            [
              14.3217821,
              48.2787215
            ],
            [
              14.3216765,
              48.2788395
            ],
            [
              14.3215936,
              48.2789639
            ],
            [
              14.321557,
              48.2790406
            ],
            [
              14.3215273,
              48.2791382
            ],
            [
              14.3215064,
              48.2792072
            ],
            [
              14.3214307,
              48.2794562
            ],
            [
              14.3214184,
              48.2794967
            ],
            [
              14.3213317,
              48.2797817
            ],
            [
              14.3213169,
              48.2798316
            ],
            [
              14.321246,
              48.2800691
            ],
            [
              14.3212069,
              48.2802243
            ],
            [
              14.3211714,
              48.2804139
            ],
            [
              14.3211475,
              48.2805245
            ],
            [
              14.3211237,
              48.2806019
            ],
            [
              14.3210881,
              48.2807139
            ],
            [
              14.320934,
              48.2812211
            ],
            [
              14.320896,
              48.2813524
            ],
            [
              14.3208296,
              48.2815356
            ],
            [
              14.3207572,
              48.2817701
            ],
            [
              14.3206797,
              48.2820259
            ],
            [
              14.3205686,
              48.2823856
            ],
            [
              14.3205479,
              48.2824635
            ],
            [
              14.3205228,
              48.2826037
            ],
            [
              14.3205127,
              48.2826617
            ],
            [
              14.320495,
              48.2827839
            ],
            [
              14.3204621,
              48.2830095
            ],
            [
              14.3204433,
              48.283084
            ],
            [
              14.3203971,
              48.2831563
            ],
            [
              14.3203488,
              48.2832018
            ],
            [
              14.320265,
              48.2832438
            ],
            [
              14.3201547,
              48.2832772
            ],
            [
              14.3199716,
              48.2833254
            ],
            [
              14.3198538,
              48.2833614
            ],
            [
              14.3198051,
              48.283388
            ],
            [
              14.3197722,
              48.2834193
            ],
            [
              14.3197455,
              48.2834543
            ],
            [
              14.3197351,
              48.2834934
            ],
            [
              14.319735,
              48.283529
            ],
            [
              14.3197734,
              48.2835589
            ],
            [
              14.3198216,
              48.2835894
            ],
            [
              14.319869,
              48.2836174
            ],
            [
              14.3199341,
              48.2836375
            ],
            [
              14.3200012,
              48.2836413
            ],
            [
              14.3200841,
              48.2836367
            ]
          ],
          [
            [
              14.2840558,
              48.3234786
            ],
            [
              14.28377,
              48.3235859
            ]
          ],
          [
            [
              14.2853441,
              48.3226475
            ],
            [
              14.2851654,
              48.3227736
            ],
            [
              14.2851856,
              48.3227863
            ]
          ],
          [
            [
              14.2956881,
              48.3110737
            ],
            [
              14.2956521,
              48.3111001
            ],
            [
              14.2956398,
              48.3111092
            ],
            [
              14.2955955,
              48.3110826
            ],
            [
              14.2955025,
              48.3110267
            ],
            [
              14.2955495,
              48.3109921
            ]
          ],
          [
            [
              14.2988883,
              48.3096593
            ],
            [
              14.2986991,
              48.30956
            ]
          ],
          [
            [
              14.3001018,
              48.3068895
            ],
            [
              14.3000674,
              48.3068856
            ],
            [
              14.2999937,
              48.307174
            ]
          ],
          [
            [
              14.3005877,
              48.303296
            ],
            [
              14.3005239,
              48.303289
            ],
            [
              14.3005616,
              48.3031324
            ],
            [
              14.3006253,
              48.3031394
            ]
          ],
          [
            [
              14.3027389,
              48.2995182
            ],
            [
              14.3027258,
              48.2995099
            ],
            [
              14.3028921,
              48.2993573
            ],
            [
              14.3029098,
              48.2993659
            ]
          ],
          [
            [
              14.3071643,
              48.2967662
            ],
            [
              14.3069735,
              48.2968673
            ]
          ],
          [
            [
              14.3105179,
              48.2949185
            ],
            [
              14.3104984,
              48.2949027
            ],
            [
              14.3102794,
              48.295022
            ],
            [
              14.3102998,
              48.2950385
            ]
          ],
          [
            [
              14.3138439,
              48.2931016
            ],
            [
              14.3138223,
              48.2930837
            ],
            [
              14.3135167,
              48.2932473
            ],
            [
              14.3135342,
              48.2932618
            ]
          ],
          [
            [
              14.317242,
              48.2912312
            ],
            [
              14.3172223,
              48.2912154
            ],
            [
              14.3175535,
              48.2910325
            ]
          ],
          [
            [
              14.3229547,
              48.2872599
            ],
            [
              14.3231209,
              48.2868949
            ]
          ],
          [
            [
              14.3207251,
              48.2820583
            ],
            [
              14.3207185,
              48.2820957
            ],
            [
              14.3207177,
              48.2821434
            ],
            [
              14.3207193,
              48.282184
            ],
            [
              14.3207185,
              48.282212
            ],
            [
              14.3206501,
              48.2824253
            ],
            [
              14.3206303,
              48.2824577
            ],
            [
              14.320608,
              48.2824862
            ],
            [
              14.3205973,
              48.2825147
            ]
          ],
          [
            [
              14.3222156,
              48.2775452
            ],
            [
              14.3222211,
              48.2778009
            ]
          ],
          [
            [
              14.3204351,
              48.2747412
            ],
            [
              14.3204138,
              48.2747538
            ],
            [
              14.3201812,
              48.2747131
            ],
            [
              14.3201823,
              48.274701
            ]
          ],
          [
            [
              14.3124256,
              48.2761555
            ],
            [
              14.3121648,
              48.2760725
            ]
          ],
          [
            [
              14.3055342,
              48.2765184
            ],
            [
              14.3054373,
              48.2764899
            ],
            [
              14.3053173,
              48.2764545
            ]
          ],
          [
            [
              14.3011933,
              48.2763255
            ],
            [
              14.3011735,
              48.2763576
            ],
            [
              14.3009697,
              48.2763022
            ],
            [
              14.300989,
              48.2762708
            ]
          ],
          [
            [
              14.298782,
              48.2737613
            ],
            [
              14.2987318,
              48.2737682
            ],
            [
              14.2987683,
              48.2738863
            ],
            [
              14.298819,
              48.2738793
            ]
          ],
          [
            [
              14.2928518,
              48.2720965
            ],
            [
              14.2931447,
              48.2721011
            ]
          ],
          [
            [
              14.2927456,
              48.2696935
            ],
            [
              14.2927367,
              48.2699079
            ]
          ],
          [
            [
              14.2893023,
              48.2694599
            ],
            [
              14.2889515,
              48.2694546
            ]
          ],
          [
            [
              14.2858413,
              48.267835
            ],
            [
              14.2857787,
              48.2678837
            ],
            [
              14.2855209,
              48.2677401
            ],
            [
              14.2854905,
              48.2677121
            ],
            [
              14.2854744,
              48.2676841
            ],
            [
              14.2854672,
              48.2676626
            ],
            [
              14.2854703,
              48.2676299
            ]
          ],
          [
            [
              14.2828109,
              48.2648107
            ],
            [
              14.2827483,
              48.2647161
            ],
            [
              14.2824188,
              48.2644614
            ]
          ],
          [
            [
              14.2771955,
              48.2644949
            ],
            [
              14.2772945,
              48.2646426
            ],
            [
              14.2773058,
              48.264669
            ],
            [
              14.2773048,
              48.2646961
            ],
            [
              14.277302,
              48.2647017
            ],
            [
              14.2772903,
              48.2647251
            ],
            [
              14.277263,
              48.2647546
            ],
            [
              14.2772312,
              48.2647791
            ]
          ]
        ]
      },
      "id": "relation/1149401"
    }
  ]
}