{
  "type": "FeatureCollection",
  "features": [
    {
      "type": "Feature",
      "properties": {
        "@id": "relation/1147446",
        "alternate": "no",
        "colour": "#964c29",
        "from": "Industriezeile",
        "name": "Bus 70: Schiffswerft => Stadtfriedhof",
        "network": "Oberösterreichischer Verkehrsverbund",
        "network:short": "OÖVV",
        "network:wikidata": "Q2011605",
        "network:wikipedia": "de:Oberösterreichischer Verkehrsverbund",
        "operator": "Linz Linien GmbH",
        "public_transport:version": "2",
        "ref": "70",
        "route": "bus",
        "to": "Stadtfriedhof",
        "type": "route"
      },
      "geometry": {
        "type": "MultiLineString",
        "coordinates": [
          [
            [
              14.3096844,
              48.3184938
            ],
            [
              14.3096584,
              48.3185309
            ],
            [
              14.3096199,
              48.3185758
            ],
            [
              14.3095825,
              48.3186091
            ],
            [
              14.3095446,
              48.3186395
            ],
            [
              14.3095198,
              48.3186556
            ],
            [
              14.309488,
              48.3186725
            ],
            [
              14.3094389,
              48.3186927
            ],
            [
              14.3093837,
              48.3187102
            ],
            [
              14.3093262,
              48.3187249
            ],
            [
              14.3092446,
              48.3187359
            ],
            [
              14.3091862,
              48.3187411
            ],
            [
              14.3091363,
              48.3187423
            ],
            [
              14.3090634,
              48.3187386
            ],
            [
              14.3089967,
              48.3187309
            ],
            [
              14.3089216,
              48.3187171
            ],
            [
              14.3088363,
              48.3186969
            ],
            [
              14.3087484,
              48.3186745
            ],
            [
              14.3076048,
              48.3183781
            ],
            [
              14.3063508,
              48.3180535
            ],
            [
              14.3061957,
              48.3180134
            ],
            [
              14.305786,
              48.3179052
            ],
            [
              14.3056302,
              48.317864
            ],
            [
              14.30557,
              48.3178383
            ],
            [
              14.3054221,
              48.3177708
            ],
            [
              14.3052362,
              48.3177218
            ],
            [
              14.3051447,
              48.3176977
            ],
            [
              14.3051051,
              48.3176873
            ],
            [
              14.3048524,
              48.3176465
            ],
            [
              14.3045378,
              48.317591
            ],
            [
              14.3044238,
              48.3175675
            ],
            [
              14.30438,
              48.317558
            ],
            [
              14.3043185,
              48.3175437
            ],
            [
              14.3042504,
              48.3175289
            ],
            [
              14.3041291,
              48.3174985
            ],
            [
              14.3039285,
              48.3174371
            ],
            [
              14.3036831,
              48.3173484
            ],
            [
              14.3034947,
              48.3172759
            ],
            [
              14.3033616,
              48.3172243
            ],
            [
              14.3031718,
              48.3171342
            ],
            [
              14.3030163,
              48.3170537
            ],
            [
              14.3028494,
              48.3169612
            ],
            [
              14.3026642,
              48.3168309
            ],
            [
              14.3024996,
              48.316709
            ],
            [
              14.3023612,
              48.3166013
            ],
            [
              14.3021836,
              48.3164564
            ],
            [
              14.3021253,
              48.3164071
            ],
            [
              14.3020419,
              48.3163309
            ],
            [
              14.3020077,
              48.3162999
            ],
            [
              14.3019644,
              48.3162599
            ],
            [
              14.3018645,
              48.3161656
            ],
            [
              14.3017801,
              48.3160797
            ],
            [
              14.3016757,
              48.3159962
            ],
            [
              14.3015761,
              48.3158867
            ],
            [
              14.3014804,
              48.3157804
            ],
            [
              14.3013978,
              48.3156907
            ],
            [
              14.3013141,
              48.3155963
            ],
            [
              14.3012476,
              48.3154659
            ],
            [
              14.3010535,
              48.315262
            ],
            [
              14.3009528,
              48.3151579
            ],
            [
              14.3008084,
              48.3150069
            ],
            [
              14.3007555,
              48.3149518
            ],
            [
              14.300672,
              48.3148643
            ],
            [
              14.3006219,
              48.3148145
            ],
            [
              14.3005701,
              48.3147629
            ],
            [
              14.3005325,
              48.3147255
            ],
            [
              14.3004616,
              48.3146538
            ],
            [
              14.3004494,
              48.3146417
            ],
            [
              14.3003771,
              48.3145673
            ],
            [
              14.3000425,
              48.3142382
            ],
            [
              14.2999058,
              48.3141038
            ],
            [
              14.2997471,
              48.3139496
            ],
            [
              14.2996687,
              48.3138809
            ],
            [
              14.2995563,
              48.3137863
            ],
            [
              14.2994717,
              48.3137212
            ],
            [
              14.2994247,
              48.3136851
            ],
            [
              14.2993887,
              48.3136568
            ],
            [
              14.2992418,
              48.313541
            ],
            [
              14.2991831,
              48.3134952
            ],
            [
              14.2990388,
              48.3133818
            ],
            [
              14.2986412,
              48.3130693
            ],
            [
              14.2985068,
              48.3129644
            ],
            [
              14.2984503,
              48.3129202
            ],
            [
              14.2982348,
              48.31278
            ],
            [
              14.298204,
              48.31276
            ],
            [
              14.2979829,
              48.3126162
            ],
            [
              14.2978968,
              48.3125651
            ],
            [
              14.2977929,
              48.3125034
            ],
            [
              14.2977201,
              48.3124603
            ],
            [
              14.2973665,
              48.3122507
            ],
            [
              14.296964,
              48.3120087
            ],
            [
              14.2967599,
              48.3118903
            ],
            [
              14.2966945,
              48.3118514
            ],
            [
              14.2966437,
              48.3118195
            ],
            [
              14.296566,
              48.3117754
            ],
            [
              14.2967153,
              48.3116684
            ],
            [
              14.296778,
              48.3116231
            ],
            [
              14.2971771,
              48.3113315
            ],
            [
              14.2976734,
              48.3109688
            ],
            [
              14.2979583,
              48.3108428
            ],
            [
              14.2980367,
              48.310794
            ],
            [
              14.2981466,
              48.3107119
            ],
            [
              14.2983128,
              48.3106037
            ],
            [
              14.2983739,
              48.310557
            ],
            [
              14.2985001,
              48.3104484
            ],
            [
              14.2986154,
              48.3103378
            ],
            [
              14.2987049,
              48.3102297
            ],
            [
              14.2987868,
              48.310127
            ],
            [
              14.2988871,
              48.3099864
            ],
            [
              14.298961,
              48.3098551
            ],
            [
              14.2989891,
              48.3098007
            ],
            [
              14.2990043,
              48.3097713
            ],
            [
              14.2990477,
              48.3096872
            ],
            [
              14.2991109,
              48.309557
            ],
            [
              14.2991275,
              48.3095229
            ],
            [
              14.2991811,
              48.3093805
            ],
            [
              14.2992906,
              48.3091057
            ],
            [
              14.2994161,
              48.3087889
            ],
            [
              14.2995415,
              48.308446
            ],
            [
              14.2996325,
              48.308098
            ],
            [
              14.2998185,
              48.3073121
            ],
            [
              14.2998701,
              48.307094
            ],
            [
              14.2998726,
              48.3070835
            ],
            [
              14.2999283,
              48.3068479
            ],
            [
              14.2999374,
              48.3068094
            ],
            [
              14.2999537,
              48.3067405
            ],
            [
              14.2999627,
              48.3066653
            ],
            [
              14.2999675,
              48.3066246
            ],
            [
              14.2999851,
              48.306476
            ],
            [
              14.3,
              48.3063493
            ],
            [
              14.3000347,
              48.3060558
            ],
            [
              14.3001559,
              48.3049786
            ],
            [
              14.3003304,
              48.3037646
            ],
            [
              14.3003547,
              48.3035958
            ],
            [
              14.3003604,
              48.3035565
            ],
            [
              14.3003813,
              48.3034484
            ],
            [
              14.3004003,
              48.3033471
            ],
            [
              14.3004082,
              48.3033157
            ],
            [
              14.30042,
              48.3032688
            ],
            [
              14.3005271,
              48.3028422
            ],
            [
              14.3005339,
              48.3028204
            ],
            [
              14.3006293,
              48.3024307
            ],
            [
              14.3006475,
              48.3023856
            ],
            [
              14.3006842,
              48.3022942
            ],
            [
              14.3007176,
              48.3022109
            ],
            [
              14.3007273,
              48.3021868
            ],
            [
              14.3007677,
              48.3020923
            ],
            [
              14.3007943,
              48.30203
            ],
            [
              14.3009637,
              48.3017132
            ],
            [
              14.3011589,
              48.3013476
            ],
            [
              14.3011301,
              48.301302
            ],
            [
              14.3011665,
              48.3012249
            ],
            [
              14.301178,
              48.3012006
            ],
            [
              14.3012052,
              48.301143
            ],
            [
              14.3012799,
              48.3011191
            ],
            [
              14.3014278,
              48.30084
            ],
            [
              14.3014013,
              48.3007763
            ],
            [
              14.3015481,
              48.3005201
            ],
            [
              14.3015654,
              48.3004897
            ],
            [
              14.3016568,
              48.300374
            ],
            [
              14.30174,
              48.3003496
            ],
            [
              14.3017779,
              48.3002936
            ],
            [
              14.3018472,
              48.3002068
            ],
            [
              14.3019356,
              48.3001227
            ],
            [
              14.3019173,
              48.3000634
            ],
            [
              14.3019561,
              48.300034
            ],
            [
              14.3020467,
              48.2999653
            ],
            [
              14.3022785,
              48.2998017
            ],
            [
              14.3024818,
              48.2996111
            ],
            [
              14.3026595,
              48.2994486
            ],
            [
              14.3029862,
              48.2991498
            ],
            [
              14.3030263,
              48.2991131
            ],
            [
              14.3031606,
              48.2989902
            ],
            [
              14.3030241,
              48.298934
            ],
            [
              14.3029744,
              48.2989044
            ],
            [
              14.3028526,
              48.2988318
            ],
            [
              14.3027652,
              48.2987665
            ],
            [
              14.3026662,
              48.2986781
            ],
            [
              14.3025501,
              48.2985673
            ],
            [
              14.302521,
              48.2985396
            ],
            [
              14.3024759,
              48.2984976
            ],
            [
              14.3023775,
              48.2983867
            ],
            [
              14.3023075,
              48.2983059
            ],
            [
              14.3021877,
              48.2981614
            ],
            [
              14.3021079,
              48.2980574
            ],
            [
              14.302045,
              48.2979519
            ],
            [
              14.3019895,
              48.2978494
            ],
            [
              14.3019374,
              48.2977635
            ],
            [
              14.3018819,
              48.2976944
            ],
            [
              14.3018218,
              48.2976324
            ],
            [
              14.3017606,
              48.2975804
            ],
            [
              14.3016969,
              48.2975366
            ],
            [
              14.3016406,
              48.2975026
            ],
            [
              14.301187,
              48.297335
            ],
            [
              14.3010626,
              48.2972891
            ],
            [
              14.3008097,
              48.2971955
            ],
            [
              14.3006978,
              48.2971998
            ],
            [
              14.3006802,
              48.2971934
            ],
            [
              14.3005513,
              48.2971467
            ],
            [
              14.3004545,
              48.2971116
            ],
            [
              14.3003861,
              48.2970408
            ],
            [
              14.2996825,
              48.2967846
            ],
            [
              14.2994164,
              48.2966933
            ],
            [
              14.2993407,
              48.2966673
            ],
            [
              14.2992158,
              48.2966244
            ],
            [
              14.2991659,
              48.2966059
            ],
            [
              14.2991054,
              48.2965851
            ],
            [
              14.2990443,
              48.2965655
            ],
            [
              14.2988844,
              48.2965114
            ],
            [
              14.2982824,
              48.2962971
            ],
            [
              14.2978142,
              48.2961301
            ],
            [
              14.2973977,
              48.2959783
            ],
            [
              14.2971575,
              48.2958907
            ],
            [
              14.2969078,
              48.2957996
            ],
            [
              14.2967227,
              48.2957363
            ],
            [
              14.2966435,
              48.2957092
            ],
            [
              14.2965275,
              48.2956739
            ],
            [
              14.2964246,
              48.2956426
            ],
            [
              14.2962575,
              48.2955927
            ],
            [
              14.2961437,
              48.2955514
            ],
            [
              14.2960406,
              48.2954906
            ],
            [
              14.2958731,
              48.2953547
            ],
            [
              14.2958469,
              48.2953329
            ],
            [
              14.2957219,
              48.2952391
            ],
            [
              14.2955806,
              48.2951428
            ],
            [
              14.2954355,
              48.2950465
            ],
            [
              14.2953786,
              48.2950021
            ],
            [
              14.2951019,
              48.2947955
            ],
            [
              14.2948721,
              48.2945999
            ],
            [
              14.2947548,
              48.2944863
            ],
            [
              14.2946608,
              48.2944029
            ],
            [
              14.2945718,
              48.2943393
            ],
            [
              14.2944835,
              48.2942999
            ],
            [
              14.2943864,
              48.2942698
            ],
            [
              14.2942834,
              48.2942535
            ],
            [
              14.2942316,
              48.2942525
            ],
            [
              14.294056,
              48.2942492
            ],
            [
              14.293855,
              48.2942503
            ],
            [
              14.2934682,
              48.2942449
            ],
            [
              14.2932839,
              48.2942418
            ],
            [
              14.2931566,
              48.2942396
            ],
            [
              14.2930392,
              48.2942271
            ],
            [
              14.2929266,
              48.2942008
            ],
            [
              14.2927807,
              48.2941425
            ],
            [
              14.2926721,
              48.2940767
            ],
            [
              14.2925551,
              48.2939853
            ],
            [
              14.2924717,
              48.2938934
            ],
            [
              14.2922162,
              48.2935912
            ],
            [
              14.2921831,
              48.2935522
            ],
            [
              14.2921216,
              48.2933496
            ],
            [
              14.2920222,
              48.2932314
            ],
            [
              14.2919681,
              48.293167
            ],
            [
              14.2916737,
              48.292817
            ],
            [
              14.2913042,
              48.2923777
            ],
            [
              14.291022,
              48.2920416
            ],
            [
              14.2909653,
              48.2919717
            ],
            [
              14.2908578,
              48.2918505
            ],
            [
              14.290813,
              48.2918006
            ],
            [
              14.2905937,
              48.2915567
            ],
            [
              14.2902324,
              48.2911546
            ],
            [
              14.2900172,
              48.2909395
            ],
            [
              14.2898888,
              48.2908323
            ],
            [
              14.2897626,
              48.2907591
            ],
            [
              14.2896934,
              48.2907234
            ],
            [
              14.2896364,
              48.290694
            ],
            [
              14.2895209,
              48.2906481
            ],
            [
              14.2893375,
              48.2906029
            ],
            [
              14.2892542,
              48.2905863
            ],
            [
              14.289157,
              48.2905673
            ],
            [
              14.2889577,
              48.2905643
            ],
            [
              14.2888014,
              48.2905442
            ],
            [
              14.2885122,
              48.2905038
            ],
            [
              14.2881607,
              48.2904671
            ],
            [
              14.2879021,
              48.2904442
            ],
            [
              14.2878634,
              48.2904399
            ],
            [
              14.2878135,
              48.2904365
            ],
            [
              14.2877186,
              48.2904236
            ],
            [
              14.2876388,
              48.2904052
            ],
            [
              14.287549,
              48.2903726
            ],
            [
              14.2874923,
              48.2903443
            ],
            [
              14.2874528,
              48.2903082
            ],
            [
              14.287428,
              48.2902608
            ],
            [
              14.2874331,
              48.2902028
            ],
            [
              14.2874546,
              48.2899595
            ],
            [
              14.2874673,
              48.2898446
            ],
            [
              14.2874851,
              48.2895895
            ],
            [
              14.2874856,
              48.2894191
            ],
            [
              14.2874856,
              48.289394
            ],
            [
              14.287492,
              48.289326
            ],
            [
              14.287495,
              48.2892945
            ],
            [
              14.2875047,
              48.2892334
            ],
            [
              14.2875369,
              48.2891223
            ],
            [
              14.2875496,
              48.2890863
            ],
            [
              14.2876312,
              48.2889209
            ],
            [
              14.2876519,
              48.2887552
            ],
            [
              14.2876616,
              48.2886958
            ],
            [
              14.2876689,
              48.2886508
            ],
            [
              14.2876821,
              48.2885693
            ],
            [
              14.2877062,
              48.2883692
            ],
            [
              14.2877186,
              48.2882462
            ],
            [
              14.2877212,
              48.2881684
            ],
            [
              14.287723,
              48.2880972
            ],
            [
              14.2875979,
              48.2878996
            ],
            [
              14.287551,
              48.2878113
            ],
            [
              14.2875129,
              48.2877433
            ],
            [
              14.2874317,
              48.2875983
            ],
            [
              14.2873904,
              48.2875228
            ],
            [
              14.2873536,
              48.2873639
            ],
            [
              14.2872198,
              48.287143
            ],
            [
              14.2867281,
              48.2863311
            ],
            [
              14.2864889,
              48.2859562
            ],
            [
              14.286291,
              48.2856461
            ],
            [
              14.2862697,
              48.2856127
            ],
            [
              14.2862341,
              48.285557
            ],
            [
              14.286048,
              48.2852654
            ],
            [
              14.2860215,
              48.2852242
            ],
            [
              14.2859219,
              48.2851133
            ],
            [
              14.2857999,
              48.285062
            ],
            [
              14.2857684,
              48.2850382
            ],
            [
              14.2856752,
              48.2849591
            ],
            [
              14.2855625,
              48.2848726
            ],
            [
              14.2854911,
              48.2848181
            ],
            [
              14.2854596,
              48.2847952
            ],
            [
              14.2853901,
              48.2847447
            ],
            [
              14.2852886,
              48.2846858
            ],
            [
              14.2851893,
              48.2846373
            ],
            [
              14.2846742,
              48.284399
            ],
            [
              14.2844999,
              48.2843184
            ],
            [
              14.2844047,
              48.2842663
            ],
            [
              14.2843782,
              48.2842515
            ],
            [
              14.2842996,
              48.2841991
            ],
            [
              14.2842282,
              48.2841243
            ],
            [
              14.2841616,
              48.2840037
            ],
            [
              14.2841551,
              48.2839806
            ],
            [
              14.2841479,
              48.2839484
            ],
            [
              14.2841556,
              48.2838949
            ],
            [
              14.2841749,
              48.2838364
            ],
            [
              14.2842067,
              48.2837732
            ],
            [
              14.2842477,
              48.2837148
            ],
            [
              14.2846101,
              48.2832674
            ],
            [
              14.2846958,
              48.2831611
            ],
            [
              14.2849746,
              48.282841
            ],
            [
              14.2852427,
              48.2825566
            ],
            [
              14.2854314,
              48.282375
            ],
            [
              14.285715,
              48.2821141
            ],
            [
              14.2860021,
              48.2818685
            ],
            [
              14.2861701,
              48.2817372
            ],
            [
              14.2863745,
              48.2815906
            ],
            [
              14.2866126,
              48.2814344
            ],
            [
              14.286739,
              48.2812807
            ],
            [
              14.2867686,
              48.2812426
            ],
            [
              14.2867866,
              48.28121
            ],
            [
              14.2867966,
              48.2811796
            ],
            [
              14.2868,
              48.2811519
            ],
            [
              14.2867951,
              48.281118
            ],
            [
              14.2867762,
              48.2810756
            ],
            [
              14.286756,
              48.281049
            ],
            [
              14.2867301,
              48.281027
            ],
            [
              14.2866932,
              48.2810017
            ],
            [
              14.2866597,
              48.2809857
            ],
            [
              14.2866237,
              48.2809735
            ],
            [
              14.2865802,
              48.2809645
            ],
            [
              14.2865402,
              48.2809609
            ],
            [
              14.2864933,
              48.2809621
            ],
            [
              14.286433,
              48.2809725
            ],
            [
              14.2863751,
              48.2809897
            ],
            [
              14.2862846,
              48.2810328
            ],
            [
              14.2861728,
              48.281102
            ],
            [
              14.2859117,
              48.2812934
            ],
            [
              14.2854926,
              48.2816063
            ],
            [
              14.2850927,
              48.281899
            ],
            [
              14.2850249,
              48.2819487
            ],
            [
              14.2849501,
              48.2820049
            ],
            [
              14.2848909,
              48.2820327
            ],
            [
              14.284822,
              48.2820601
            ],
            [
              14.2843227,
              48.2818316
            ],
            [
              14.284252,
              48.2817992
            ],
            [
              14.2838426,
              48.2815967
            ],
            [
              14.2833531,
              48.2813501
            ],
            [
              14.2831761,
              48.2812201
            ],
            [
              14.2829937,
              48.2811279
            ],
            [
              14.28282,
              48.2810369
            ],
            [
              14.2826972,
              48.2809668
            ],
            [
              14.2825306,
              48.2808627
            ],
            [
              14.2824713,
              48.2808208
            ],
            [
              14.2823864,
              48.2807608
            ],
            [
              14.2822733,
              48.2806683
            ],
            [
              14.2821947,
              48.2806041
            ],
            [
              14.2820128,
              48.2804426
            ],
            [
              14.2818228,
              48.2802526
            ],
            [
              14.2816145,
              48.2800544
            ],
            [
              14.2812447,
              48.2797173
            ],
            [
              14.2812158,
              48.2796912
            ],
            [
              14.2811654,
              48.2796503
            ],
            [
              14.2811018,
              48.2796012
            ],
            [
              14.2809436,
              48.2795294
            ],
            [
              14.2807172,
              48.2793641
            ],
            [
              14.2804567,
              48.2791901
            ],
            [
              14.2802987,
              48.2791082
            ],
            [
              14.2800784,
              48.2790084
            ],
            [
              14.2797755,
              48.2788952
            ],
            [
              14.279569,
              48.2788272
            ],
            [
              14.2795408,
              48.278818
            ],
            [
              14.2793787,
              48.2787654
            ],
            [
              14.2791956,
              48.2787016
            ],
            [
              14.2788496,
              48.278539
            ],
            [
              14.2787807,
              48.2785139
            ],
            [
              14.2785853,
              48.2784368
            ],
            [
              14.2784378,
              48.2783744
            ],
            [
              14.2782357,
              48.2782779
            ],
            [
              14.2779679,
              48.2781394
            ],
            [
              14.2778146,
              48.278049
            ],
            [
              14.2777318,
              48.2779974
            ],
            [
              14.2776217,
              48.2779208
            ],
            [
              14.2775241,
              48.2778529
            ],
            [
              14.2774996,
              48.2778363
            ],
            [
              14.2773141,
              48.2777395
            ],
            [
              14.2771918,
              48.2776455
            ],
            [
              14.2770286,
              48.2775114
            ],
            [
              14.2768444,
              48.2773527
            ],
            [
              14.2767606,
              48.2772936
            ],
            [
              14.2768727,
              48.277235
            ],
            [
              14.2769798,
              48.2771754
            ],
            [
              14.2770188,
              48.2771516
            ],
            [
              14.2770884,
              48.2771028
            ],
            [
              14.2772193,
              48.2770111
            ],
            [
              14.2772307,
              48.2770031
            ],
            [
              14.2773156,
              48.2769435
            ],
            [
              14.2773431,
              48.2769242
            ],
            [
              14.2775854,
              48.2767516
            ],
            [
              14.2778923,
              48.2765331
            ],
            [
              14.2779218,
              48.2765123
            ],
            [
              14.2780304,
              48.2764321
            ],
            [
              14.2781862,
              48.276317
            ],
            [
              14.2784543,
              48.2761334
            ],
            [
              14.2785148,
              48.2760919
            ],
            [
              14.2786172,
              48.2760168
            ],
            [
              14.2786809,
              48.2759669
            ],
            [
              14.2786897,
              48.27596
            ],
            [
              14.2787375,
              48.2759145
            ],
            [
              14.2787827,
              48.2758633
            ],
            [
              14.2788148,
              48.2758151
            ],
            [
              14.2788965,
              48.2756779
            ],
            [
              14.2790639,
              48.2753969
            ],
            [
              14.2791976,
              48.2751951
            ],
            [
              14.2796739,
              48.274559
            ],
            [
              14.2797694,
              48.2744313
            ],
            [
              14.2798098,
              48.2743773
            ],
            [
              14.2798967,
              48.2742612
            ],
            [
              14.2799314,
              48.2742148
            ],
            [
              14.2799682,
              48.2741654
            ],
            [
              14.2800257,
              48.2740884
            ],
            [
              14.2801429,
              48.2739315
            ],
            [
              14.2802501,
              48.2737879
            ],
            [
              14.280357,
              48.2736448
            ],
            [
              14.2804731,
              48.2734893
            ],
            [
              14.2805787,
              48.2733477
            ],
            [
              14.2806469,
              48.2732564
            ],
            [
              14.2806685,
              48.2732275
            ],
            [
              14.280799,
              48.2730528
            ],
            [
              14.2808135,
              48.2730333
            ],
            [
              14.2808525,
              48.2729811
            ],
            [
              14.2810217,
              48.2727545
            ],
            [
              14.2810866,
              48.2726664
            ],
            [
              14.2811459,
              48.2725686
            ],
            [
              14.2812051,
              48.2724565
            ],
            [
              14.2812549,
              48.2723545
            ],
            [
              14.2812769,
              48.2723094
            ],
            [
              14.2812965,
              48.2722692
            ],
            [
              14.2813691,
              48.2721177
            ],
            [
              14.2813755,
              48.2721044
            ],
            [
              14.2814499,
              48.2719417
            ],
            [
              14.2815703,
              48.2716896
            ],
            [
              14.2815902,
              48.2716488
            ],
            [
              14.2816661,
              48.2714937
            ],
            [
              14.2817309,
              48.2713829
            ],
            [
              14.2817928,
              48.2712769
            ],
            [
              14.2818155,
              48.2712387
            ],
            [
              14.281876,
              48.2711382
            ],
            [
              14.281972,
              48.2710033
            ],
            [
              14.2821339,
              48.2707952
            ],
            [
              14.282157,
              48.2707666
            ],
            [
              14.282248,
              48.2706471
            ],
            [
              14.2823168,
              48.2705621
            ],
            [
              14.2823423,
              48.2705315
            ],
            [
              14.2823634,
              48.270506
            ],
            [
              14.2824806,
              48.2703646
            ],
            [
              14.2825079,
              48.2703316
            ],
            [
              14.2825486,
              48.2702826
            ],
            [
              14.2826718,
              48.2701363
            ],
            [
              14.2828231,
              48.2699567
            ],
            [
              14.2830408,
              48.2696983
            ],
            [
              14.2832727,
              48.269423
            ],
            [
              14.2834792,
              48.2691832
            ],
            [
              14.2837447,
              48.2689082
            ],
            [
              14.2841129,
              48.2685515
            ],
            [
              14.2841733,
              48.268493
            ],
            [
              14.2843542,
              48.2683177
            ],
            [
              14.2844494,
              48.2682377
            ],
            [
              14.2847592,
              48.2679833
            ],
            [
              14.2848097,
              48.267943
            ],
            [
              14.2850477,
              48.2677529
            ],
            [
              14.2850724,
              48.2677327
            ],
            [
              14.2851911,
              48.267639
            ],
            [
              14.2854019,
              48.2674717
            ],
            [
              14.2858609,
              48.2670969
            ],
            [
              14.2859109,
              48.2670553
            ],
            [
              14.285949,
              48.2670237
            ],
            [
              14.2860539,
              48.2669365
            ],
            [
              14.2861534,
              48.2668539
            ],
            [
              14.2861946,
              48.2668196
            ],
            [
              14.2868152,
              48.2663222
            ],
            [
              14.2868656,
              48.2662818
            ],
            [
              14.2871785,
              48.266031
            ],
            [
              14.2872893,
              48.2659379
            ],
            [
              14.2876396,
              48.2656437
            ],
            [
              14.2877378,
              48.2655612
            ],
            [
              14.2878846,
              48.2654356
            ],
            [
              14.2882104,
              48.2651476
            ],
            [
              14.2883012,
              48.2650615
            ],
            [
              14.2883445,
              48.2650228
            ],
            [
              14.2883951,
              48.2649774
            ],
            [
              14.2885578,
              48.264823
            ],
            [
              14.2886433,
              48.2647368
            ],
            [
              14.2887451,
              48.2646301
            ],
            [
              14.2888723,
              48.2644938
            ],
            [
              14.2890034,
              48.2643427
            ],
            [
              14.2891087,
              48.2642146
            ],
            [
              14.2892389,
              48.264033
            ],
            [
              14.2893427,
              48.2638774
            ],
            [
              14.2894508,
              48.2636979
            ],
            [
              14.2895429,
              48.2635449
            ],
            [
              14.2896154,
              48.2633991
            ],
            [
              14.2897018,
              48.2632029
            ],
            [
              14.2897883,
              48.2629906
            ],
            [
              14.2898728,
              48.2627592
            ],
            [
              14.2899681,
              48.2624835
            ],
            [
              14.2900494,
              48.2621563
            ],
            [
              14.2900849,
              48.2619835
            ],
            [
              14.2901076,
              48.2618729
            ],
            [
              14.2901954,
              48.2614458
            ],
            [
              14.2903192,
              48.2607456
            ],
            [
              14.2904256,
              48.2601387
            ],
            [
              14.290522,
              48.2595896
            ],
            [
              14.2905577,
              48.2593852
            ],
            [
              14.2905892,
              48.2592052
            ],
            [
              14.290608,
              48.2590928
            ],
            [
              14.2906212,
              48.258922
            ],
            [
              14.2906165,
              48.2588253
            ],
            [
              14.2906016,
              48.2587136
            ],
            [
              14.2905711,
              48.2585797
            ],
            [
              14.2905257,
              48.2584595
            ],
            [
              14.2904602,
              48.2583401
            ],
            [
              14.2903625,
              48.2582039
            ],
            [
              14.2902523,
              48.2580907
            ],
            [
              14.2901422,
              48.2579945
            ],
            [
              14.2899185,
              48.2578292
            ],
            [
              14.2896242,
              48.2576495
            ],
            [
              14.2893715,
              48.2575104
            ],
            [
              14.2889054,
              48.2572513
            ],
            [
              14.2885766,
              48.2570685
            ],
            [
              14.2885256,
              48.2570402
            ],
            [
              14.2882449,
              48.2568857
            ],
            [
              14.2881808,
              48.2568485
            ],
            [
              14.2881391,
              48.2568253
            ],
            [
              14.2880904,
              48.2567982
            ],
            [
              14.2877871,
              48.2566296
            ],
            [
              14.2876693,
              48.2565637
            ],
            [
              14.2875817,
              48.2565144
            ],
            [
              14.2875085,
              48.2564664
            ],
            [
              14.2874126,
              48.2564008
            ],
            [
              14.2873204,
              48.2563156
            ],
            [
              14.2872793,
              48.2562582
            ],
            [
              14.287236,
              48.2561777
            ],
            [
              14.2872225,
              48.2561182
            ],
            [
              14.2872259,
              48.2560784
            ],
            [
              14.287228,
              48.2560546
            ],
            [
              14.2872465,
              48.2559702
            ],
            [
              14.2872611,
              48.2559188
            ],
            [
              14.2872842,
              48.2558572
            ],
            [
              14.2873409,
              48.2557056
            ],
            [
              14.287382,
              48.2555959
            ],
            [
              14.2873945,
              48.2555625
            ],
            [
              14.2874144,
              48.2555168
            ],
            [
              14.2874284,
              48.255485
            ],
            [
              14.2874381,
              48.2554628
            ],
            [
              14.2874696,
              48.2554042
            ],
            [
              14.2872715,
              48.2553185
            ],
            [
              14.2872036,
              48.2552901
            ],
            [
              14.2867791,
              48.2551112
            ],
            [
              14.286543,
              48.255016
            ],
            [
              14.2862693,
              48.2549177
            ],
            [
              14.285114,
              48.2545533
            ],
            [
              14.2837043,
              48.2541804
            ],
            [
              14.2828975,
              48.2539738
            ],
            [
              14.2825619,
              48.2538903
            ],
            [
              14.2822358,
              48.2538091
            ],
            [
              14.2816453,
              48.2536577
            ],
            [
              14.2792385,
              48.2530437
            ],
            [
              14.2780789,
              48.2527363
            ],
            [
              14.2771831,
              48.2524963
            ],
            [
              14.276913,
              48.252416
            ],
            [
              14.2765292,
              48.2523098
            ],
            [
              14.2762902,
              48.2522405
            ],
            [
              14.2760549,
              48.2521609
            ],
            [
              14.2754241,
              48.2519583
            ],
            [
              14.2748261,
              48.2517587
            ],
            [
              14.2741861,
              48.2515444
            ],
            [
              14.2736927,
              48.2513645
            ],
            [
              14.2730737,
              48.2511138
            ],
            [
              14.2722874,
              48.2507953
            ],
            [
              14.2719556,
              48.2506712
            ],
            [
              14.2717484,
              48.2505938
            ],
            [
              14.2716985,
              48.250575
            ],
            [
              14.2710322,
              48.2503005
            ],
            [
              14.2708438,
              48.2502191
            ],
            [
              14.2702962,
              48.2499826
            ],
            [
              14.2699402,
              48.2498273
            ],
            [
              14.2696298,
              48.2497037
            ],
            [
              14.2694862,
              48.2496466
            ],
            [
              14.2692232,
              48.2495381
            ],
            [
              14.2661094,
              48.248254
            ],
            [
              14.2659483,
              48.2481868
            ],
            [
              14.2651242,
              48.2478432
            ],
            [
              14.2650897,
              48.2478285
            ],
            [
              14.2648734,
              48.2477392
            ],
            [
              14.2646573,
              48.247658
            ],
            [
              14.264363,
              48.2475272
            ],
            [
              14.2626317,
              48.246808
            ],
            [
              14.261895,
              48.2464872
            ],
            [
              14.2612068,
              48.2461653
            ],
            [
              14.260761,
              48.2459534
            ],
            [
              14.2600846,
              48.2456319
            ],
            [
              14.259732,
              48.2454629
            ],
            [
              14.2592462,
              48.2452304
            ],
            [
              14.2569726,
              48.2441425
            ],
            [
              14.2559833,
              48.243675
            ],
            [
              14.2556248,
              48.2435056
            ],
            [
              14.2555666,
              48.2434781
            ],
            [
              14.2550393,
              48.2432301
            ],
            [
              14.2538439,
              48.2426731
            ],
            [
              14.2537276,
              48.2426193
            ],
            [
              14.2517066,
              48.2417193
            ],
            [
              14.2510857,
              48.2414506
            ],
            [
              14.2502331,
              48.2410779
            ],
            [
              14.2498832,
              48.240925
            ],
            [
              14.2497723,
              48.2408798
            ],
            [
              14.2496443,
              48.2408278
            ],
            [
              14.2494707,
              48.2407583
            ],
            [
              14.2490284,
              48.2405815
            ],
            [
              14.2469194,
              48.2397228
            ],
            [
              14.2463443,
              48.2394992
            ],
            [
              14.2453925,
              48.2391293
            ],
            [
              14.2452267,
              48.2390649
            ],
            [
              14.2450079,
              48.2389799
            ],
            [
              14.2450922,
              48.2388789
            ],
            [
              14.2451545,
              48.2388043
            ],
            [
              14.2451789,
              48.2387813
            ],
            [
              14.245321,
              48.2386477
            ],
            [
              14.2458324,
              48.2388847
            ],
            [
              14.2459352,
              48.2389305
            ],
            [
              14.24603,
              48.2389737
            ],
            [
              14.2468045,
              48.2393142
            ],
            [
              14.2470911,
              48.2394402
            ]
          ],
          [
            [
              14.2471447,
              48.2393947
            ],
            [
              14.2468214,
              48.2392481
            ]
          ],
          [
            [
              14.2548828,
              48.2432367
            ],
            [
              14.2552772,
              48.2434172
            ]
          ],
          [
            [
              14.25952,
              48.245447
            ],
            [
              14.259341,
              48.2453649
            ],
            [
              14.2592339,
              48.2453133
            ],
            [
              14.25917,
              48.2452768
            ]
          ],
          [
            [
              14.2691638,
              48.2495993
            ],
            [
              14.269425,
              48.2497116
            ]
          ],
          [
            [
              14.2822336,
              48.2538619
            ],
            [
              14.2821287,
              48.2538402
            ],
            [
              14.2815634,
              48.2537024
            ]
          ],
          [
            [
              14.2873887,
              48.2565084
            ],
            [
              14.287414,
              48.2564971
            ],
            [
              14.2876902,
              48.2566637
            ],
            [
              14.2876608,
              48.2566834
            ]
          ],
          [
            [
              14.2881169,
              48.2650487
            ],
            [
              14.2881573,
              48.2650681
            ],
            [
              14.2877714,
              48.2654106
            ],
            [
              14.2877399,
              48.2653941
            ]
          ],
          [
            [
              14.2853529,
              48.2673528
            ],
            [
              14.2856862,
              48.2670836
            ],
            [
              14.285716,
              48.267046
            ]
          ],
          [
            [
              14.2903912,
              48.2915043
            ],
            [
              14.2902529,
              48.2913412
            ],
            [
              14.2900966,
              48.2911569
            ]
          ],
          [
            [
              14.29385,
              48.2943113
            ],
            [
              14.293405,
              48.2942954
            ],
            [
              14.2931606,
              48.2942927
            ],
            [
              14.2930855,
              48.2942847
            ],
            [
              14.2930803,
              48.2943029
            ]
          ],
          [
            [
              14.2954984,
              48.2951852
            ],
            [
              14.2955142,
              48.2951747
            ],
            [
              14.2957737,
              48.2953496
            ],
            [
              14.2958569,
              48.2954245
            ],
            [
              14.2959608,
              48.295512
            ],
            [
              14.2959336,
              48.2955268
            ]
          ],
          [
            [
              14.3026656,
              48.2988335
            ],
            [
              14.3023586,
              48.2986042
            ]
          ],
          [
            [
              14.3004197,
              48.3028086
            ],
            [
              14.3003858,
              48.3029576
            ],
            [
              14.300365,
              48.3029795
            ]
          ],
          [
            [
              14.2990164,
              48.3095221
            ],
            [
              14.2990531,
              48.3095033
            ],
            [
              14.2991127,
              48.309348
            ],
            [
              14.2991242,
              48.3093003
            ]
          ],
          [
            [
              14.3061173,
              48.3180622
            ],
            [
              14.3057836,
              48.3179739
            ]
          ]
        ]
      },
      "id": "relation/1147446"
    },
    {
      "type": "Feature",
      "properties": {
        "@id": "relation/1147450",
        "alternate": "no",
        "colour": "#964c29",
        "from": "Stadtfriedhof",
        "name": "Bus 70: Stadtfriedhof => Schiffswerft",
        "network": "Oberösterreichischer Verkehrsverbund",
        "network:short": "OÖVV",
        "network:wikidata": "Q2011605",
        "network:wikipedia": "de:Oberösterreichischer Verkehrsverbund",
        "note": "hier fehlt noch die letzte haltestelle",
        "operator": "Linz Linien GmbH",
        "public_transport:version": "2",
        "ref": "70",
        "route": "bus",
        "to": "Schiffswerft",
        "type": "route"
      },
      "geometry": {
        "type": "MultiLineString",
        "coordinates": [
          [
            [
              14.2470911,
              48.2394402
            ],
            [
              14.2475889,
              48.2396728
            ],
            [
              14.2478653,
              48.2397901
            ],
            [
              14.2479916,
              48.2399714
            ],
            [
              14.2480444,
              48.2400473
            ],
            [
              14.2483579,
              48.2401749
            ],
            [
              14.2490524,
              48.2404576
            ],
            [
              14.2493816,
              48.240596
            ],
            [
              14.2495556,
              48.2406691
            ],
            [
              14.2497187,
              48.2407376
            ],
            [
              14.2498461,
              48.2407936
            ],
            [
              14.2517991,
              48.2416253
            ],
            [
              14.2538749,
              48.2425531
            ],
            [
              14.2555496,
              48.2433323
            ],
            [
              14.2556099,
              48.2433602
            ],
            [
              14.2560531,
              48.2435696
            ],
            [
              14.2568006,
              48.2439229
            ],
            [
              14.2581279,
              48.2445569
            ],
            [
              14.2593439,
              48.2451428
            ],
            [
              14.2597564,
              48.2453382
            ],
            [
              14.2600599,
              48.245484
            ],
            [
              14.2603735,
              48.2456379
            ],
            [
              14.2604712,
              48.2456858
            ],
            [
              14.2612941,
              48.2460848
            ],
            [
              14.2620175,
              48.2464146
            ],
            [
              14.2627092,
              48.2467154
            ],
            [
              14.2632798,
              48.2469442
            ],
            [
              14.2636016,
              48.2470749
            ],
            [
              14.2639314,
              48.247218
            ],
            [
              14.2646483,
              48.2475291
            ],
            [
              14.264743,
              48.2475672
            ],
            [
              14.2649574,
              48.2476551
            ],
            [
              14.2651663,
              48.2477426
            ],
            [
              14.265678,
              48.2479487
            ],
            [
              14.2682944,
              48.2490332
            ],
            [
              14.268533,
              48.2491362
            ],
            [
              14.2694554,
              48.2495343
            ],
            [
              14.2695553,
              48.2495731
            ],
            [
              14.2697032,
              48.2496304
            ],
            [
              14.2698977,
              48.2497057
            ],
            [
              14.2702128,
              48.2498357
            ],
            [
              14.2706987,
              48.2500361
            ],
            [
              14.2708714,
              48.2501114
            ],
            [
              14.2716783,
              48.2504631
            ],
            [
              14.2718205,
              48.2505165
            ],
            [
              14.2720217,
              48.2505922
            ],
            [
              14.2722691,
              48.2506852
            ],
            [
              14.2729395,
              48.2509524
            ],
            [
              14.2737642,
              48.2512712
            ],
            [
              14.2742523,
              48.2514486
            ],
            [
              14.2749021,
              48.2516674
            ],
            [
              14.2755016,
              48.251866
            ],
            [
              14.2761265,
              48.2520646
            ],
            [
              14.2765918,
              48.2522056
            ],
            [
              14.2769553,
              48.2523218
            ],
            [
              14.2776426,
              48.2525129
            ],
            [
              14.2787776,
              48.2528112
            ],
            [
              14.2798756,
              48.253096
            ],
            [
              14.2808622,
              48.253344
            ],
            [
              14.2810298,
              48.2533862
            ],
            [
              14.2813501,
              48.2534614
            ],
            [
              14.2821912,
              48.2536673
            ],
            [
              14.2826239,
              48.2537874
            ],
            [
              14.2828992,
              48.2538638
            ],
            [
              14.2832128,
              48.253943
            ],
            [
              14.2845334,
              48.254303
            ],
            [
              14.2851621,
              48.2544752
            ],
            [
              14.2857051,
              48.2546343
            ],
            [
              14.286025,
              48.2547367
            ],
            [
              14.2863341,
              48.2548388
            ],
            [
              14.2867103,
              48.2549737
            ],
            [
              14.2871475,
              48.2551471
            ],
            [
              14.2872795,
              48.2552021
            ],
            [
              14.2873022,
              48.2552116
            ],
            [
              14.2875286,
              48.2553057
            ],
            [
              14.2877427,
              48.2553948
            ],
            [
              14.2880231,
              48.2555329
            ],
            [
              14.288287,
              48.2556718
            ],
            [
              14.2887541,
              48.2559328
            ],
            [
              14.2910476,
              48.2572434
            ],
            [
              14.2924714,
              48.2580708
            ],
            [
              14.2930996,
              48.2584018
            ],
            [
              14.2934286,
              48.258595
            ],
            [
              14.2935984,
              48.2587422
            ],
            [
              14.2938492,
              48.2588943
            ],
            [
              14.2941584,
              48.2590928
            ],
            [
              14.2944566,
              48.2592899
            ],
            [
              14.2948679,
              48.2595805
            ],
            [
              14.2952962,
              48.2599117
            ],
            [
              14.2956548,
              48.2602408
            ],
            [
              14.2960341,
              48.2606068
            ],
            [
              14.2963102,
              48.260934
            ],
            [
              14.296628,
              48.2613477
            ],
            [
              14.2968469,
              48.2616646
            ],
            [
              14.297061,
              48.262024
            ],
            [
              14.2972541,
              48.2624105
            ],
            [
              14.2973509,
              48.2626373
            ],
            [
              14.2974683,
              48.2629056
            ],
            [
              14.2976559,
              48.2634507
            ],
            [
              14.2977864,
              48.2639509
            ],
            [
              14.297847,
              48.2642627
            ],
            [
              14.2978897,
              48.2645869
            ],
            [
              14.2978979,
              48.2648254
            ],
            [
              14.2978915,
              48.2650614
            ],
            [
              14.2978575,
              48.2653427
            ],
            [
              14.297807,
              48.2655866
            ],
            [
              14.29775,
              48.2658007
            ],
            [
              14.2976687,
              48.2660433
            ],
            [
              14.2975612,
              48.2663034
            ],
            [
              14.2974587,
              48.2665323
            ],
            [
              14.2974439,
              48.2665823
            ],
            [
              14.2973818,
              48.2667912
            ],
            [
              14.2973614,
              48.2668634
            ],
            [
              14.2971212,
              48.267301
            ],
            [
              14.2965175,
              48.2683149
            ],
            [
              14.2962804,
              48.2687226
            ],
            [
              14.2962602,
              48.2687581
            ],
            [
              14.2960865,
              48.2690326
            ],
            [
              14.2960079,
              48.2691845
            ],
            [
              14.2959882,
              48.2692247
            ],
            [
              14.2959421,
              48.269348
            ],
            [
              14.2958687,
              48.2695439
            ],
            [
              14.2957941,
              48.269794
            ],
            [
              14.2957653,
              48.2698905
            ],
            [
              14.2956453,
              48.270456
            ],
            [
              14.2955704,
              48.2711019
            ],
            [
              14.2954855,
              48.2733674
            ],
            [
              14.2954521,
              48.2738145
            ],
            [
              14.2954069,
              48.2741869
            ],
            [
              14.2952001,
              48.2751309
            ],
            [
              14.2950987,
              48.2757195
            ],
            [
              14.2950661,
              48.2759793
            ],
            [
              14.2950476,
              48.2762174
            ],
            [
              14.295046,
              48.2764019
            ],
            [
              14.2949638,
              48.276693
            ],
            [
              14.2949403,
              48.2774935
            ],
            [
              14.2949196,
              48.2777751
            ],
            [
              14.2948807,
              48.2780024
            ],
            [
              14.2948208,
              48.278286
            ],
            [
              14.2947635,
              48.2784564
            ],
            [
              14.2947104,
              48.278575
            ],
            [
              14.2946033,
              48.2787515
            ],
            [
              14.2944896,
              48.2789048
            ],
            [
              14.2943845,
              48.2790107
            ],
            [
              14.2942187,
              48.2791601
            ],
            [
              14.2940803,
              48.2792598
            ],
            [
              14.2938908,
              48.2793777
            ],
            [
              14.2936814,
              48.2794868
            ],
            [
              14.2933914,
              48.2795988
            ],
            [
              14.2931326,
              48.279675
            ],
            [
              14.2928439,
              48.2797425
            ],
            [
              14.2925383,
              48.2797889
            ],
            [
              14.2922372,
              48.2798245
            ],
            [
              14.2918958,
              48.2798589
            ],
            [
              14.2915133,
              48.2799059
            ],
            [
              14.2912458,
              48.2799478
            ],
            [
              14.2910492,
              48.2799979
            ],
            [
              14.2907858,
              48.280069
            ],
            [
              14.2898665,
              48.2803149
            ],
            [
              14.2894636,
              48.2804267
            ],
            [
              14.2892232,
              48.2804586
            ],
            [
              14.2889476,
              48.2805422
            ],
            [
              14.2886886,
              48.2806209
            ],
            [
              14.2883878,
              48.2807216
            ],
            [
              14.2880187,
              48.2808545
            ],
            [
              14.287581,
              48.2810296
            ],
            [
              14.2872447,
              48.2811891
            ],
            [
              14.287023,
              48.2813064
            ],
            [
              14.2868304,
              48.2814179
            ],
            [
              14.286634,
              48.2815375
            ],
            [
              14.2864378,
              48.281668
            ],
            [
              14.2862408,
              48.2818084
            ],
            [
              14.2860759,
              48.2819432
            ],
            [
              14.285815,
              48.2821632
            ],
            [
              14.2855348,
              48.2824188
            ],
            [
              14.2853504,
              48.2825936
            ],
            [
              14.2850716,
              48.2828922
            ],
            [
              14.2848011,
              48.2832037
            ],
            [
              14.2847174,
              48.2833097
            ],
            [
              14.2844907,
              48.2836029
            ],
            [
              14.2844295,
              48.2836927
            ],
            [
              14.2843799,
              48.2837759
            ],
            [
              14.2843603,
              48.2838242
            ],
            [
              14.2843465,
              48.2838582
            ],
            [
              14.284338,
              48.2839069
            ],
            [
              14.2843339,
              48.2839612
            ],
            [
              14.2843384,
              48.2840077
            ],
            [
              14.2843505,
              48.2840573
            ],
            [
              14.2843741,
              48.2840996
            ],
            [
              14.2844115,
              48.2841434
            ],
            [
              14.2844588,
              48.2841866
            ],
            [
              14.2845191,
              48.2842273
            ],
            [
              14.2845929,
              48.2842704
            ],
            [
              14.28536,
              48.2846266
            ],
            [
              14.2854583,
              48.284683
            ],
            [
              14.2854738,
              48.2846919
            ],
            [
              14.2855691,
              48.2847482
            ],
            [
              14.2856461,
              48.2847982
            ],
            [
              14.2857229,
              48.2848537
            ],
            [
              14.2857948,
              48.2849097
            ],
            [
              14.2858837,
              48.2849956
            ],
            [
              14.2858979,
              48.2850312
            ],
            [
              14.2859219,
              48.2851133
            ],
            [
              14.2860215,
              48.2852242
            ],
            [
              14.286048,
              48.2852654
            ],
            [
              14.2862341,
              48.285557
            ],
            [
              14.2862697,
              48.2856127
            ],
            [
              14.286291,
              48.2856461
            ],
            [
              14.2864889,
              48.2859562
            ],
            [
              14.2867281,
              48.2863311
            ],
            [
              14.2872198,
              48.287143
            ],
            [
              14.2873536,
              48.2873639
            ],
            [
              14.287489,
              48.2874956
            ],
            [
              14.2876106,
              48.2876972
            ],
            [
              14.2876203,
              48.2877147
            ],
            [
              14.2876924,
              48.2878444
            ],
            [
              14.2877235,
              48.2879584
            ],
            [
              14.287723,
              48.2880972
            ],
            [
              14.2877212,
              48.2881684
            ],
            [
              14.2877186,
              48.2882462
            ],
            [
              14.2877062,
              48.2883692
            ],
            [
              14.2876821,
              48.2885693
            ],
            [
              14.2876689,
              48.2886508
            ],
            [
              14.2876616,
              48.2886958
            ],
            [
              14.2876519,
              48.2887552
            ],
            [
              14.2876312,
              48.2889209
            ],
            [
              14.2876346,
              48.2891054
            ],
            [
              14.287636,
              48.2892835
            ],
            [
              14.2876356,
              48.2893006
            ],
            [
              14.287636,
              48.2893439
            ],
            [
              14.2876366,
              48.2894003
            ],
            [
              14.2876373,
              48.2894265
            ],
            [
              14.2876389,
              48.2894921
            ],
            [
              14.287657,
              48.2895813
            ],
            [
              14.2876971,
              48.2896823
            ],
            [
              14.2877348,
              48.2897604
            ],
            [
              14.2877742,
              48.2898288
            ],
            [
              14.2877862,
              48.2898483
            ],
            [
              14.2878535,
              48.2899141
            ],
            [
              14.2879226,
              48.2899829
            ],
            [
              14.2879571,
              48.2900101
            ],
            [
              14.2880431,
              48.2900765
            ],
            [
              14.2880855,
              48.2901073
            ],
            [
              14.2881649,
              48.2901643
            ],
            [
              14.2882996,
              48.2902419
            ],
            [
              14.2888147,
              48.2904369
            ],
            [
              14.2890849,
              48.2905398
            ],
            [
              14.289157,
              48.2905673
            ],
            [
              14.2892542,
              48.2905863
            ],
            [
              14.2893375,
              48.2906029
            ],
            [
              14.2895209,
              48.2906481
            ],
            [
              14.2897091,
              48.2906224
            ],
            [
              14.2897448,
              48.2906272
            ],
            [
              14.2899265,
              48.2907013
            ],
            [
              14.2900077,
              48.2907428
            ],
            [
              14.290076,
              48.2907847
            ],
            [
              14.2901344,
              48.290832
            ],
            [
              14.2901896,
              48.2908899
            ],
            [
              14.2904739,
              48.2912259
            ],
            [
              14.2905788,
              48.2913499
            ],
            [
              14.2909659,
              48.2918075
            ],
            [
              14.2909872,
              48.2918409
            ],
            [
              14.2909871,
              48.2918616
            ],
            [
              14.2909863,
              48.2918814
            ],
            [
              14.2909689,
              48.2919291
            ],
            [
              14.2909639,
              48.2919481
            ],
            [
              14.290963,
              48.2919594
            ],
            [
              14.2909653,
              48.2919717
            ],
            [
              14.291022,
              48.2920416
            ],
            [
              14.2913042,
              48.2923777
            ],
            [
              14.2916737,
              48.292817
            ],
            [
              14.2919681,
              48.293167
            ],
            [
              14.2920222,
              48.2932314
            ],
            [
              14.2921216,
              48.2933496
            ],
            [
              14.2920412,
              48.293457
            ],
            [
              14.2919818,
              48.2935156
            ],
            [
              14.2916649,
              48.2938507
            ],
            [
              14.2909999,
              48.2945567
            ],
            [
              14.290948,
              48.2946109
            ],
            [
              14.2907651,
              48.294802
            ],
            [
              14.2906011,
              48.2949808
            ],
            [
              14.2904539,
              48.295131
            ],
            [
              14.2903884,
              48.2952025
            ],
            [
              14.2901394,
              48.2955041
            ],
            [
              14.2901238,
              48.2955229
            ],
            [
              14.2900948,
              48.295574
            ],
            [
              14.2900831,
              48.295632
            ],
            [
              14.2900251,
              48.2956516
            ],
            [
              14.2899713,
              48.2956781
            ],
            [
              14.2899363,
              48.2957181
            ],
            [
              14.2893813,
              48.2963523
            ],
            [
              14.2893246,
              48.296417
            ],
            [
              14.2892136,
              48.2965301
            ],
            [
              14.2884069,
              48.2973322
            ],
            [
              14.2883486,
              48.2973887
            ],
            [
              14.2883047,
              48.2974311
            ],
            [
              14.2882237,
              48.2975114
            ],
            [
              14.2878103,
              48.2979114
            ],
            [
              14.2877508,
              48.2979472
            ],
            [
              14.2877064,
              48.2979485
            ],
            [
              14.2876796,
              48.298104
            ],
            [
              14.2876659,
              48.2981736
            ],
            [
              14.2876606,
              48.2982002
            ],
            [
              14.2876536,
              48.298236
            ],
            [
              14.2876115,
              48.2984522
            ],
            [
              14.2876007,
              48.2985075
            ],
            [
              14.287561,
              48.2987772
            ],
            [
              14.2875389,
              48.2989275
            ],
            [
              14.2874751,
              48.2993612
            ],
            [
              14.287445,
              48.2995659
            ],
            [
              14.2874335,
              48.2996443
            ],
            [
              14.2874282,
              48.2996805
            ],
            [
              14.2873585,
              48.3003011
            ],
            [
              14.2873657,
              48.300329
            ],
            [
              14.2873703,
              48.3003471
            ],
            [
              14.2874121,
              48.3003879
            ],
            [
              14.2874587,
              48.3004059
            ],
            [
              14.2875303,
              48.3004238
            ],
            [
              14.2877905,
              48.3004638
            ],
            [
              14.2880439,
              48.3005028
            ],
            [
              14.2887599,
              48.3006129
            ],
            [
              14.2891474,
              48.3006725
            ],
            [
              14.2892309,
              48.3006853
            ],
            [
              14.2892698,
              48.3006913
            ],
            [
              14.2904409,
              48.3008714
            ],
            [
              14.2904472,
              48.3008725
            ],
            [
              14.2904632,
              48.3008752
            ],
            [
              14.2905246,
              48.3008857
            ],
            [
              14.2905282,
              48.3008863
            ],
            [
              14.2905878,
              48.3008966
            ],
            [
              14.2905906,
              48.3008973
            ],
            [
              14.2906083,
              48.3009018
            ],
            [
              14.2906255,
              48.3009061
            ],
            [
              14.2906858,
              48.3009214
            ],
            [
              14.290746,
              48.3009366
            ],
            [
              14.2908142,
              48.3009538
            ],
            [
              14.2908272,
              48.3009571
            ],
            [
              14.2919763,
              48.3012475
            ],
            [
              14.2924022,
              48.3013552
            ],
            [
              14.2924344,
              48.3013634
            ],
            [
              14.2925738,
              48.3013986
            ],
            [
              14.2926837,
              48.3014264
            ],
            [
              14.292729,
              48.3014378
            ],
            [
              14.2934529,
              48.3016118
            ],
            [
              14.2940636,
              48.3017591
            ],
            [
              14.2943891,
              48.3018378
            ],
            [
              14.2944644,
              48.3018558
            ],
            [
              14.2945289,
              48.3018718
            ],
            [
              14.2952219,
              48.3020441
            ],
            [
              14.2957208,
              48.3021681
            ],
            [
              14.2959104,
              48.3022152
            ],
            [
              14.2959465,
              48.3022241
            ],
            [
              14.2960518,
              48.3022503
            ],
            [
              14.2961444,
              48.3022735
            ],
            [
              14.296208,
              48.3022894
            ],
            [
              14.2963356,
              48.3023214
            ],
            [
              14.2964103,
              48.3023401
            ],
            [
              14.2964478,
              48.3023493
            ],
            [
              14.2970292,
              48.3024924
            ],
            [
              14.2974154,
              48.3025874
            ],
            [
              14.2974531,
              48.3025967
            ],
            [
              14.2975344,
              48.3026167
            ],
            [
              14.2984709,
              48.302847
            ],
            [
              14.2986581,
              48.3028931
            ],
            [
              14.2989251,
              48.3029689
            ],
            [
              14.2990125,
              48.3029937
            ],
            [
              14.2991011,
              48.3030225
            ],
            [
              14.299296,
              48.3030874
            ],
            [
              14.2995298,
              48.3031653
            ],
            [
              14.2997,
              48.3032218
            ],
            [
              14.2999872,
              48.3033173
            ],
            [
              14.3001637,
              48.303376
            ],
            [
              14.3002213,
              48.3033952
            ],
            [
              14.3003813,
              48.3034484
            ],
            [
              14.3005132,
              48.3034987
            ],
            [
              14.3005724,
              48.3035209
            ],
            [
              14.3010058,
              48.3036839
            ],
            [
              14.30139,
              48.3038267
            ],
            [
              14.3017214,
              48.3039471
            ],
            [
              14.302567,
              48.3042647
            ],
            [
              14.3026603,
              48.3042994
            ],
            [
              14.3029267,
              48.3043986
            ],
            [
              14.3036423,
              48.3046651
            ],
            [
              14.3039093,
              48.3047645
            ],
            [
              14.3039123,
              48.3047656
            ],
            [
              14.3047834,
              48.3050908
            ],
            [
              14.3051616,
              48.305232
            ],
            [
              14.3053729,
              48.3053109
            ],
            [
              14.3056387,
              48.3054101
            ],
            [
              14.3056868,
              48.3054281
            ],
            [
              14.3057208,
              48.3054421
            ],
            [
              14.3058543,
              48.3054969
            ],
            [
              14.305987,
              48.3055653
            ],
            [
              14.3060393,
              48.3055922
            ],
            [
              14.3062441,
              48.3056978
            ],
            [
              14.3066106,
              48.3058867
            ],
            [
              14.3069265,
              48.3060495
            ],
            [
              14.3072232,
              48.3062024
            ],
            [
              14.3073952,
              48.3062891
            ],
            [
              14.3074523,
              48.3063205
            ],
            [
              14.3082494,
              48.3067313
            ],
            [
              14.3084767,
              48.3068477
            ],
            [
              14.3086346,
              48.306929
            ],
            [
              14.3088413,
              48.3070354
            ],
            [
              14.3094125,
              48.3073295
            ],
            [
              14.309479,
              48.3073649
            ],
            [
              14.309604,
              48.3074426
            ],
            [
              14.3097538,
              48.3075352
            ],
            [
              14.3097967,
              48.3075566
            ],
            [
              14.3102091,
              48.307763
            ],
            [
              14.3103091,
              48.307813
            ],
            [
              14.310565,
              48.3079416
            ],
            [
              14.3114006,
              48.3083683
            ],
            [
              14.3117841,
              48.3085653
            ],
            [
              14.3123696,
              48.3088669
            ],
            [
              14.3128269,
              48.3091017
            ],
            [
              14.3135159,
              48.3094648
            ],
            [
              14.3137615,
              48.3095848
            ],
            [
              14.313937,
              48.3096751
            ],
            [
              14.3139619,
              48.3096884
            ],
            [
              14.3140426,
              48.309729
            ],
            [
              14.3142525,
              48.3098348
            ],
            [
              14.3143222,
              48.3098695
            ],
            [
              14.3144764,
              48.3099338
            ],
            [
              14.3144636,
              48.3100428
            ],
            [
              14.3144419,
              48.3100852
            ],
            [
              14.314329,
              48.3103416
            ],
            [
              14.3142514,
              48.3105236
            ],
            [
              14.3141683,
              48.3107292
            ],
            [
              14.3141202,
              48.3108591
            ],
            [
              14.3141077,
              48.3108895
            ],
            [
              14.3139249,
              48.3112033
            ],
            [
              14.3138591,
              48.3112858
            ],
            [
              14.313784,
              48.3113798
            ],
            [
              14.3136339,
              48.3115717
            ],
            [
              14.3136096,
              48.3116127
            ],
            [
              14.313556,
              48.3117123
            ],
            [
              14.3135033,
              48.3118075
            ],
            [
              14.3134005,
              48.3120408
            ],
            [
              14.3132624,
              48.3123833
            ],
            [
              14.3131886,
              48.3125581
            ],
            [
              14.3131473,
              48.3126603
            ],
            [
              14.3131011,
              48.3127747
            ],
            [
              14.3130466,
              48.3129058
            ],
            [
              14.3130036,
              48.3130094
            ],
            [
              14.3129311,
              48.3131504
            ],
            [
              14.3128382,
              48.3133063
            ],
            [
              14.3127681,
              48.3134177
            ],
            [
              14.3126331,
              48.3137117
            ],
            [
              14.3126164,
              48.3137459
            ],
            [
              14.3126025,
              48.313779
            ],
            [
              14.3124133,
              48.3141797
            ],
            [
              14.3122941,
              48.3144302
            ],
            [
              14.3122079,
              48.3146196
            ],
            [
              14.3121264,
              48.3147986
            ],
            [
              14.3120961,
              48.3148553
            ],
            [
              14.3120773,
              48.3148911
            ],
            [
              14.3120354,
              48.3149758
            ],
            [
              14.3118435,
              48.3153097
            ],
            [
              14.3116575,
              48.3156121
            ],
            [
              14.3116191,
              48.3156732
            ],
            [
              14.3115061,
              48.3157328
            ],
            [
              14.3113501,
              48.3159335
            ],
            [
              14.3112487,
              48.3160597
            ],
            [
              14.3110644,
              48.3163071
            ],
            [
              14.3109847,
              48.3164141
            ],
            [
              14.3108577,
              48.3165839
            ],
            [
              14.3103557,
              48.3172546
            ],
            [
              14.310164,
              48.3175225
            ],
            [
              14.3100817,
              48.317649
            ],
            [
              14.3099912,
              48.3177881
            ],
            [
              14.309904,
              48.3179221
            ],
            [
              14.3098873,
              48.3180566
            ],
            [
              14.3097655,
              48.3183317
            ],
            [
              14.3096844,
              48.3184938
            ]
          ],
          [
            [
              14.3119042,
              48.3153822
            ],
            [
              14.3118593,
              48.3153736
            ],
            [
              14.3119248,
              48.3152504
            ],
            [
              14.3119704,
              48.3152624
            ]
          ],
          [
            [
              14.3130889,
              48.3129163
            ],
            [
              14.3129536,
              48.313197
            ],
            [
              14.3129945,
              48.3132054
            ]
          ],
          [
            [
              14.3145523,
              48.3100952
            ],
            [
              14.31451,
              48.3100864
            ],
            [
              14.3143485,
              48.3104306
            ],
            [
              14.3143903,
              48.3104392
            ]
          ],
          [
            [
              14.3100264,
              48.3075709
            ],
            [
              14.3101807,
              48.3076502
            ],
            [
              14.3103075,
              48.3077153
            ]
          ],
          [
            [
              14.3049568,
              48.3050857
            ],
            [
              14.3052146,
              48.3051823
            ]
          ],
          [
            [
              14.2995806,
              48.3031027
            ],
            [
              14.2993429,
              48.3030226
            ]
          ],
          [
            [
              14.2961914,
              48.3022269
            ],
            [
              14.2964744,
              48.3022971
            ]
          ],
          [
            [
              14.2904733,
              48.3008167
            ],
            [
              14.2902591,
              48.3007844
            ]
          ],
          [
            [
              14.2883398,
              48.2974779
            ],
            [
              14.2883115,
              48.2974923
            ],
            [
              14.2882033,
              48.297596
            ],
            [
              14.2881952,
              48.2976215
            ]
          ],
          [
            [
              14.2908416,
              48.2948879
            ],
            [
              14.2908087,
              48.2948745
            ],
            [
              14.2906043,
              48.2950967
            ],
            [
              14.2906338,
              48.2951087
            ]
          ],
          [
            [
              14.2902328,
              48.2908133
            ],
            [
              14.2902412,
              48.2908624
            ],
            [
              14.2902796,
              48.2908946
            ],
            [
              14.2903734,
              48.2909894
            ],
            [
              14.2905946,
              48.2912475
            ],
            [
              14.2906501,
              48.2912521
            ]
          ],
          [
            [
              14.283312,
              48.2538687
            ],
            [
              14.2833001,
              48.2538903
            ],
            [
              14.2829357,
              48.2538009
            ],
            [
              14.2829509,
              48.2537735
            ]
          ],
          [
            [
              14.2702736,
              48.2497821
            ],
            [
              14.2699128,
              48.2496345
            ]
          ],
          [
            [
              14.2605527,
              48.2456488
            ],
            [
              14.2604396,
              48.2455901
            ],
            [
              14.2601734,
              48.2454637
            ],
            [
              14.2601186,
              48.2454244
            ]
          ],
          [
            [
              14.2562124,
              48.2435658
            ],
            [
              14.2558591,
              48.2433936
            ]
          ],
          [
            [
              14.2471447,
              48.2393947
            ],
            [
              14.2468214,
              48.2392481
            ]
          ]
        ]
      },
      "id": "relation/1147450"
    }
  ]
}