{
  "type": "FeatureCollection",
  "features": [
    {
      "type": "Feature",
      "properties": {
        "@id": "relation/12659170",
        "colour": "#0595DA",
        "colour:text": "#FFFFFF",
        "from": "Hafenportal",
        "name": "Bus N83: Hafenportal => Neue Heimat",
        "network": "Oberösterreichischer Verkehrsverbund",
        "network:short": "OÖVV",
        "network:wikidata": "Q2011605",
        "network:wikipedia": "de:Oberösterreichischer Verkehrsverbund",
        "operator": "Linz Linien GmbH",
        "public_transport:version": "2",
        "ref": "N83",
        "route": "bus",
        "to": "Neue Heimat",
        "type": "route"
      },
      "geometry": {
        "type": "MultiLineString",
        "coordinates": [
          [
            [
              14.3139149,
              48.3118877
            ],
            [
              14.3139526,
              48.3118957
            ],
            [
              14.3141675,
              48.3119377
            ],
            [
              14.3144002,
              48.311975
            ],
            [
              14.3144453,
              48.3119503
            ],
            [
              14.3144915,
              48.3119007
            ],
            [
              14.3146583,
              48.3115779
            ],
            [
              14.3145944,
              48.3115639
            ],
            [
              14.3138921,
              48.3114101
            ],
            [
              14.313784,
              48.3113798
            ],
            [
              14.3136554,
              48.3113361
            ],
            [
              14.3137128,
              48.3112545
            ],
            [
              14.3137793,
              48.31116
            ],
            [
              14.3138736,
              48.3110191
            ],
            [
              14.3139382,
              48.3109045
            ],
            [
              14.3139693,
              48.3108452
            ],
            [
              14.3139814,
              48.3108201
            ],
            [
              14.3140731,
              48.3106192
            ],
            [
              14.3141137,
              48.3105303
            ],
            [
              14.3141497,
              48.3104486
            ],
            [
              14.3142587,
              48.3102038
            ],
            [
              14.314328,
              48.3100486
            ],
            [
              14.3143501,
              48.310019
            ],
            [
              14.3144764,
              48.3099338
            ],
            [
              14.3145592,
              48.3097289
            ],
            [
              14.3145738,
              48.3096964
            ],
            [
              14.3145944,
              48.3096552
            ],
            [
              14.3146231,
              48.3096053
            ],
            [
              14.3147792,
              48.3093141
            ],
            [
              14.3148227,
              48.3092328
            ],
            [
              14.3149187,
              48.3090535
            ],
            [
              14.3150289,
              48.3088506
            ],
            [
              14.3151605,
              48.3086071
            ],
            [
              14.3151986,
              48.3085376
            ],
            [
              14.3152244,
              48.3084954
            ],
            [
              14.3153936,
              48.3081862
            ],
            [
              14.315466,
              48.308054
            ],
            [
              14.3154704,
              48.3080455
            ],
            [
              14.3155783,
              48.3078324
            ],
            [
              14.3156865,
              48.3076444
            ],
            [
              14.3156984,
              48.3076231
            ],
            [
              14.3157281,
              48.3075703
            ],
            [
              14.3157628,
              48.3075096
            ],
            [
              14.315831,
              48.3073902
            ],
            [
              14.315923,
              48.3072291
            ],
            [
              14.31601,
              48.3070769
            ],
            [
              14.3160388,
              48.3070264
            ],
            [
              14.3162328,
              48.3066869
            ],
            [
              14.3163387,
              48.3065015
            ],
            [
              14.316437,
              48.3063196
            ],
            [
              14.3167402,
              48.3057588
            ],
            [
              14.3167576,
              48.3057266
            ],
            [
              14.3168217,
              48.305608
            ],
            [
              14.316905,
              48.3054677
            ],
            [
              14.3170247,
              48.3052662
            ],
            [
              14.3171128,
              48.3051178
            ],
            [
              14.3171889,
              48.3049897
            ],
            [
              14.3172511,
              48.3048836
            ],
            [
              14.3173128,
              48.304778
            ],
            [
              14.3173829,
              48.3046583
            ],
            [
              14.317623,
              48.3042995
            ],
            [
              14.3177782,
              48.3040616
            ],
            [
              14.3178906,
              48.3039011
            ],
            [
              14.3180384,
              48.3036997
            ],
            [
              14.3183249,
              48.3033186
            ],
            [
              14.3184512,
              48.3031717
            ],
            [
              14.3185244,
              48.3030799
            ],
            [
              14.3189126,
              48.3026119
            ],
            [
              14.3190851,
              48.302405
            ],
            [
              14.3192856,
              48.3021817
            ],
            [
              14.3191036,
              48.3021357
            ],
            [
              14.319018,
              48.3021141
            ],
            [
              14.3188919,
              48.3020829
            ],
            [
              14.3184455,
              48.3019743
            ],
            [
              14.3181293,
              48.3018972
            ],
            [
              14.3170472,
              48.301629
            ],
            [
              14.3156847,
              48.3012831
            ],
            [
              14.3154736,
              48.301236
            ],
            [
              14.3152703,
              48.3011886
            ],
            [
              14.3148541,
              48.301106
            ],
            [
              14.3147214,
              48.3010878
            ],
            [
              14.3145932,
              48.3010703
            ],
            [
              14.3145245,
              48.3010609
            ],
            [
              14.3142089,
              48.3010178
            ],
            [
              14.3134456,
              48.3009242
            ],
            [
              14.3132186,
              48.3008963
            ],
            [
              14.3131104,
              48.3008842
            ],
            [
              14.312698,
              48.3008348
            ],
            [
              14.3124504,
              48.3008052
            ],
            [
              14.3123997,
              48.3007992
            ],
            [
              14.3121671,
              48.3007726
            ],
            [
              14.311499,
              48.300696
            ],
            [
              14.3114256,
              48.3006876
            ],
            [
              14.3113232,
              48.3006759
            ],
            [
              14.3110392,
              48.3006427
            ],
            [
              14.3109854,
              48.3006364
            ],
            [
              14.3105597,
              48.3005866
            ],
            [
              14.3104752,
              48.3005767
            ],
            [
              14.3101645,
              48.3005404
            ],
            [
              14.3100669,
              48.3005291
            ],
            [
              14.3090426,
              48.3004092
            ],
            [
              14.3087832,
              48.3003789
            ],
            [
              14.3086477,
              48.3003642
            ],
            [
              14.308605,
              48.3003595
            ],
            [
              14.3082818,
              48.3003244
            ],
            [
              14.3080166,
              48.3002955
            ],
            [
              14.3079655,
              48.30029
            ],
            [
              14.3076171,
              48.3002521
            ],
            [
              14.3074834,
              48.3002375
            ],
            [
              14.3072412,
              48.3002112
            ],
            [
              14.3061038,
              48.3000836
            ],
            [
              14.3060233,
              48.3000734
            ],
            [
              14.3059267,
              48.3000612
            ],
            [
              14.3057388,
              48.3000189
            ],
            [
              14.3055842,
              48.2999654
            ],
            [
              14.3055407,
              48.2999491
            ],
            [
              14.3054709,
              48.299923
            ],
            [
              14.3051068,
              48.2997867
            ],
            [
              14.3050859,
              48.2997789
            ],
            [
              14.3045838,
              48.2995909
            ],
            [
              14.3044214,
              48.2995281
            ],
            [
              14.3041186,
              48.299411
            ],
            [
              14.3039758,
              48.2993475
            ],
            [
              14.3038129,
              48.299275
            ],
            [
              14.3033407,
              48.2990655
            ],
            [
              14.3032929,
              48.2990443
            ],
            [
              14.3031606,
              48.2989902
            ],
            [
              14.3033012,
              48.2988735
            ],
            [
              14.3033333,
              48.2988506
            ],
            [
              14.3035401,
              48.2987031
            ],
            [
              14.3037396,
              48.2985629
            ],
            [
              14.3039376,
              48.2984438
            ],
            [
              14.3040592,
              48.2983745
            ],
            [
              14.3041077,
              48.2983476
            ],
            [
              14.3045268,
              48.2981152
            ],
            [
              14.3046183,
              48.2980644
            ],
            [
              14.3049585,
              48.297876
            ],
            [
              14.3056956,
              48.2974679
            ],
            [
              14.3057506,
              48.2974375
            ],
            [
              14.3062135,
              48.2971811
            ],
            [
              14.3065683,
              48.2969904
            ],
            [
              14.3065975,
              48.2969748
            ],
            [
              14.3068998,
              48.2968123
            ],
            [
              14.3069608,
              48.2967795
            ],
            [
              14.3070134,
              48.2966559
            ],
            [
              14.3070345,
              48.2966107
            ],
            [
              14.3070766,
              48.2964943
            ],
            [
              14.3070829,
              48.2964709
            ],
            [
              14.3070856,
              48.2964494
            ],
            [
              14.3070849,
              48.2964243
            ],
            [
              14.3069796,
              48.296309
            ],
            [
              14.3068727,
              48.2962006
            ],
            [
              14.3068257,
              48.2961511
            ],
            [
              14.3066173,
              48.2959314
            ],
            [
              14.3062107,
              48.2955186
            ],
            [
              14.3060714,
              48.2953763
            ],
            [
              14.3060137,
              48.2953103
            ],
            [
              14.3059066,
              48.2951802
            ],
            [
              14.3058541,
              48.2951154
            ],
            [
              14.3058233,
              48.2950699
            ],
            [
              14.3057918,
              48.2950119
            ],
            [
              14.3057629,
              48.2949427
            ],
            [
              14.3057448,
              48.2948704
            ],
            [
              14.3057308,
              48.2947839
            ],
            [
              14.3057205,
              48.294677
            ],
            [
              14.3057126,
              48.2945843
            ],
            [
              14.3057001,
              48.2943929
            ],
            [
              14.3056942,
              48.2942439
            ],
            [
              14.3056915,
              48.2941157
            ],
            [
              14.3056836,
              48.2937934
            ],
            [
              14.3056773,
              48.293634
            ],
            [
              14.3056726,
              48.2934988
            ],
            [
              14.3056723,
              48.2933719
            ],
            [
              14.30564,
              48.2932851
            ],
            [
              14.3056201,
              48.2932073
            ],
            [
              14.305606,
              48.2930882
            ],
            [
              14.305596,
              48.2927995
            ],
            [
              14.3055832,
              48.2926216
            ],
            [
              14.3055806,
              48.2925881
            ],
            [
              14.3055517,
              48.2924832
            ],
            [
              14.3053774,
              48.2924877
            ],
            [
              14.3052258,
              48.2924895
            ],
            [
              14.3050508,
              48.2924895
            ],
            [
              14.3049784,
              48.2924854
            ],
            [
              14.3049107,
              48.2924805
            ],
            [
              14.3047692,
              48.292421
            ],
            [
              14.3046589,
              48.2924087
            ],
            [
              14.3037608,
              48.2923231
            ],
            [
              14.3034819,
              48.2922938
            ],
            [
              14.3028553,
              48.2922121
            ],
            [
              14.3027756,
              48.292203
            ],
            [
              14.3025378,
              48.2921767
            ],
            [
              14.3024963,
              48.2921723
            ],
            [
              14.302219,
              48.2921427
            ],
            [
              14.3021577,
              48.292137
            ],
            [
              14.3020357,
              48.2921368
            ],
            [
              14.3020388,
              48.2922715
            ],
            [
              14.3020427,
              48.2925373
            ],
            [
              14.3020414,
              48.2927425
            ],
            [
              14.3020428,
              48.2931613
            ],
            [
              14.3020481,
              48.2933157
            ],
            [
              14.3020373,
              48.293404
            ],
            [
              14.3020267,
              48.2934626
            ],
            [
              14.3020076,
              48.2935006
            ],
            [
              14.301951,
              48.2935796
            ],
            [
              14.3018999,
              48.2936293
            ],
            [
              14.3018261,
              48.2936739
            ],
            [
              14.3017299,
              48.2937128
            ],
            [
              14.3015291,
              48.2937736
            ],
            [
              14.3009598,
              48.2939296
            ],
            [
              14.3009185,
              48.2939404
            ],
            [
              14.3008795,
              48.2939499
            ],
            [
              14.3007372,
              48.2939858
            ],
            [
              14.3005206,
              48.2940331
            ],
            [
              14.3002529,
              48.2940897
            ],
            [
              14.3000331,
              48.2941304
            ],
            [
              14.2999417,
              48.2941467
            ],
            [
              14.2999092,
              48.2941567
            ],
            [
              14.2998715,
              48.294181
            ],
            [
              14.2998467,
              48.2942022
            ],
            [
              14.2998326,
              48.2942258
            ],
            [
              14.2998198,
              48.2942564
            ],
            [
              14.2998151,
              48.2942869
            ],
            [
              14.2998111,
              48.2943536
            ],
            [
              14.2998001,
              48.2943971
            ],
            [
              14.2996995,
              48.2946806
            ],
            [
              14.2993136,
              48.2957305
            ],
            [
              14.2992167,
              48.295948
            ],
            [
              14.2990753,
              48.2963446
            ],
            [
              14.2990553,
              48.2964354
            ],
            [
              14.2990443,
              48.2965655
            ],
            [
              14.2988844,
              48.2965114
            ],
            [
              14.2982824,
              48.2962971
            ],
            [
              14.2978142,
              48.2961301
            ],
            [
              14.2973977,
              48.2959783
            ],
            [
              14.2971575,
              48.2958907
            ],
            [
              14.2969078,
              48.2957996
            ],
            [
              14.2967227,
              48.2957363
            ],
            [
              14.2966435,
              48.2957092
            ],
            [
              14.2965275,
              48.2956739
            ],
            [
              14.2964246,
              48.2956426
            ],
            [
              14.2962575,
              48.2955927
            ],
            [
              14.2961437,
              48.2955514
            ],
            [
              14.2960406,
              48.2954906
            ],
            [
              14.2958731,
              48.2953547
            ],
            [
              14.2958469,
              48.2953329
            ],
            [
              14.2957219,
              48.2952391
            ],
            [
              14.2955806,
              48.2951428
            ],
            [
              14.2954355,
              48.2950465
            ],
            [
              14.2953786,
              48.2950021
            ],
            [
              14.2951019,
              48.2947955
            ],
            [
              14.2948721,
              48.2945999
            ],
            [
              14.2947548,
              48.2944863
            ],
            [
              14.2946608,
              48.2944029
            ],
            [
              14.2945718,
              48.2943393
            ],
            [
              14.2944835,
              48.2942999
            ],
            [
              14.2943864,
              48.2942698
            ],
            [
              14.2942834,
              48.2942535
            ],
            [
              14.2942316,
              48.2942525
            ],
            [
              14.294056,
              48.2942492
            ],
            [
              14.293855,
              48.2942503
            ],
            [
              14.2934682,
              48.2942449
            ],
            [
              14.2932839,
              48.2942418
            ],
            [
              14.2931566,
              48.2942396
            ],
            [
              14.2930392,
              48.2942271
            ],
            [
              14.2929266,
              48.2942008
            ],
            [
              14.2927807,
              48.2941425
            ],
            [
              14.2926721,
              48.2940767
            ],
            [
              14.2925551,
              48.2939853
            ],
            [
              14.2924717,
              48.2938934
            ],
            [
              14.2922162,
              48.2935912
            ],
            [
              14.2921831,
              48.2935522
            ],
            [
              14.2921216,
              48.2933496
            ],
            [
              14.2923422,
              48.2934915
            ],
            [
              14.2924002,
              48.2935727
            ],
            [
              14.2924901,
              48.2937115
            ],
            [
              14.292616,
              48.2938671
            ],
            [
              14.2927045,
              48.2939549
            ],
            [
              14.2927875,
              48.2940237
            ],
            [
              14.2928843,
              48.2940837
            ],
            [
              14.2929974,
              48.2941268
            ],
            [
              14.2931404,
              48.2941547
            ],
            [
              14.2933082,
              48.294159
            ],
            [
              14.2937414,
              48.2941435
            ],
            [
              14.2938058,
              48.2941412
            ],
            [
              14.2938607,
              48.2941411
            ],
            [
              14.2940624,
              48.2941409
            ],
            [
              14.2940702,
              48.2940376
            ],
            [
              14.2940785,
              48.2939581
            ],
            [
              14.2941008,
              48.2938889
            ],
            [
              14.2941206,
              48.2938428
            ],
            [
              14.2941732,
              48.2937821
            ],
            [
              14.2946403,
              48.2932882
            ],
            [
              14.2947537,
              48.2931673
            ],
            [
              14.2955854,
              48.2922803
            ],
            [
              14.2956797,
              48.2921812
            ],
            [
              14.2957673,
              48.2920891
            ],
            [
              14.2959102,
              48.2919389
            ],
            [
              14.2962536,
              48.2915781
            ],
            [
              14.2962848,
              48.2915452
            ],
            [
              14.2966266,
              48.2911849
            ],
            [
              14.2969274,
              48.2908645
            ],
            [
              14.2970833,
              48.2906985
            ],
            [
              14.2972775,
              48.2904917
            ],
            [
              14.2974303,
              48.2903185
            ],
            [
              14.2973423,
              48.2902621
            ],
            [
              14.2972778,
              48.2901998
            ],
            [
              14.2970137,
              48.2898781
            ],
            [
              14.2969453,
              48.2897948
            ],
            [
              14.2965133,
              48.2892459
            ],
            [
              14.2957615,
              48.2882908
            ],
            [
              14.2953994,
              48.2878107
            ],
            [
              14.2953155,
              48.2876995
            ],
            [
              14.2952977,
              48.2876763
            ],
            [
              14.2952397,
              48.2876009
            ],
            [
              14.2951483,
              48.287482
            ],
            [
              14.2951203,
              48.2874456
            ],
            [
              14.2950277,
              48.2873265
            ],
            [
              14.2949386,
              48.2872119
            ],
            [
              14.2949271,
              48.2871971
            ],
            [
              14.2947141,
              48.2869229
            ],
            [
              14.294175,
              48.2862292
            ],
            [
              14.2936917,
              48.2856096
            ],
            [
              14.293562,
              48.2854539
            ],
            [
              14.2934519,
              48.2853287
            ],
            [
              14.2933257,
              48.2852067
            ],
            [
              14.2931299,
              48.2850272
            ],
            [
              14.2930126,
              48.284932
            ],
            [
              14.2928126,
              48.2847696
            ],
            [
              14.2926865,
              48.2846693
            ],
            [
              14.2926568,
              48.2846449
            ],
            [
              14.2925044,
              48.2845193
            ],
            [
              14.292327,
              48.2843613
            ],
            [
              14.2922625,
              48.2843061
            ],
            [
              14.2921545,
              48.2842155
            ],
            [
              14.2918794,
              48.2839844
            ],
            [
              14.291861,
              48.2839722
            ],
            [
              14.2918226,
              48.2839429
            ],
            [
              14.2917796,
              48.2839153
            ],
            [
              14.2918743,
              48.2838135
            ],
            [
              14.2919026,
              48.2837746
            ],
            [
              14.2919233,
              48.2837461
            ],
            [
              14.2920266,
              48.2835829
            ],
            [
              14.2920616,
              48.2835276
            ],
            [
              14.2921424,
              48.2834003
            ],
            [
              14.2921534,
              48.2833833
            ],
            [
              14.2921804,
              48.2833415
            ],
            [
              14.2922782,
              48.2831903
            ],
            [
              14.2924189,
              48.282973
            ],
            [
              14.2924794,
              48.2828699
            ],
            [
              14.2925281,
              48.2827739
            ],
            [
              14.2925858,
              48.2826284
            ],
            [
              14.2926208,
              48.282543
            ],
            [
              14.2926612,
              48.2824728
            ],
            [
              14.2927073,
              48.2824068
            ],
            [
              14.2927786,
              48.2823297
            ],
            [
              14.2928757,
              48.2822408
            ],
            [
              14.2931303,
              48.282025
            ],
            [
              14.2934927,
              48.281714
            ],
            [
              14.2935644,
              48.2816449
            ],
            [
              14.293625,
              48.2815781
            ],
            [
              14.2936625,
              48.2815295
            ],
            [
              14.2937024,
              48.2814696
            ],
            [
              14.2937391,
              48.2813836
            ],
            [
              14.2937604,
              48.281331
            ],
            [
              14.2937756,
              48.2812857
            ],
            [
              14.2938251,
              48.2811386
            ],
            [
              14.2938446,
              48.2810775
            ],
            [
              14.2938595,
              48.2810307
            ],
            [
              14.29394,
              48.2807785
            ],
            [
              14.2939434,
              48.2807678
            ],
            [
              14.2940381,
              48.2804757
            ],
            [
              14.2941377,
              48.2801753
            ],
            [
              14.2942089,
              48.2799438
            ],
            [
              14.2942432,
              48.2798067
            ],
            [
              14.2942692,
              48.2796799
            ],
            [
              14.2942931,
              48.2795172
            ],
            [
              14.2943081,
              48.2793399
            ],
            [
              14.2943016,
              48.279137
            ],
            [
              14.2942571,
              48.2788506
            ],
            [
              14.2941538,
              48.2784109
            ],
            [
              14.2940781,
              48.2780836
            ],
            [
              14.2940554,
              48.277977
            ],
            [
              14.2940352,
              48.277843
            ],
            [
              14.2940264,
              48.2777327
            ],
            [
              14.2940275,
              48.2776368
            ],
            [
              14.2940385,
              48.2775339
            ],
            [
              14.2940768,
              48.2773597
            ],
            [
              14.2941032,
              48.277264
            ],
            [
              14.2943183,
              48.2766058
            ],
            [
              14.2943599,
              48.2764728
            ],
            [
              14.2943989,
              48.2762935
            ],
            [
              14.2944459,
              48.2760637
            ],
            [
              14.2944714,
              48.2758573
            ],
            [
              14.2944835,
              48.2757088
            ],
            [
              14.2944861,
              48.2755676
            ],
            [
              14.2944899,
              48.2754298
            ],
            [
              14.2944825,
              48.2753515
            ],
            [
              14.2944708,
              48.2752748
            ],
            [
              14.2944578,
              48.2752203
            ],
            [
              14.2944305,
              48.2751493
            ],
            [
              14.2944192,
              48.2751322
            ],
            [
              14.2943902,
              48.2750883
            ],
            [
              14.2943819,
              48.2750757
            ],
            [
              14.2943543,
              48.2750481
            ],
            [
              14.2943034,
              48.2750083
            ],
            [
              14.294237,
              48.2749637
            ],
            [
              14.2941395,
              48.2749148
            ],
            [
              14.2940436,
              48.274883
            ],
            [
              14.2939412,
              48.2748588
            ],
            [
              14.2938298,
              48.2748456
            ],
            [
              14.2937299,
              48.2748414
            ],
            [
              14.2936471,
              48.2748412
            ],
            [
              14.2933362,
              48.2748364
            ],
            [
              14.2932557,
              48.2748352
            ],
            [
              14.2930607,
              48.2748259
            ],
            [
              14.2928169,
              48.2748062
            ],
            [
              14.2926239,
              48.274785
            ],
            [
              14.2925588,
              48.2747778
            ],
            [
              14.2925306,
              48.2747659
            ],
            [
              14.2925078,
              48.2747577
            ],
            [
              14.2924758,
              48.2747259
            ],
            [
              14.2924444,
              48.2746858
            ],
            [
              14.2924665,
              48.273797
            ],
            [
              14.2924812,
              48.2731943
            ],
            [
              14.2924828,
              48.2731134
            ],
            [
              14.292488,
              48.272862
            ],
            [
              14.2924913,
              48.2727025
            ],
            [
              14.2924923,
              48.2726555
            ],
            [
              14.2924938,
              48.2725802
            ],
            [
              14.292498,
              48.2724657
            ],
            [
              14.2925009,
              48.2724241
            ],
            [
              14.2925053,
              48.2723618
            ],
            [
              14.2925137,
              48.2722407
            ],
            [
              14.2925228,
              48.2721107
            ],
            [
              14.292532,
              48.2719789
            ],
            [
              14.2925345,
              48.2719439
            ],
            [
              14.2925437,
              48.2718119
            ],
            [
              14.2925514,
              48.271729
            ],
            [
              14.292561,
              48.2716275
            ],
            [
              14.2925646,
              48.2715888
            ],
            [
              14.2925843,
              48.2713795
            ],
            [
              14.292589,
              48.2712897
            ],
            [
              14.2925937,
              48.2710951
            ],
            [
              14.2926023,
              48.2708915
            ],
            [
              14.2926109,
              48.2706894
            ],
            [
              14.2926167,
              48.2705517
            ],
            [
              14.2926207,
              48.2704587
            ],
            [
              14.2926229,
              48.270407
            ],
            [
              14.2926241,
              48.270378
            ],
            [
              14.2926376,
              48.2698874
            ],
            [
              14.2926443,
              48.2696474
            ],
            [
              14.2926466,
              48.2695622
            ],
            [
              14.2925021,
              48.2695606
            ],
            [
              14.2922271,
              48.2695574
            ],
            [
              14.2920315,
              48.2695551
            ],
            [
              14.2919075,
              48.2695537
            ],
            [
              14.2917545,
              48.2695519
            ],
            [
              14.2911717,
              48.2695449
            ],
            [
              14.2902174,
              48.2695297
            ],
            [
              14.2898346,
              48.2695235
            ],
            [
              14.2892563,
              48.2695143
            ],
            [
              14.2889303,
              48.2695091
            ],
            [
              14.2887381,
              48.269506
            ],
            [
              14.2886424,
              48.2695008
            ],
            [
              14.2885391,
              48.269486
            ],
            [
              14.2884675,
              48.2694655
            ],
            [
              14.2883591,
              48.2694217
            ],
            [
              14.2882096,
              48.2693297
            ],
            [
              14.28815,
              48.2692989
            ],
            [
              14.2878788,
              48.2691485
            ],
            [
              14.287128,
              48.2687333
            ],
            [
              14.2869062,
              48.2686077
            ],
            [
              14.2863418,
              48.2682889
            ],
            [
              14.2858923,
              48.268035
            ],
            [
              14.2856716,
              48.2679104
            ],
            [
              14.2853726,
              48.2677415
            ],
            [
              14.2852992,
              48.2677001
            ],
            [
              14.2851911,
              48.267639
            ],
            [
              14.2854019,
              48.2674717
            ],
            [
              14.2858609,
              48.2670969
            ],
            [
              14.2859109,
              48.2670553
            ],
            [
              14.285949,
              48.2670237
            ],
            [
              14.2860539,
              48.2669365
            ],
            [
              14.2861534,
              48.2668539
            ],
            [
              14.2861946,
              48.2668196
            ],
            [
              14.2868152,
              48.2663222
            ],
            [
              14.2868656,
              48.2662818
            ],
            [
              14.2871785,
              48.266031
            ],
            [
              14.2872893,
              48.2659379
            ],
            [
              14.2876396,
              48.2656437
            ],
            [
              14.2877378,
              48.2655612
            ],
            [
              14.2878846,
              48.2654356
            ],
            [
              14.2882104,
              48.2651476
            ],
            [
              14.2883012,
              48.2650615
            ],
            [
              14.2883445,
              48.2650228
            ],
            [
              14.2883951,
              48.2649774
            ],
            [
              14.2885578,
              48.264823
            ],
            [
              14.2886433,
              48.2647368
            ],
            [
              14.2887451,
              48.2646301
            ],
            [
              14.2888723,
              48.2644938
            ],
            [
              14.2890034,
              48.2643427
            ],
            [
              14.2891087,
              48.2642146
            ],
            [
              14.2892389,
              48.264033
            ],
            [
              14.2893427,
              48.2638774
            ],
            [
              14.2894508,
              48.2636979
            ],
            [
              14.2895429,
              48.2635449
            ],
            [
              14.2896154,
              48.2633991
            ],
            [
              14.2897018,
              48.2632029
            ],
            [
              14.2897883,
              48.2629906
            ],
            [
              14.2898728,
              48.2627592
            ],
            [
              14.2899681,
              48.2624835
            ],
            [
              14.2900494,
              48.2621563
            ],
            [
              14.2900849,
              48.2619835
            ],
            [
              14.2901076,
              48.2618729
            ],
            [
              14.2901954,
              48.2614458
            ],
            [
              14.2903192,
              48.2607456
            ],
            [
              14.2904256,
              48.2601387
            ],
            [
              14.290522,
              48.2595896
            ],
            [
              14.2905577,
              48.2593852
            ],
            [
              14.2905892,
              48.2592052
            ],
            [
              14.290608,
              48.2590928
            ],
            [
              14.2906212,
              48.258922
            ],
            [
              14.2906165,
              48.2588253
            ],
            [
              14.2906016,
              48.2587136
            ],
            [
              14.2905711,
              48.2585797
            ],
            [
              14.2905257,
              48.2584595
            ],
            [
              14.2904602,
              48.2583401
            ],
            [
              14.2903625,
              48.2582039
            ],
            [
              14.2902523,
              48.2580907
            ],
            [
              14.2901422,
              48.2579945
            ],
            [
              14.2899185,
              48.2578292
            ],
            [
              14.2896242,
              48.2576495
            ],
            [
              14.2893715,
              48.2575104
            ],
            [
              14.2889054,
              48.2572513
            ],
            [
              14.2885766,
              48.2570685
            ],
            [
              14.2885256,
              48.2570402
            ],
            [
              14.2882449,
              48.2568857
            ],
            [
              14.2881808,
              48.2568485
            ],
            [
              14.2881391,
              48.2568253
            ],
            [
              14.2880904,
              48.2567982
            ],
            [
              14.2877871,
              48.2566296
            ],
            [
              14.2876693,
              48.2565637
            ],
            [
              14.2875817,
              48.2565144
            ],
            [
              14.2875085,
              48.2564664
            ],
            [
              14.2874126,
              48.2564008
            ],
            [
              14.2873204,
              48.2563156
            ],
            [
              14.2872793,
              48.2562582
            ],
            [
              14.287236,
              48.2561777
            ],
            [
              14.2872225,
              48.2561182
            ],
            [
              14.2872259,
              48.2560784
            ],
            [
              14.287228,
              48.2560546
            ],
            [
              14.2872465,
              48.2559702
            ],
            [
              14.2872611,
              48.2559188
            ],
            [
              14.2872842,
              48.2558572
            ],
            [
              14.2873409,
              48.2557056
            ],
            [
              14.287382,
              48.2555959
            ],
            [
              14.2873945,
              48.2555625
            ],
            [
              14.2874144,
              48.2555168
            ],
            [
              14.2874284,
              48.255485
            ],
            [
              14.2874381,
              48.2554628
            ],
            [
              14.2874696,
              48.2554042
            ],
            [
              14.2875286,
              48.2553057
            ],
            [
              14.2875848,
              48.255228
            ],
            [
              14.2876208,
              48.2551709
            ],
            [
              14.2876548,
              48.2551211
            ],
            [
              14.2878078,
              48.2549205
            ],
            [
              14.2880057,
              48.2546829
            ],
            [
              14.2882885,
              48.2543595
            ],
            [
              14.288391,
              48.2542298
            ],
            [
              14.2884813,
              48.2540933
            ],
            [
              14.2885176,
              48.2540223
            ],
            [
              14.2885435,
              48.2539449
            ],
            [
              14.288553,
              48.2538927
            ],
            [
              14.2885571,
              48.2538123
            ],
            [
              14.2885475,
              48.2537332
            ],
            [
              14.2885298,
              48.2536571
            ],
            [
              14.2884521,
              48.2534424
            ],
            [
              14.2884494,
              48.253436
            ],
            [
              14.2884362,
              48.2534049
            ],
            [
              14.2883933,
              48.2532992
            ],
            [
              14.288345,
              48.2531858
            ],
            [
              14.28833,
              48.2531448
            ],
            [
              14.2882182,
              48.252838
            ],
            [
              14.288214,
              48.2528263
            ],
            [
              14.2882042,
              48.2527993
            ],
            [
              14.2881159,
              48.2525559
            ],
            [
              14.2880969,
              48.2524972
            ],
            [
              14.2880767,
              48.2524352
            ],
            [
              14.2880451,
              48.2523206
            ],
            [
              14.2879985,
              48.2521573
            ],
            [
              14.2879728,
              48.2520384
            ],
            [
              14.2879585,
              48.2519656
            ],
            [
              14.2879473,
              48.2519081
            ],
            [
              14.2879149,
              48.2515764
            ],
            [
              14.287892,
              48.2511858
            ],
            [
              14.287888,
              48.2511227
            ],
            [
              14.287884,
              48.2510548
            ],
            [
              14.2879322,
              48.2506508
            ],
            [
              14.2879692,
              48.2503689
            ],
            [
              14.2879949,
              48.2501617
            ],
            [
              14.2879932,
              48.2501212
            ],
            [
              14.2879911,
              48.2500697
            ],
            [
              14.2878865,
              48.2500585
            ],
            [
              14.2878233,
              48.2500517
            ],
            [
              14.287081,
              48.2499432
            ],
            [
              14.2869994,
              48.2499313
            ],
            [
              14.2869185,
              48.249917
            ],
            [
              14.2859992,
              48.2497547
            ],
            [
              14.2859352,
              48.2497434
            ],
            [
              14.2858468,
              48.2497278
            ],
            [
              14.2851295,
              48.2496015
            ],
            [
              14.2848941,
              48.24956
            ],
            [
              14.2848092,
              48.249545
            ],
            [
              14.284722,
              48.2495296
            ],
            [
              14.2846878,
              48.2496001
            ],
            [
              14.2842708,
              48.25046
            ],
            [
              14.2842368,
              48.2505317
            ],
            [
              14.2842051,
              48.2505986
            ],
            [
              14.2838603,
              48.2512973
            ],
            [
              14.2838463,
              48.2513237
            ],
            [
              14.2832071,
              48.252525
            ],
            [
              14.2831859,
              48.2525824
            ],
            [
              14.28318,
              48.2525986
            ],
            [
              14.2831531,
              48.2527002
            ],
            [
              14.2830769,
              48.2528782
            ],
            [
              14.2830562,
              48.2529367
            ],
            [
              14.2830177,
              48.2530456
            ],
            [
              14.2829683,
              48.2531853
            ],
            [
              14.2828764,
              48.25335
            ],
            [
              14.2827588,
              48.2535609
            ],
            [
              14.2827317,
              48.2536084
            ],
            [
              14.28268,
              48.2536943
            ],
            [
              14.2826239,
              48.2537874
            ],
            [
              14.2828992,
              48.2538638
            ],
            [
              14.2832128,
              48.253943
            ]
          ],
          [
            [
              14.2927012,
              48.2931985
            ],
            [
              14.2925733,
              48.293247
            ],
            [
              14.292431,
              48.2932944
            ],
            [
              14.2923702,
              48.2933155
            ],
            [
              14.2921216,
              48.2933496
            ],
            [
              14.2922475,
              48.2932258
            ],
            [
              14.2922834,
              48.2932121
            ],
            [
              14.2925016,
              48.293139
            ],
            [
              14.292688,
              48.2930574
            ],
            [
              14.2928549,
              48.2929529
            ],
            [
              14.2928224,
              48.2929164
            ],
            [
              14.2927675,
              48.2928519
            ],
            [
              14.2927036,
              48.2927813
            ],
            [
              14.2926559,
              48.2927247
            ],
            [
              14.2926262,
              48.2926905
            ],
            [
              14.292576,
              48.2926326
            ],
            [
              14.2925059,
              48.2925525
            ],
            [
              14.2924544,
              48.2924955
            ],
            [
              14.2923833,
              48.2924118
            ],
            [
              14.2923325,
              48.2923536
            ],
            [
              14.2922175,
              48.2922215
            ],
            [
              14.2921375,
              48.2921297
            ],
            [
              14.2920572,
              48.2920427
            ],
            [
              14.2919523,
              48.2919179
            ],
            [
              14.2918862,
              48.2918413
            ],
            [
              14.2918406,
              48.2917904
            ],
            [
              14.2917859,
              48.2917263
            ],
            [
              14.2917814,
              48.2917189
            ],
            [
              14.2917711,
              48.2916767
            ],
            [
              14.2917522,
              48.2916704
            ],
            [
              14.2917344,
              48.2916604
            ],
            [
              14.2917206,
              48.291648
            ],
            [
              14.2917116,
              48.2916337
            ],
            [
              14.2917079,
              48.2916185
            ],
            [
              14.291712,
              48.2915968
            ],
            [
              14.2917267,
              48.2915772
            ],
            [
              14.2917505,
              48.2915619
            ],
            [
              14.2917808,
              48.2915527
            ],
            [
              14.2918138,
              48.2915507
            ],
            [
              14.2918314,
              48.2915528
            ],
            [
              14.2918482,
              48.2915569
            ],
            [
              14.2918746,
              48.2915692
            ],
            [
              14.291886,
              48.2915782
            ],
            [
              14.2918947,
              48.2915883
            ],
            [
              14.2919033,
              48.2916087
            ],
            [
              14.2919016,
              48.2916297
            ],
            [
              14.2919278,
              48.2916656
            ],
            [
              14.2920419,
              48.2917965
            ],
            [
              14.2921452,
              48.291915
            ],
            [
              14.2922359,
              48.2920192
            ],
            [
              14.2925475,
              48.2923767
            ],
            [
              14.2926623,
              48.2925085
            ],
            [
              14.2927871,
              48.2926516
            ],
            [
              14.2928977,
              48.2927785
            ],
            [
              14.2929139,
              48.2927971
            ],
            [
              14.2929682,
              48.2928606
            ],
            [
              14.2929943,
              48.2928894
            ],
            [
              14.2931224,
              48.2930252
            ],
            [
              14.2929631,
              48.2930902
            ],
            [
              14.2927012,
              48.2931985
            ]
          ],
          [
            [
              14.283312,
              48.2538687
            ],
            [
              14.2833001,
              48.2538903
            ],
            [
              14.2829357,
              48.2538009
            ],
            [
              14.2829509,
              48.2537735
            ]
          ],
          [
            [
              14.2853529,
              48.2673528
            ],
            [
              14.2856862,
              48.2670836
            ],
            [
              14.285716,
              48.267046
            ]
          ],
          [
            [
              14.2923866,
              48.2718777
            ],
            [
              14.2924094,
              48.2718777
            ],
            [
              14.292408,
              48.2720596
            ],
            [
              14.2923848,
              48.2720591
            ]
          ],
          [
            [
              14.2922254,
              48.283107
            ],
            [
              14.2922694,
              48.2830952
            ],
            [
              14.2923533,
              48.2829678
            ],
            [
              14.2923498,
              48.2829393
            ]
          ],
          [
            [
              14.2948192,
              48.2872453
            ],
            [
              14.2948612,
              48.2872312
            ],
            [
              14.2950018,
              48.2874178
            ],
            [
              14.2949646,
              48.2874302
            ]
          ],
          [
            [
              14.2938103,
              48.2940478
            ],
            [
              14.2938104,
              48.2940632
            ],
            [
              14.2936045,
              48.2940643
            ],
            [
              14.2934489,
              48.294079
            ],
            [
              14.2934466,
              48.2940671
            ]
          ],
          [
            [
              14.29385,
              48.2943113
            ],
            [
              14.293405,
              48.2942954
            ],
            [
              14.2931606,
              48.2942927
            ],
            [
              14.2930855,
              48.2942847
            ],
            [
              14.2930803,
              48.2943029
            ]
          ],
          [
            [
              14.3101332,
              48.3006146
            ],
            [
              14.3103764,
              48.3006439
            ]
          ]
        ]
      },
      "id": "relation/12659170"
    },
    {
      "type": "Feature",
      "properties": {
        "@id": "relation/12659249",
        "colour": "#0595DA",
        "colour:text": "#FFFFFF",
        "from": "Neue Heimat",
        "name": "Bus N83: Neue Heimat => Hafenportal",
        "network": "Oberösterreichischer Verkehrsverbund",
        "network:short": "OÖVV",
        "network:wikidata": "Q2011605",
        "network:wikipedia": "de:Oberösterreichischer Verkehrsverbund",
        "operator": "Linz Linien GmbH",
        "public_transport:version": "2",
        "ref": "N83",
        "route": "bus",
        "to": "Hafenportal",
        "type": "route"
      },
      "geometry": {
        "type": "MultiLineString",
        "coordinates": [
          [
            [
              14.2832128,
              48.253943
            ],
            [
              14.2845334,
              48.254303
            ],
            [
              14.2851621,
              48.2544752
            ],
            [
              14.2857051,
              48.2546343
            ],
            [
              14.286025,
              48.2547367
            ],
            [
              14.2863341,
              48.2548388
            ],
            [
              14.2867103,
              48.2549737
            ],
            [
              14.2871475,
              48.2551471
            ],
            [
              14.2872795,
              48.2552021
            ],
            [
              14.2873022,
              48.2552116
            ],
            [
              14.2875286,
              48.2553057
            ],
            [
              14.2874696,
              48.2554042
            ],
            [
              14.2874381,
              48.2554628
            ],
            [
              14.2874284,
              48.255485
            ],
            [
              14.2874144,
              48.2555168
            ],
            [
              14.2873945,
              48.2555625
            ],
            [
              14.287382,
              48.2555959
            ],
            [
              14.2873409,
              48.2557056
            ],
            [
              14.2872842,
              48.2558572
            ],
            [
              14.2872611,
              48.2559188
            ],
            [
              14.2872465,
              48.2559702
            ],
            [
              14.287228,
              48.2560546
            ],
            [
              14.2872259,
              48.2560784
            ],
            [
              14.2872225,
              48.2561182
            ],
            [
              14.287236,
              48.2561777
            ],
            [
              14.2872793,
              48.2562582
            ],
            [
              14.2873204,
              48.2563156
            ],
            [
              14.2874126,
              48.2564008
            ],
            [
              14.2875085,
              48.2564664
            ],
            [
              14.2875817,
              48.2565144
            ],
            [
              14.2876693,
              48.2565637
            ],
            [
              14.2877871,
              48.2566296
            ],
            [
              14.2880904,
              48.2567982
            ],
            [
              14.2881391,
              48.2568253
            ],
            [
              14.2881808,
              48.2568485
            ],
            [
              14.2882449,
              48.2568857
            ],
            [
              14.2885256,
              48.2570402
            ],
            [
              14.2885766,
              48.2570685
            ],
            [
              14.2889054,
              48.2572513
            ],
            [
              14.2893715,
              48.2575104
            ],
            [
              14.2896242,
              48.2576495
            ],
            [
              14.2899185,
              48.2578292
            ],
            [
              14.2901422,
              48.2579945
            ],
            [
              14.2902523,
              48.2580907
            ],
            [
              14.2903625,
              48.2582039
            ],
            [
              14.2904602,
              48.2583401
            ],
            [
              14.2905257,
              48.2584595
            ],
            [
              14.2905711,
              48.2585797
            ],
            [
              14.2906016,
              48.2587136
            ],
            [
              14.2906165,
              48.2588253
            ],
            [
              14.2906212,
              48.258922
            ],
            [
              14.290608,
              48.2590928
            ],
            [
              14.2905892,
              48.2592052
            ],
            [
              14.2905577,
              48.2593852
            ],
            [
              14.290522,
              48.2595896
            ],
            [
              14.2904256,
              48.2601387
            ],
            [
              14.2903192,
              48.2607456
            ],
            [
              14.2901954,
              48.2614458
            ],
            [
              14.2901076,
              48.2618729
            ],
            [
              14.2900849,
              48.2619835
            ],
            [
              14.2900494,
              48.2621563
            ],
            [
              14.2899681,
              48.2624835
            ],
            [
              14.2898728,
              48.2627592
            ],
            [
              14.2897883,
              48.2629906
            ],
            [
              14.2897018,
              48.2632029
            ],
            [
              14.2896154,
              48.2633991
            ],
            [
              14.2895429,
              48.2635449
            ],
            [
              14.2894508,
              48.2636979
            ],
            [
              14.2893427,
              48.2638774
            ],
            [
              14.2892389,
              48.264033
            ],
            [
              14.2891087,
              48.2642146
            ],
            [
              14.2890034,
              48.2643427
            ],
            [
              14.2888723,
              48.2644938
            ],
            [
              14.2887451,
              48.2646301
            ],
            [
              14.2886433,
              48.2647368
            ],
            [
              14.2885578,
              48.264823
            ],
            [
              14.2883951,
              48.2649774
            ],
            [
              14.2883445,
              48.2650228
            ],
            [
              14.2883012,
              48.2650615
            ],
            [
              14.2882104,
              48.2651476
            ],
            [
              14.2878846,
              48.2654356
            ],
            [
              14.2877378,
              48.2655612
            ],
            [
              14.2876396,
              48.2656437
            ],
            [
              14.2872893,
              48.2659379
            ],
            [
              14.2871785,
              48.266031
            ],
            [
              14.2868656,
              48.2662818
            ],
            [
              14.2868152,
              48.2663222
            ],
            [
              14.2861946,
              48.2668196
            ],
            [
              14.2861534,
              48.2668539
            ],
            [
              14.2860539,
              48.2669365
            ],
            [
              14.285949,
              48.2670237
            ],
            [
              14.2859109,
              48.2670553
            ],
            [
              14.2858609,
              48.2670969
            ],
            [
              14.2854019,
              48.2674717
            ],
            [
              14.2851911,
              48.267639
            ],
            [
              14.2852992,
              48.2677001
            ],
            [
              14.2853726,
              48.2677415
            ],
            [
              14.2856716,
              48.2679104
            ],
            [
              14.2858923,
              48.268035
            ],
            [
              14.2863418,
              48.2682889
            ],
            [
              14.2869062,
              48.2686077
            ],
            [
              14.287128,
              48.2687333
            ],
            [
              14.2878788,
              48.2691485
            ],
            [
              14.28815,
              48.2692989
            ],
            [
              14.2882096,
              48.2693297
            ],
            [
              14.2883591,
              48.2694217
            ],
            [
              14.2884675,
              48.2694655
            ],
            [
              14.2885391,
              48.269486
            ],
            [
              14.2886424,
              48.2695008
            ],
            [
              14.2887381,
              48.269506
            ],
            [
              14.2889303,
              48.2695091
            ],
            [
              14.2892563,
              48.2695143
            ],
            [
              14.2898346,
              48.2695235
            ],
            [
              14.2902174,
              48.2695297
            ],
            [
              14.2911717,
              48.2695449
            ],
            [
              14.2917545,
              48.2695519
            ],
            [
              14.2919075,
              48.2695537
            ],
            [
              14.2920315,
              48.2695551
            ],
            [
              14.2922271,
              48.2695574
            ],
            [
              14.2925021,
              48.2695606
            ],
            [
              14.2926466,
              48.2695622
            ],
            [
              14.2926443,
              48.2696474
            ],
            [
              14.2926376,
              48.2698874
            ],
            [
              14.2926241,
              48.270378
            ],
            [
              14.2926229,
              48.270407
            ],
            [
              14.2926207,
              48.2704587
            ],
            [
              14.2926167,
              48.2705517
            ],
            [
              14.2926109,
              48.2706894
            ],
            [
              14.2926023,
              48.2708915
            ],
            [
              14.2925937,
              48.2710951
            ],
            [
              14.292589,
              48.2712897
            ],
            [
              14.2925843,
              48.2713795
            ],
            [
              14.2925646,
              48.2715888
            ],
            [
              14.292561,
              48.2716275
            ],
            [
              14.2925514,
              48.271729
            ],
            [
              14.2925437,
              48.2718119
            ],
            [
              14.2925345,
              48.2719439
            ],
            [
              14.292532,
              48.2719789
            ],
            [
              14.2925228,
              48.2721107
            ],
            [
              14.2925137,
              48.2722407
            ],
            [
              14.2925053,
              48.2723618
            ],
            [
              14.2925009,
              48.2724241
            ],
            [
              14.292498,
              48.2724657
            ],
            [
              14.2924938,
              48.2725802
            ],
            [
              14.2924923,
              48.2726555
            ],
            [
              14.2924913,
              48.2727025
            ],
            [
              14.292488,
              48.272862
            ],
            [
              14.2924828,
              48.2731134
            ],
            [
              14.2924812,
              48.2731943
            ],
            [
              14.2924665,
              48.273797
            ],
            [
              14.2924444,
              48.2746858
            ],
            [
              14.2924758,
              48.2747259
            ],
            [
              14.2925078,
              48.2747577
            ],
            [
              14.2925306,
              48.2747659
            ],
            [
              14.2925588,
              48.2747778
            ],
            [
              14.2926239,
              48.274785
            ],
            [
              14.2928169,
              48.2748062
            ],
            [
              14.2930607,
              48.2748259
            ],
            [
              14.2932557,
              48.2748352
            ],
            [
              14.2933362,
              48.2748364
            ],
            [
              14.2936471,
              48.2748412
            ],
            [
              14.2937299,
              48.2748414
            ],
            [
              14.2938298,
              48.2748456
            ],
            [
              14.2939412,
              48.2748588
            ],
            [
              14.2940436,
              48.274883
            ],
            [
              14.2941395,
              48.2749148
            ],
            [
              14.294237,
              48.2749637
            ],
            [
              14.2943034,
              48.2750083
            ],
            [
              14.2943543,
              48.2750481
            ],
            [
              14.2943819,
              48.2750757
            ],
            [
              14.2943902,
              48.2750883
            ],
            [
              14.2944192,
              48.2751322
            ],
            [
              14.2944305,
              48.2751493
            ],
            [
              14.2944578,
              48.2752203
            ],
            [
              14.2944708,
              48.2752748
            ],
            [
              14.2944825,
              48.2753515
            ],
            [
              14.2944899,
              48.2754298
            ],
            [
              14.2944861,
              48.2755676
            ],
            [
              14.2944835,
              48.2757088
            ],
            [
              14.2944714,
              48.2758573
            ],
            [
              14.2944459,
              48.2760637
            ],
            [
              14.2943989,
              48.2762935
            ],
            [
              14.2943599,
              48.2764728
            ],
            [
              14.2943183,
              48.2766058
            ],
            [
              14.2941032,
              48.277264
            ],
            [
              14.2940768,
              48.2773597
            ],
            [
              14.2940385,
              48.2775339
            ],
            [
              14.2940275,
              48.2776368
            ],
            [
              14.2940264,
              48.2777327
            ],
            [
              14.2940352,
              48.277843
            ],
            [
              14.2940554,
              48.277977
            ],
            [
              14.2940781,
              48.2780836
            ],
            [
              14.2941538,
              48.2784109
            ],
            [
              14.2942571,
              48.2788506
            ],
            [
              14.2943016,
              48.279137
            ],
            [
              14.2943081,
              48.2793399
            ],
            [
              14.2942931,
              48.2795172
            ],
            [
              14.2942692,
              48.2796799
            ],
            [
              14.2942432,
              48.2798067
            ],
            [
              14.2942089,
              48.2799438
            ],
            [
              14.2941377,
              48.2801753
            ],
            [
              14.2940381,
              48.2804757
            ],
            [
              14.2939434,
              48.2807678
            ],
            [
              14.29394,
              48.2807785
            ],
            [
              14.2938595,
              48.2810307
            ],
            [
              14.2938446,
              48.2810775
            ],
            [
              14.2938251,
              48.2811386
            ],
            [
              14.2937756,
              48.2812857
            ],
            [
              14.2937604,
              48.281331
            ],
            [
              14.2937391,
              48.2813836
            ],
            [
              14.2937024,
              48.2814696
            ],
            [
              14.2936625,
              48.2815295
            ],
            [
              14.293625,
              48.2815781
            ],
            [
              14.2935644,
              48.2816449
            ],
            [
              14.2934927,
              48.281714
            ],
            [
              14.2931303,
              48.282025
            ],
            [
              14.2928757,
              48.2822408
            ],
            [
              14.2927786,
              48.2823297
            ],
            [
              14.2927073,
              48.2824068
            ],
            [
              14.2926612,
              48.2824728
            ],
            [
              14.2926208,
              48.282543
            ],
            [
              14.2925858,
              48.2826284
            ],
            [
              14.2925281,
              48.2827739
            ],
            [
              14.2924794,
              48.2828699
            ],
            [
              14.2924189,
              48.282973
            ],
            [
              14.2922782,
              48.2831903
            ],
            [
              14.2921804,
              48.2833415
            ],
            [
              14.2921534,
              48.2833833
            ],
            [
              14.2921424,
              48.2834003
            ],
            [
              14.2920616,
              48.2835276
            ],
            [
              14.2920266,
              48.2835829
            ],
            [
              14.2919233,
              48.2837461
            ],
            [
              14.2919026,
              48.2837746
            ],
            [
              14.2918743,
              48.2838135
            ],
            [
              14.2917796,
              48.2839153
            ],
            [
              14.2918226,
              48.2839429
            ],
            [
              14.291861,
              48.2839722
            ],
            [
              14.2918794,
              48.2839844
            ],
            [
              14.2921545,
              48.2842155
            ],
            [
              14.2922625,
              48.2843061
            ],
            [
              14.292327,
              48.2843613
            ],
            [
              14.2925044,
              48.2845193
            ],
            [
              14.2926568,
              48.2846449
            ],
            [
              14.2926865,
              48.2846693
            ],
            [
              14.2928126,
              48.2847696
            ],
            [
              14.2930126,
              48.284932
            ],
            [
              14.2931299,
              48.2850272
            ],
            [
              14.2933257,
              48.2852067
            ],
            [
              14.2934519,
              48.2853287
            ],
            [
              14.293562,
              48.2854539
            ],
            [
              14.2936917,
              48.2856096
            ],
            [
              14.294175,
              48.2862292
            ],
            [
              14.2947141,
              48.2869229
            ],
            [
              14.2949271,
              48.2871971
            ],
            [
              14.2949386,
              48.2872119
            ],
            [
              14.2950277,
              48.2873265
            ],
            [
              14.2951203,
              48.2874456
            ],
            [
              14.2951483,
              48.287482
            ],
            [
              14.2952397,
              48.2876009
            ],
            [
              14.2952977,
              48.2876763
            ],
            [
              14.2953155,
              48.2876995
            ],
            [
              14.2953994,
              48.2878107
            ],
            [
              14.2957615,
              48.2882908
            ],
            [
              14.2965133,
              48.2892459
            ],
            [
              14.2969453,
              48.2897948
            ],
            [
              14.2970137,
              48.2898781
            ],
            [
              14.2972778,
              48.2901998
            ],
            [
              14.2973423,
              48.2902621
            ],
            [
              14.2974303,
              48.2903185
            ],
            [
              14.2972775,
              48.2904917
            ],
            [
              14.2970833,
              48.2906985
            ],
            [
              14.2969274,
              48.2908645
            ],
            [
              14.2966266,
              48.2911849
            ],
            [
              14.2962848,
              48.2915452
            ],
            [
              14.2962536,
              48.2915781
            ],
            [
              14.2959102,
              48.2919389
            ],
            [
              14.2957673,
              48.2920891
            ],
            [
              14.2956797,
              48.2921812
            ],
            [
              14.2955854,
              48.2922803
            ],
            [
              14.2947537,
              48.2931673
            ],
            [
              14.2946403,
              48.2932882
            ],
            [
              14.2941732,
              48.2937821
            ],
            [
              14.2941206,
              48.2938428
            ],
            [
              14.2941008,
              48.2938889
            ],
            [
              14.2940785,
              48.2939581
            ],
            [
              14.2940702,
              48.2940376
            ],
            [
              14.2940624,
              48.2941409
            ],
            [
              14.2942374,
              48.2941492
            ],
            [
              14.294295,
              48.2941546
            ],
            [
              14.2944108,
              48.2941745
            ],
            [
              14.2945178,
              48.2942062
            ],
            [
              14.2945938,
              48.2942393
            ],
            [
              14.2946465,
              48.2942726
            ],
            [
              14.2946923,
              48.2943117
            ],
            [
              14.2949255,
              48.2945319
            ],
            [
              14.2950676,
              48.2946467
            ],
            [
              14.2951207,
              48.2946895
            ],
            [
              14.2951866,
              48.2947427
            ],
            [
              14.2954686,
              48.2949448
            ],
            [
              14.2955269,
              48.2949854
            ],
            [
              14.295653,
              48.2950708
            ],
            [
              14.2958842,
              48.2952359
            ],
            [
              14.2960275,
              48.295368
            ],
            [
              14.2961252,
              48.2954581
            ],
            [
              14.2961688,
              48.2954893
            ],
            [
              14.2962441,
              48.2955182
            ],
            [
              14.2963308,
              48.2955304
            ],
            [
              14.2964045,
              48.295527
            ],
            [
              14.2964794,
              48.2955126
            ],
            [
              14.296551,
              48.2954974
            ],
            [
              14.2966662,
              48.2954598
            ],
            [
              14.2970061,
              48.2951526
            ],
            [
              14.2970733,
              48.2950926
            ],
            [
              14.2971152,
              48.2950556
            ],
            [
              14.2972221,
              48.2949693
            ],
            [
              14.297318,
              48.2948983
            ],
            [
              14.2974431,
              48.2948187
            ],
            [
              14.2975561,
              48.2947504
            ],
            [
              14.2978819,
              48.2945874
            ],
            [
              14.2979881,
              48.2945236
            ],
            [
              14.2980979,
              48.2944468
            ],
            [
              14.2981739,
              48.2943731
            ],
            [
              14.2982769,
              48.2942607
            ],
            [
              14.2985069,
              48.294014
            ],
            [
              14.2985755,
              48.2939404
            ],
            [
              14.2991287,
              48.2933468
            ],
            [
              14.2994359,
              48.2930082
            ],
            [
              14.2994657,
              48.2929747
            ],
            [
              14.2995121,
              48.2929226
            ],
            [
              14.2995565,
              48.2928727
            ],
            [
              14.2998686,
              48.2925376
            ],
            [
              14.3000623,
              48.2923297
            ],
            [
              14.3001123,
              48.2922761
            ],
            [
              14.3001536,
              48.2922318
            ],
            [
              14.300163,
              48.2922217
            ],
            [
              14.3002217,
              48.2921586
            ],
            [
              14.3004429,
              48.2919226
            ],
            [
              14.3004879,
              48.2918745
            ],
            [
              14.3005165,
              48.2918421
            ],
            [
              14.3006503,
              48.2917241
            ],
            [
              14.3007552,
              48.2917656
            ],
            [
              14.3008363,
              48.2917976
            ],
            [
              14.3014851,
              48.2920538
            ],
            [
              14.3015822,
              48.2920841
            ],
            [
              14.3016479,
              48.2921027
            ],
            [
              14.3017644,
              48.2921315
            ],
            [
              14.301863,
              48.292136
            ],
            [
              14.3020357,
              48.2921368
            ],
            [
              14.3021577,
              48.292137
            ],
            [
              14.302219,
              48.2921427
            ],
            [
              14.3024963,
              48.2921723
            ],
            [
              14.3025378,
              48.2921767
            ],
            [
              14.3027756,
              48.292203
            ],
            [
              14.3028553,
              48.2922121
            ],
            [
              14.3034819,
              48.2922938
            ],
            [
              14.3037608,
              48.2923231
            ],
            [
              14.3046589,
              48.2924087
            ],
            [
              14.3047692,
              48.292421
            ],
            [
              14.3048912,
              48.2924109
            ],
            [
              14.304965,
              48.2924087
            ],
            [
              14.305146,
              48.2924034
            ],
            [
              14.305322,
              48.2924001
            ],
            [
              14.3053741,
              48.2923975
            ],
            [
              14.3055202,
              48.2923958
            ],
            [
              14.3057153,
              48.2923949
            ],
            [
              14.3057462,
              48.2924792
            ],
            [
              14.3057628,
              48.2925846
            ],
            [
              14.3057632,
              48.2928928
            ],
            [
              14.3057431,
              48.2930394
            ],
            [
              14.3057058,
              48.2932381
            ],
            [
              14.3056723,
              48.2933719
            ],
            [
              14.3056726,
              48.2934988
            ],
            [
              14.3056773,
              48.293634
            ],
            [
              14.3056836,
              48.2937934
            ],
            [
              14.3056915,
              48.2941157
            ],
            [
              14.3056942,
              48.2942439
            ],
            [
              14.3057001,
              48.2943929
            ],
            [
              14.3057126,
              48.2945843
            ],
            [
              14.3057205,
              48.294677
            ],
            [
              14.3057308,
              48.2947839
            ],
            [
              14.3057448,
              48.2948704
            ],
            [
              14.3057629,
              48.2949427
            ],
            [
              14.3057918,
              48.2950119
            ],
            [
              14.3058233,
              48.2950699
            ],
            [
              14.3058541,
              48.2951154
            ],
            [
              14.3059066,
              48.2951802
            ],
            [
              14.3060137,
              48.2953103
            ],
            [
              14.3060714,
              48.2953763
            ],
            [
              14.3062107,
              48.2955186
            ],
            [
              14.3066173,
              48.2959314
            ],
            [
              14.3068257,
              48.2961511
            ],
            [
              14.3068727,
              48.2962006
            ],
            [
              14.3069796,
              48.296309
            ],
            [
              14.3070849,
              48.2964243
            ],
            [
              14.3071503,
              48.2964932
            ],
            [
              14.307202,
              48.2965452
            ],
            [
              14.3072619,
              48.2966127
            ],
            [
              14.3071656,
              48.296667
            ],
            [
              14.3070571,
              48.2967282
            ],
            [
              14.307045,
              48.2967343
            ],
            [
              14.3069608,
              48.2967795
            ],
            [
              14.3068998,
              48.2968123
            ],
            [
              14.3065975,
              48.2969748
            ],
            [
              14.3065683,
              48.2969904
            ],
            [
              14.3062135,
              48.2971811
            ],
            [
              14.3057506,
              48.2974375
            ],
            [
              14.3056956,
              48.2974679
            ],
            [
              14.3049585,
              48.297876
            ],
            [
              14.3046183,
              48.2980644
            ],
            [
              14.3045268,
              48.2981152
            ],
            [
              14.3041077,
              48.2983476
            ],
            [
              14.3040592,
              48.2983745
            ],
            [
              14.3039376,
              48.2984438
            ],
            [
              14.3037396,
              48.2985629
            ],
            [
              14.3035401,
              48.2987031
            ],
            [
              14.3033333,
              48.2988506
            ],
            [
              14.3033012,
              48.2988735
            ],
            [
              14.3031606,
              48.2989902
            ],
            [
              14.3032929,
              48.2990443
            ],
            [
              14.3033407,
              48.2990655
            ],
            [
              14.3038129,
              48.299275
            ],
            [
              14.3039758,
              48.2993475
            ],
            [
              14.3041186,
              48.299411
            ],
            [
              14.3044214,
              48.2995281
            ],
            [
              14.3045838,
              48.2995909
            ],
            [
              14.3050859,
              48.2997789
            ],
            [
              14.3051068,
              48.2997867
            ],
            [
              14.3054709,
              48.299923
            ],
            [
              14.3055407,
              48.2999491
            ],
            [
              14.3055842,
              48.2999654
            ],
            [
              14.3057388,
              48.3000189
            ],
            [
              14.3059267,
              48.3000612
            ],
            [
              14.3060233,
              48.3000734
            ],
            [
              14.3061038,
              48.3000836
            ],
            [
              14.3072412,
              48.3002112
            ],
            [
              14.3074834,
              48.3002375
            ],
            [
              14.3076171,
              48.3002521
            ],
            [
              14.3079655,
              48.30029
            ],
            [
              14.3080166,
              48.3002955
            ],
            [
              14.3082818,
              48.3003244
            ],
            [
              14.308605,
              48.3003595
            ],
            [
              14.3086477,
              48.3003642
            ],
            [
              14.3087832,
              48.3003789
            ],
            [
              14.3090426,
              48.3004092
            ],
            [
              14.3100669,
              48.3005291
            ],
            [
              14.3101645,
              48.3005404
            ],
            [
              14.3104752,
              48.3005767
            ],
            [
              14.3105597,
              48.3005866
            ],
            [
              14.3109854,
              48.3006364
            ],
            [
              14.3110392,
              48.3006427
            ],
            [
              14.3113232,
              48.3006759
            ],
            [
              14.3114256,
              48.3006876
            ],
            [
              14.311499,
              48.300696
            ],
            [
              14.3121671,
              48.3007726
            ],
            [
              14.3123997,
              48.3007992
            ],
            [
              14.3124504,
              48.3008052
            ],
            [
              14.312698,
              48.3008348
            ],
            [
              14.3131104,
              48.3008842
            ],
            [
              14.3132186,
              48.3008963
            ],
            [
              14.3134456,
              48.3009242
            ],
            [
              14.3142089,
              48.3010178
            ],
            [
              14.3145245,
              48.3010609
            ],
            [
              14.3145932,
              48.3010703
            ],
            [
              14.3147214,
              48.3010878
            ],
            [
              14.3148541,
              48.301106
            ],
            [
              14.3152703,
              48.3011886
            ],
            [
              14.3154736,
              48.301236
            ],
            [
              14.3156847,
              48.3012831
            ],
            [
              14.3170472,
              48.301629
            ],
            [
              14.3181293,
              48.3018972
            ],
            [
              14.3184455,
              48.3019743
            ],
            [
              14.3188919,
              48.3020829
            ],
            [
              14.319018,
              48.3021141
            ],
            [
              14.3191036,
              48.3021357
            ],
            [
              14.3192856,
              48.3021817
            ],
            [
              14.3190851,
              48.302405
            ],
            [
              14.3189126,
              48.3026119
            ],
            [
              14.3185244,
              48.3030799
            ],
            [
              14.3184512,
              48.3031717
            ],
            [
              14.3183249,
              48.3033186
            ],
            [
              14.3180384,
              48.3036997
            ],
            [
              14.3178906,
              48.3039011
            ],
            [
              14.3177782,
              48.3040616
            ],
            [
              14.317623,
              48.3042995
            ],
            [
              14.3173829,
              48.3046583
            ],
            [
              14.3173128,
              48.304778
            ],
            [
              14.3172511,
              48.3048836
            ],
            [
              14.3171889,
              48.3049897
            ],
            [
              14.3171128,
              48.3051178
            ],
            [
              14.3170247,
              48.3052662
            ],
            [
              14.316905,
              48.3054677
            ],
            [
              14.3168217,
              48.305608
            ],
            [
              14.3167576,
              48.3057266
            ],
            [
              14.3167402,
              48.3057588
            ],
            [
              14.316437,
              48.3063196
            ],
            [
              14.3163387,
              48.3065015
            ],
            [
              14.3162328,
              48.3066869
            ],
            [
              14.3160388,
              48.3070264
            ],
            [
              14.31601,
              48.3070769
            ],
            [
              14.315923,
              48.3072291
            ],
            [
              14.315831,
              48.3073902
            ],
            [
              14.3157628,
              48.3075096
            ],
            [
              14.3157281,
              48.3075703
            ],
            [
              14.3156984,
              48.3076231
            ],
            [
              14.3156865,
              48.3076444
            ],
            [
              14.3155783,
              48.3078324
            ],
            [
              14.3154704,
              48.3080455
            ],
            [
              14.315466,
              48.308054
            ],
            [
              14.3153936,
              48.3081862
            ],
            [
              14.3152244,
              48.3084954
            ],
            [
              14.3151986,
              48.3085376
            ],
            [
              14.3151605,
              48.3086071
            ],
            [
              14.3150289,
              48.3088506
            ],
            [
              14.3149187,
              48.3090535
            ],
            [
              14.3148227,
              48.3092328
            ],
            [
              14.3147792,
              48.3093141
            ],
            [
              14.3146231,
              48.3096053
            ],
            [
              14.3145944,
              48.3096552
            ],
            [
              14.3145738,
              48.3096964
            ],
            [
              14.3145592,
              48.3097289
            ],
            [
              14.3144764,
              48.3099338
            ],
            [
              14.3144636,
              48.3100428
            ],
            [
              14.3144419,
              48.3100852
            ],
            [
              14.314329,
              48.3103416
            ],
            [
              14.3142514,
              48.3105236
            ],
            [
              14.3141683,
              48.3107292
            ],
            [
              14.3141202,
              48.3108591
            ],
            [
              14.3141077,
              48.3108895
            ],
            [
              14.3139249,
              48.3112033
            ],
            [
              14.3138591,
              48.3112858
            ],
            [
              14.313784,
              48.3113798
            ],
            [
              14.3136339,
              48.3115717
            ],
            [
              14.3136096,
              48.3116127
            ],
            [
              14.313556,
              48.3117123
            ],
            [
              14.3136149,
              48.3117508
            ],
            [
              14.3137204,
              48.3118134
            ],
            [
              14.3138358,
              48.3118705
            ],
            [
              14.3139149,
              48.3118877
            ]
          ],
          [
            [
              14.2933082,
              48.294159
            ],
            [
              14.2937414,
              48.2941435
            ],
            [
              14.2938058,
              48.2941412
            ],
            [
              14.2938607,
              48.2941411
            ],
            [
              14.2940624,
              48.2941409
            ],
            [
              14.294056,
              48.2942492
            ],
            [
              14.293855,
              48.2942503
            ],
            [
              14.2934682,
              48.2942449
            ],
            [
              14.2932839,
              48.2942418
            ],
            [
              14.2931566,
              48.2942396
            ],
            [
              14.2930392,
              48.2942271
            ],
            [
              14.2929266,
              48.2942008
            ],
            [
              14.2927807,
              48.2941425
            ],
            [
              14.2926721,
              48.2940767
            ],
            [
              14.2925551,
              48.2939853
            ],
            [
              14.2924717,
              48.2938934
            ],
            [
              14.2922162,
              48.2935912
            ],
            [
              14.2921831,
              48.2935522
            ],
            [
              14.2921216,
              48.2933496
            ],
            [
              14.2922475,
              48.2932258
            ],
            [
              14.2922834,
              48.2932121
            ],
            [
              14.2925016,
              48.293139
            ],
            [
              14.292688,
              48.2930574
            ],
            [
              14.2928549,
              48.2929529
            ],
            [
              14.2928224,
              48.2929164
            ],
            [
              14.2927675,
              48.2928519
            ],
            [
              14.2927036,
              48.2927813
            ],
            [
              14.2926559,
              48.2927247
            ],
            [
              14.2926262,
              48.2926905
            ],
            [
              14.292576,
              48.2926326
            ],
            [
              14.2925059,
              48.2925525
            ],
            [
              14.2924544,
              48.2924955
            ],
            [
              14.2923833,
              48.2924118
            ],
            [
              14.2923325,
              48.2923536
            ],
            [
              14.2922175,
              48.2922215
            ],
            [
              14.2921375,
              48.2921297
            ],
            [
              14.2920572,
              48.2920427
            ],
            [
              14.2919523,
              48.2919179
            ],
            [
              14.2918862,
              48.2918413
            ],
            [
              14.2918406,
              48.2917904
            ],
            [
              14.2917859,
              48.2917263
            ],
            [
              14.2917814,
              48.2917189
            ],
            [
              14.2917711,
              48.2916767
            ],
            [
              14.2917522,
              48.2916704
            ],
            [
              14.2917344,
              48.2916604
            ],
            [
              14.2917206,
              48.291648
            ],
            [
              14.2917116,
              48.2916337
            ],
            [
              14.2917079,
              48.2916185
            ],
            [
              14.291712,
              48.2915968
            ],
            [
              14.2917267,
              48.2915772
            ],
            [
              14.2917505,
              48.2915619
            ],
            [
              14.2917808,
              48.2915527
            ],
            [
              14.2918138,
              48.2915507
            ],
            [
              14.2918314,
              48.2915528
            ],
            [
              14.2918482,
              48.2915569
            ],
            [
              14.2918746,
              48.2915692
            ],
            [
              14.291886,
              48.2915782
            ],
            [
              14.2918947,
              48.2915883
            ],
            [
              14.2919033,
              48.2916087
            ],
            [
              14.2919016,
              48.2916297
            ],
            [
              14.2919278,
              48.2916656
            ],
            [
              14.2920419,
              48.2917965
            ],
            [
              14.2921452,
              48.291915
            ],
            [
              14.2922359,
              48.2920192
            ],
            [
              14.2925475,
              48.2923767
            ],
            [
              14.2926623,
              48.2925085
            ],
            [
              14.2927871,
              48.2926516
            ],
            [
              14.2928977,
              48.2927785
            ],
            [
              14.2929139,
              48.2927971
            ],
            [
              14.2929682,
              48.2928606
            ],
            [
              14.2929943,
              48.2928894
            ],
            [
              14.2931224,
              48.2930252
            ],
            [
              14.2929631,
              48.2930902
            ],
            [
              14.2927012,
              48.2931985
            ],
            [
              14.2925733,
              48.293247
            ],
            [
              14.292431,
              48.2932944
            ],
            [
              14.2923702,
              48.2933155
            ],
            [
              14.2921216,
              48.2933496
            ],
            [
              14.2923422,
              48.2934915
            ],
            [
              14.2924002,
              48.2935727
            ],
            [
              14.2924901,
              48.2937115
            ],
            [
              14.292616,
              48.2938671
            ],
            [
              14.2927045,
              48.2939549
            ],
            [
              14.2927875,
              48.2940237
            ],
            [
              14.2928843,
              48.2940837
            ],
            [
              14.2929974,
              48.2941268
            ],
            [
              14.2931404,
              48.2941547
            ],
            [
              14.2933082,
              48.294159
            ]
          ],
          [
            [
              14.3145523,
              48.3100952
            ],
            [
              14.31451,
              48.3100864
            ],
            [
              14.3143485,
              48.3104306
            ],
            [
              14.3143903,
              48.3104392
            ]
          ],
          [
            [
              14.3105023,
              48.3005025
            ],
            [
              14.3101806,
              48.3004596
            ]
          ],
          [
            [
              14.2938103,
              48.2940478
            ],
            [
              14.2938104,
              48.2940632
            ],
            [
              14.2936045,
              48.2940643
            ],
            [
              14.2934489,
              48.294079
            ],
            [
              14.2934466,
              48.2940671
            ]
          ],
          [
            [
              14.29385,
              48.2943113
            ],
            [
              14.293405,
              48.2942954
            ],
            [
              14.2931606,
              48.2942927
            ],
            [
              14.2930855,
              48.2942847
            ],
            [
              14.2930803,
              48.2943029
            ]
          ],
          [
            [
              14.2972526,
              48.2906494
            ],
            [
              14.2971724,
              48.2907351
            ],
            [
              14.2970181,
              48.2908999
            ]
          ],
          [
            [
              14.2952968,
              48.2874657
            ],
            [
              14.2952553,
              48.2874801
            ],
            [
              14.2954053,
              48.2876713
            ],
            [
              14.2954407,
              48.287659
            ]
          ],
          [
            [
              14.2921057,
              48.2840246
            ],
            [
              14.2923959,
              48.2842712
            ]
          ],
          [
            [
              14.2925994,
              48.2727405
            ],
            [
              14.2925843,
              48.2727403
            ],
            [
              14.2925891,
              48.2725815
            ],
            [
              14.2925908,
              48.2725256
            ],
            [
              14.2926058,
              48.2725259
            ]
          ],
          [
            [
              14.2858413,
              48.267835
            ],
            [
              14.2857787,
              48.2678837
            ],
            [
              14.2855209,
              48.2677401
            ],
            [
              14.2854905,
              48.2677121
            ],
            [
              14.2854744,
              48.2676841
            ],
            [
              14.2854672,
              48.2676626
            ],
            [
              14.2854703,
              48.2676299
            ]
          ],
          [
            [
              14.2873887,
              48.2565084
            ],
            [
              14.287414,
              48.2564971
            ],
            [
              14.2876902,
              48.2566637
            ],
            [
              14.2876608,
              48.2566834
            ]
          ],
          [
            [
              14.283312,
              48.2538687
            ],
            [
              14.2833001,
              48.2538903
            ],
            [
              14.2829357,
              48.2538009
            ],
            [
              14.2829509,
              48.2537735
            ]
          ]
        ]
      },
      "id": "relation/12659249"
    }
  ]
}