{
  "type": "FeatureCollection",
  "features": [
    {
      "type": "Feature",
      "properties": {
        "@id": "relation/403052",
        "alternate": "no",
        "colour": "#9FCA66",
        "from": "Fernheizkraftwerk",
        "gtfs:feed": "AT-Linz_AG",
        "gtfs:route_id": "at:esg:27:",
        "gtfs:shape_id": "2-27-E-e25-1.9.H",
        "gtfs:trip_id:like": "%2-27-E-e25-1.9.H",
        "gtfs:trip_id:sample": "429.TA.2-27-E-e25-1.9.H",
        "name": "Bus 27: Fernheizkraftwerk => Chemiepark",
        "network": "Oberösterreichischer Verkehrsverbund",
        "network:short": "OÖVV",
        "network:wikidata": "Q2011605",
        "network:wikipedia": "de:Oberösterreichischer Verkehrsverbund",
        "operator": "Linz Linien GmbH",
        "public_transport:version": "2",
        "ref": "27",
        "route": "bus",
        "to": "Chemiepark",
        "type": "route"
      },
      "geometry": {
        "type": "MultiLineString",
        "coordinates": [
          [
            [
              14.3210849,
              48.288381
            ],
            [
              14.3211809,
              48.2884062
            ],
            [
              14.3212694,
              48.2884199
            ],
            [
              14.3213568,
              48.2884256
            ],
            [
              14.3214353,
              48.288424
            ],
            [
              14.321509,
              48.2884119
            ],
            [
              14.321578,
              48.2883926
            ],
            [
              14.3216194,
              48.2883761
            ],
            [
              14.3216711,
              48.2883493
            ],
            [
              14.3217575,
              48.2882887
            ],
            [
              14.3219024,
              48.2882079
            ],
            [
              14.3219463,
              48.2881638
            ],
            [
              14.3219564,
              48.288153
            ],
            [
              14.3220945,
              48.2879826
            ],
            [
              14.3222666,
              48.2877625
            ],
            [
              14.3223733,
              48.2876139
            ],
            [
              14.3224423,
              48.2875146
            ],
            [
              14.3225054,
              48.2874195
            ],
            [
              14.3225675,
              48.2873098
            ],
            [
              14.3226011,
              48.287243
            ],
            [
              14.3226785,
              48.2870847
            ],
            [
              14.3226914,
              48.2870541
            ],
            [
              14.322769,
              48.2868703
            ],
            [
              14.3228362,
              48.2867113
            ],
            [
              14.3229189,
              48.2867274
            ],
            [
              14.323101,
              48.2867631
            ],
            [
              14.3229213,
              48.2871696
            ]
          ],
          [
            [
              14.3211839,
              48.2885977
            ],
            [
              14.3211705,
              48.2886185
            ],
            [
              14.3211507,
              48.2886408
            ],
            [
              14.3211327,
              48.2886564
            ],
            [
              14.3211065,
              48.2886743
            ],
            [
              14.3210594,
              48.2886971
            ],
            [
              14.3210289,
              48.2887073
            ],
            [
              14.3209938,
              48.2887156
            ],
            [
              14.3209583,
              48.2887207
            ],
            [
              14.3209224,
              48.2887227
            ],
            [
              14.320885,
              48.2887216
            ],
            [
              14.3208513,
              48.2887178
            ],
            [
              14.3208219,
              48.288712
            ],
            [
              14.3207909,
              48.2887034
            ],
            [
              14.3207703,
              48.2886959
            ],
            [
              14.3207462,
              48.2886852
            ],
            [
              14.3207264,
              48.2886744
            ],
            [
              14.3206987,
              48.2886554
            ],
            [
              14.3206788,
              48.2886376
            ],
            [
              14.3206633,
              48.28862
            ],
            [
              14.3206493,
              48.2885987
            ],
            [
              14.320639,
              48.2885755
            ],
            [
              14.3206338,
              48.2885558
            ],
            [
              14.320632,
              48.2885277
            ],
            [
              14.320636,
              48.2885014
            ],
            [
              14.3206449,
              48.288477
            ],
            [
              14.3206559,
              48.2884574
            ],
            [
              14.320673,
              48.2884354
            ],
            [
              14.3206986,
              48.2884117
            ],
            [
              14.3207214,
              48.2883957
            ],
            [
              14.3207508,
              48.2883796
            ],
            [
              14.3207684,
              48.2883718
            ],
            [
              14.320813,
              48.2883571
            ],
            [
              14.320846,
              48.2883501
            ],
            [
              14.3208829,
              48.2883455
            ],
            [
              14.3209183,
              48.2883442
            ],
            [
              14.3209675,
              48.2883473
            ],
            [
              14.3209955,
              48.2883517
            ],
            [
              14.3210304,
              48.2883601
            ],
            [
              14.3210578,
              48.2883693
            ],
            [
              14.3210849,
              48.288381
            ],
            [
              14.3211081,
              48.2883937
            ],
            [
              14.3211252,
              48.288405
            ],
            [
              14.3211442,
              48.2884201
            ],
            [
              14.3211626,
              48.2884387
            ],
            [
              14.3211761,
              48.2884564
            ],
            [
              14.3211912,
              48.2884847
            ],
            [
              14.3211978,
              48.288506
            ],
            [
              14.3212006,
              48.2885257
            ],
            [
              14.3212,
              48.2885474
            ],
            [
              14.3211967,
              48.2885654
            ],
            [
              14.3211839,
              48.2885977
            ]
          ],
          [
            [
              14.3217278,
              48.2997895
            ],
            [
              14.3217772,
              48.2997402
            ],
            [
              14.3218222,
              48.2996952
            ],
            [
              14.3219069,
              48.2996106
            ],
            [
              14.321923,
              48.2995946
            ],
            [
              14.3220021,
              48.2995124
            ],
            [
              14.3221256,
              48.2993793
            ],
            [
              14.3221963,
              48.2992983
            ],
            [
              14.3223038,
              48.2991702
            ],
            [
              14.3223965,
              48.2990833
            ],
            [
              14.3224621,
              48.2990188
            ],
            [
              14.3225277,
              48.29896
            ],
            [
              14.3225981,
              48.298906
            ],
            [
              14.3226521,
              48.298871
            ],
            [
              14.3226698,
              48.2988596
            ],
            [
              14.3227442,
              48.2988166
            ],
            [
              14.3228057,
              48.298787
            ],
            [
              14.3228362,
              48.2987831
            ],
            [
              14.3228672,
              48.2987743
            ],
            [
              14.3228943,
              48.2987613
            ],
            [
              14.3229146,
              48.2987465
            ],
            [
              14.3229289,
              48.298731
            ],
            [
              14.3229407,
              48.2987092
            ],
            [
              14.3229448,
              48.2986887
            ],
            [
              14.3229418,
              48.2986657
            ],
            [
              14.3229327,
              48.2986461
            ],
            [
              14.3229261,
              48.298637
            ],
            [
              14.3229179,
              48.2986281
            ],
            [
              14.3229019,
              48.2986152
            ],
            [
              14.3228801,
              48.2986027
            ],
            [
              14.3228554,
              48.2985933
            ],
            [
              14.3228263,
              48.2985868
            ],
            [
              14.3227996,
              48.2985843
            ],
            [
              14.3227681,
              48.2985855
            ],
            [
              14.3227406,
              48.2985901
            ],
            [
              14.322715,
              48.2985981
            ],
            [
              14.3226912,
              48.2986095
            ],
            [
              14.3226719,
              48.2986231
            ],
            [
              14.3226634,
              48.2986311
            ],
            [
              14.3226537,
              48.2986428
            ],
            [
              14.3226432,
              48.2986632
            ],
            [
              14.3226395,
              48.2986816
            ],
            [
              14.3226206,
              48.2987168
            ],
            [
              14.3226003,
              48.2987513
            ],
            [
              14.322581,
              48.2987774
            ],
            [
              14.3225636,
              48.2988005
            ],
            [
              14.3225326,
              48.2988411
            ],
            [
              14.3224645,
              48.2989207
            ],
            [
              14.3223933,
              48.2990118
            ],
            [
              14.3223431,
              48.2990926
            ],
            [
              14.3223038,
              48.2991702
            ],
            [
              14.3221963,
              48.2992983
            ],
            [
              14.3221256,
              48.2993793
            ],
            [
              14.3220021,
              48.2995124
            ],
            [
              14.321923,
              48.2995946
            ],
            [
              14.3219069,
              48.2996106
            ],
            [
              14.3218222,
              48.2996952
            ],
            [
              14.3217772,
              48.2997402
            ],
            [
              14.3217278,
              48.2997895
            ],
            [
              14.3214364,
              48.3000718
            ],
            [
              14.3213142,
              48.3001897
            ],
            [
              14.3211118,
              48.3003929
            ],
            [
              14.3209456,
              48.3005545
            ],
            [
              14.3206933,
              48.300797
            ],
            [
              14.3203012,
              48.3011866
            ],
            [
              14.3202643,
              48.3012227
            ],
            [
              14.3201284,
              48.3013513
            ],
            [
              14.3200122,
              48.3014507
            ],
            [
              14.3194391,
              48.3020219
            ],
            [
              14.3194093,
              48.3020529
            ],
            [
              14.3192856,
              48.3021817
            ],
            [
              14.3190851,
              48.302405
            ],
            [
              14.3189126,
              48.3026119
            ],
            [
              14.3185244,
              48.3030799
            ],
            [
              14.3184512,
              48.3031717
            ],
            [
              14.3183249,
              48.3033186
            ],
            [
              14.3180384,
              48.3036997
            ],
            [
              14.3178906,
              48.3039011
            ],
            [
              14.3177782,
              48.3040616
            ],
            [
              14.317623,
              48.3042995
            ],
            [
              14.3173829,
              48.3046583
            ],
            [
              14.3173128,
              48.304778
            ],
            [
              14.3172511,
              48.3048836
            ],
            [
              14.3171889,
              48.3049897
            ],
            [
              14.3171128,
              48.3051178
            ],
            [
              14.3170247,
              48.3052662
            ],
            [
              14.316905,
              48.3054677
            ],
            [
              14.3168217,
              48.305608
            ],
            [
              14.3167576,
              48.3057266
            ],
            [
              14.3167402,
              48.3057588
            ],
            [
              14.316437,
              48.3063196
            ],
            [
              14.3163387,
              48.3065015
            ],
            [
              14.3162328,
              48.3066869
            ],
            [
              14.3160388,
              48.3070264
            ],
            [
              14.31601,
              48.3070769
            ],
            [
              14.315923,
              48.3072291
            ],
            [
              14.315831,
              48.3073902
            ],
            [
              14.3157628,
              48.3075096
            ],
            [
              14.3157281,
              48.3075703
            ],
            [
              14.3156984,
              48.3076231
            ],
            [
              14.3156865,
              48.3076444
            ],
            [
              14.3155783,
              48.3078324
            ],
            [
              14.3154704,
              48.3080455
            ],
            [
              14.315466,
              48.308054
            ],
            [
              14.3153936,
              48.3081862
            ],
            [
              14.3152244,
              48.3084954
            ],
            [
              14.3151986,
              48.3085376
            ],
            [
              14.3151605,
              48.3086071
            ],
            [
              14.3150289,
              48.3088506
            ],
            [
              14.3149187,
              48.3090535
            ],
            [
              14.3148227,
              48.3092328
            ],
            [
              14.3147792,
              48.3093141
            ],
            [
              14.3146231,
              48.3096053
            ],
            [
              14.3145944,
              48.3096552
            ],
            [
              14.3145738,
              48.3096964
            ],
            [
              14.3145592,
              48.3097289
            ],
            [
              14.3144764,
              48.3099338
            ],
            [
              14.3144636,
              48.3100428
            ],
            [
              14.3144419,
              48.3100852
            ],
            [
              14.314329,
              48.3103416
            ],
            [
              14.3142514,
              48.3105236
            ],
            [
              14.3141683,
              48.3107292
            ],
            [
              14.3141202,
              48.3108591
            ],
            [
              14.3141077,
              48.3108895
            ],
            [
              14.3139249,
              48.3112033
            ],
            [
              14.3138591,
              48.3112858
            ],
            [
              14.313784,
              48.3113798
            ],
            [
              14.3136339,
              48.3115717
            ],
            [
              14.3136096,
              48.3116127
            ],
            [
              14.313556,
              48.3117123
            ],
            [
              14.3135033,
              48.3118075
            ],
            [
              14.3134005,
              48.3120408
            ],
            [
              14.3132624,
              48.3123833
            ],
            [
              14.3131886,
              48.3125581
            ],
            [
              14.3131473,
              48.3126603
            ],
            [
              14.3131011,
              48.3127747
            ],
            [
              14.3130466,
              48.3129058
            ],
            [
              14.3130036,
              48.3130094
            ],
            [
              14.3129311,
              48.3131504
            ],
            [
              14.3128382,
              48.3133063
            ],
            [
              14.3127681,
              48.3134177
            ],
            [
              14.3126331,
              48.3137117
            ],
            [
              14.3126164,
              48.3137459
            ],
            [
              14.3126025,
              48.313779
            ],
            [
              14.3124133,
              48.3141797
            ],
            [
              14.3122941,
              48.3144302
            ],
            [
              14.3122079,
              48.3146196
            ],
            [
              14.3121264,
              48.3147986
            ],
            [
              14.3120961,
              48.3148553
            ],
            [
              14.3120773,
              48.3148911
            ],
            [
              14.3120354,
              48.3149758
            ],
            [
              14.3118435,
              48.3153097
            ],
            [
              14.3116575,
              48.3156121
            ],
            [
              14.3116191,
              48.3156732
            ],
            [
              14.3115061,
              48.3157328
            ],
            [
              14.3113501,
              48.3159335
            ],
            [
              14.3112487,
              48.3160597
            ],
            [
              14.3110644,
              48.3163071
            ],
            [
              14.3109847,
              48.3164141
            ],
            [
              14.3108577,
              48.3165839
            ],
            [
              14.3103557,
              48.3172546
            ],
            [
              14.310164,
              48.3175225
            ],
            [
              14.3100817,
              48.317649
            ],
            [
              14.3099912,
              48.3177881
            ],
            [
              14.309904,
              48.3179221
            ],
            [
              14.3098873,
              48.3180566
            ],
            [
              14.3097655,
              48.3183317
            ],
            [
              14.3096844,
              48.3184938
            ],
            [
              14.3096584,
              48.3185309
            ],
            [
              14.3096199,
              48.3185758
            ],
            [
              14.3095825,
              48.3186091
            ],
            [
              14.3095446,
              48.3186395
            ],
            [
              14.3095198,
              48.3186556
            ],
            [
              14.309488,
              48.3186725
            ],
            [
              14.3094389,
              48.3186927
            ],
            [
              14.3093837,
              48.3187102
            ],
            [
              14.3093262,
              48.3187249
            ],
            [
              14.3092446,
              48.3187359
            ],
            [
              14.3091862,
              48.3187411
            ],
            [
              14.3091363,
              48.3187423
            ],
            [
              14.3090634,
              48.3187386
            ],
            [
              14.3089967,
              48.3187309
            ],
            [
              14.3089216,
              48.3187171
            ],
            [
              14.3088363,
              48.3186969
            ],
            [
              14.3087484,
              48.3186745
            ],
            [
              14.3076048,
              48.3183781
            ],
            [
              14.3063508,
              48.3180535
            ],
            [
              14.3061957,
              48.3180134
            ],
            [
              14.305786,
              48.3179052
            ],
            [
              14.3056302,
              48.317864
            ],
            [
              14.30557,
              48.3178383
            ],
            [
              14.3054221,
              48.3177708
            ],
            [
              14.3052362,
              48.3177218
            ],
            [
              14.3051447,
              48.3176977
            ],
            [
              14.3051051,
              48.3176873
            ],
            [
              14.3048524,
              48.3176465
            ],
            [
              14.3045378,
              48.317591
            ],
            [
              14.3044238,
              48.3175675
            ],
            [
              14.30438,
              48.317558
            ],
            [
              14.3043185,
              48.3175437
            ],
            [
              14.3042504,
              48.3175289
            ],
            [
              14.3041291,
              48.3174985
            ],
            [
              14.3039285,
              48.3174371
            ],
            [
              14.3036831,
              48.3173484
            ],
            [
              14.3034947,
              48.3172759
            ],
            [
              14.3033616,
              48.3172243
            ],
            [
              14.3031718,
              48.3171342
            ],
            [
              14.3030163,
              48.3170537
            ],
            [
              14.3028494,
              48.3169612
            ],
            [
              14.3026642,
              48.3168309
            ],
            [
              14.3024996,
              48.316709
            ],
            [
              14.3023612,
              48.3166013
            ],
            [
              14.3021836,
              48.3164564
            ],
            [
              14.3021253,
              48.3164071
            ],
            [
              14.3020419,
              48.3163309
            ],
            [
              14.3020077,
              48.3162999
            ],
            [
              14.3019644,
              48.3162599
            ],
            [
              14.3018645,
              48.3161656
            ],
            [
              14.3017801,
              48.3160797
            ],
            [
              14.3016757,
              48.3159962
            ],
            [
              14.3015761,
              48.3158867
            ],
            [
              14.3014804,
              48.3157804
            ],
            [
              14.3013978,
              48.3156907
            ],
            [
              14.3013141,
              48.3155963
            ],
            [
              14.3012476,
              48.3154659
            ],
            [
              14.3010535,
              48.315262
            ],
            [
              14.3009528,
              48.3151579
            ],
            [
              14.3008084,
              48.3150069
            ],
            [
              14.3007555,
              48.3149518
            ],
            [
              14.300672,
              48.3148643
            ],
            [
              14.3006219,
              48.3148145
            ],
            [
              14.3005701,
              48.3147629
            ],
            [
              14.3005325,
              48.3147255
            ],
            [
              14.3004616,
              48.3146538
            ],
            [
              14.3004494,
              48.3146417
            ],
            [
              14.3003771,
              48.3145673
            ],
            [
              14.3000425,
              48.3142382
            ],
            [
              14.2999058,
              48.3141038
            ],
            [
              14.2997471,
              48.3139496
            ],
            [
              14.2996687,
              48.3138809
            ],
            [
              14.2995563,
              48.3137863
            ],
            [
              14.2996978,
              48.3137274
            ],
            [
              14.2997391,
              48.3137091
            ],
            [
              14.3000075,
              48.3135951
            ],
            [
              14.3000997,
              48.3135559
            ],
            [
              14.3003158,
              48.3134673
            ],
            [
              14.3006479,
              48.3133298
            ],
            [
              14.300801,
              48.3132702
            ],
            [
              14.3009665,
              48.3132058
            ],
            [
              14.3010476,
              48.3131753
            ],
            [
              14.3011639,
              48.3131289
            ],
            [
              14.3012587,
              48.3130865
            ],
            [
              14.3013142,
              48.3130571
            ],
            [
              14.3013579,
              48.3130278
            ],
            [
              14.3014531,
              48.312952
            ],
            [
              14.3016516,
              48.3127644
            ],
            [
              14.301698,
              48.3127194
            ],
            [
              14.3017434,
              48.3126753
            ],
            [
              14.3018376,
              48.312584
            ],
            [
              14.3019879,
              48.3124315
            ],
            [
              14.3021324,
              48.3122794
            ],
            [
              14.3021562,
              48.3122525
            ],
            [
              14.3022799,
              48.3121126
            ],
            [
              14.3024515,
              48.3119185
            ],
            [
              14.3025768,
              48.3117768
            ],
            [
              14.3026498,
              48.3116943
            ],
            [
              14.3027378,
              48.3115948
            ],
            [
              14.3028362,
              48.311484
            ],
            [
              14.3029165,
              48.3113936
            ],
            [
              14.302996,
              48.3113006
            ],
            [
              14.3028776,
              48.3112685
            ],
            [
              14.3028168,
              48.311253
            ],
            [
              14.3025411,
              48.3111826
            ],
            [
              14.3024313,
              48.3111564
            ],
            [
              14.3023989,
              48.3111486
            ],
            [
              14.3022552,
              48.3111153
            ],
            [
              14.3017311,
              48.3109939
            ],
            [
              14.3016664,
              48.3109777
            ],
            [
              14.3014363,
              48.3109198
            ],
            [
              14.3013454,
              48.3108919
            ],
            [
              14.3012211,
              48.3108501
            ],
            [
              14.3011005,
              48.3107927
            ],
            [
              14.3006246,
              48.3105415
            ],
            [
              14.300255,
              48.3103373
            ],
            [
              14.3001563,
              48.3102842
            ],
            [
              14.3001348,
              48.3102726
            ],
            [
              14.2996816,
              48.3100286
            ],
            [
              14.2992641,
              48.3098037
            ],
            [
              14.2992385,
              48.3097899
            ],
            [
              14.2991637,
              48.3097496
            ],
            [
              14.2990477,
              48.3096872
            ],
            [
              14.2989456,
              48.3096326
            ],
            [
              14.2988302,
              48.3095688
            ],
            [
              14.298776,
              48.309539
            ],
            [
              14.2987203,
              48.3095083
            ],
            [
              14.298687,
              48.3094901
            ],
            [
              14.2985644,
              48.3094229
            ],
            [
              14.2984706,
              48.3093671
            ],
            [
              14.2984524,
              48.3093528
            ],
            [
              14.2983895,
              48.3093034
            ],
            [
              14.298313,
              48.3092233
            ],
            [
              14.2982975,
              48.309207
            ],
            [
              14.2982303,
              48.3091301
            ],
            [
              14.2981556,
              48.3090383
            ],
            [
              14.2980652,
              48.3089148
            ],
            [
              14.2980178,
              48.3088499
            ],
            [
              14.297862,
              48.3086343
            ],
            [
              14.2977897,
              48.3085536
            ],
            [
              14.2977351,
              48.3085096
            ],
            [
              14.2976267,
              48.308449
            ],
            [
              14.2975641,
              48.3084216
            ],
            [
              14.2974606,
              48.3083791
            ],
            [
              14.2968006,
              48.308015
            ],
            [
              14.2964802,
              48.3078383
            ],
            [
              14.296377,
              48.3077733
            ],
            [
              14.2962329,
              48.3076853
            ],
            [
              14.2961157,
              48.3076138
            ],
            [
              14.2960514,
              48.3075745
            ],
            [
              14.2958257,
              48.3074323
            ],
            [
              14.2956664,
              48.307336
            ],
            [
              14.2955649,
              48.3072754
            ],
            [
              14.2955402,
              48.3072606
            ],
            [
              14.2955158,
              48.3072461
            ],
            [
              14.2953091,
              48.3071508
            ],
            [
              14.2951255,
              48.3070677
            ],
            [
              14.2949429,
              48.3069986
            ],
            [
              14.2949051,
              48.3069869
            ],
            [
              14.2947385,
              48.306936
            ],
            [
              14.294654,
              48.3069112
            ],
            [
              14.2944419,
              48.3068492
            ],
            [
              14.2942792,
              48.3068071
            ],
            [
              14.2941957,
              48.3067589
            ],
            [
              14.2941194,
              48.306718
            ],
            [
              14.2941,
              48.3067115
            ],
            [
              14.2939467,
              48.3066599
            ],
            [
              14.2939147,
              48.3066539
            ],
            [
              14.2935741,
              48.30659
            ],
            [
              14.2935224,
              48.3065837
            ],
            [
              14.293497,
              48.3065805
            ],
            [
              14.293507,
              48.3065488
            ],
            [
              14.2935485,
              48.3064172
            ],
            [
              14.2936034,
              48.3062429
            ],
            [
              14.2936219,
              48.3061842
            ],
            [
              14.2935716,
              48.306176
            ],
            [
              14.2932357,
              48.3061212
            ],
            [
              14.2929164,
              48.3060676
            ],
            [
              14.2928507,
              48.3060554
            ],
            [
              14.2927172,
              48.3060273
            ],
            [
              14.2925149,
              48.3059851
            ],
            [
              14.2922144,
              48.3059207
            ],
            [
              14.2921601,
              48.3059091
            ],
            [
              14.2920832,
              48.3058904
            ],
            [
              14.2904245,
              48.3054867
            ],
            [
              14.2903948,
              48.3054795
            ],
            [
              14.2902944,
              48.3054551
            ],
            [
              14.290327,
              48.3054092
            ],
            [
              14.2903617,
              48.3053602
            ],
            [
              14.2903938,
              48.3053081
            ],
            [
              14.2903883,
              48.305255
            ],
            [
              14.2903653,
              48.3052089
            ],
            [
              14.2903098,
              48.3051742
            ],
            [
              14.2901708,
              48.3051337
            ],
            [
              14.2900904,
              48.3051125
            ],
            [
              14.289941,
              48.3050738
            ],
            [
              14.2898018,
              48.3050377
            ],
            [
              14.289578,
              48.3049671
            ],
            [
              14.2888693,
              48.3047015
            ],
            [
              14.2887438,
              48.3046442
            ],
            [
              14.2886627,
              48.3045939
            ],
            [
              14.2884017,
              48.3043994
            ],
            [
              14.2883463,
              48.3043582
            ],
            [
              14.2882534,
              48.3042857
            ],
            [
              14.2881267,
              48.304195
            ],
            [
              14.2881147,
              48.304187
            ],
            [
              14.2880825,
              48.3041657
            ],
            [
              14.2880316,
              48.304132
            ],
            [
              14.2880181,
              48.3041245
            ],
            [
              14.288004,
              48.3041169
            ],
            [
              14.2879404,
              48.304091
            ],
            [
              14.2878741,
              48.3040786
            ],
            [
              14.2871796,
              48.3040813
            ],
            [
              14.2870836,
              48.3040743
            ],
            [
              14.2869954,
              48.3040595
            ],
            [
              14.2869033,
              48.3040302
            ],
            [
              14.2868704,
              48.3040174
            ],
            [
              14.2857511,
              48.30358
            ],
            [
              14.2856568,
              48.303544
            ],
            [
              14.284949,
              48.3032677
            ],
            [
              14.2848948,
              48.3032568
            ],
            [
              14.2848365,
              48.3032556
            ],
            [
              14.2847928,
              48.3032599
            ],
            [
              14.2847521,
              48.3032735
            ],
            [
              14.2847204,
              48.3032938
            ],
            [
              14.2845276,
              48.303444
            ],
            [
              14.2842165,
              48.3036598
            ],
            [
              14.2840274,
              48.3037875
            ],
            [
              14.2839711,
              48.3038255
            ],
            [
              14.2835346,
              48.3041202
            ],
            [
              14.2834338,
              48.3041762
            ],
            [
              14.2833756,
              48.3042014
            ],
            [
              14.2832895,
              48.3042305
            ],
            [
              14.2831938,
              48.304255
            ],
            [
              14.283108,
              48.3042641
            ],
            [
              14.2830431,
              48.3042631
            ],
            [
              14.2829798,
              48.3042529
            ],
            [
              14.2829286,
              48.3042353
            ],
            [
              14.2828743,
              48.3042091
            ],
            [
              14.2828246,
              48.3041815
            ],
            [
              14.2825646,
              48.3040306
            ],
            [
              14.2819938,
              48.3036992
            ],
            [
              14.2814908,
              48.3034194
            ],
            [
              14.2811637,
              48.3032368
            ],
            [
              14.2811065,
              48.3032021
            ],
            [
              14.2810588,
              48.3031728
            ],
            [
              14.2811339,
              48.303096
            ],
            [
              14.2813875,
              48.3028365
            ],
            [
              14.2814215,
              48.3027981
            ],
            [
              14.2814996,
              48.3028071
            ],
            [
              14.2816234,
              48.3028073
            ],
            [
              14.2816442,
              48.3028067
            ],
            [
              14.281755,
              48.3028039
            ],
            [
              14.2818425,
              48.3027779
            ],
            [
              14.2819166,
              48.3027607
            ],
            [
              14.2819977,
              48.3027376
            ],
            [
              14.2820895,
              48.3026984
            ],
            [
              14.2822284,
              48.3026257
            ],
            [
              14.2822883,
              48.3025928
            ],
            [
              14.2823594,
              48.3025455
            ],
            [
              14.282386,
              48.3025254
            ],
            [
              14.2824555,
              48.3024767
            ],
            [
              14.2825613,
              48.3024356
            ],
            [
              14.2826766,
              48.3024122
            ],
            [
              14.2826948,
              48.3023613
            ],
            [
              14.2827004,
              48.3023302
            ],
            [
              14.2826948,
              48.3022408
            ],
            [
              14.2826657,
              48.3021125
            ],
            [
              14.2826376,
              48.3020052
            ],
            [
              14.2826007,
              48.3018814
            ],
            [
              14.282502,
              48.3015682
            ],
            [
              14.2824201,
              48.301316
            ],
            [
              14.2823406,
              48.3010678
            ],
            [
              14.2823351,
              48.3010323
            ],
            [
              14.2823206,
              48.3009734
            ],
            [
              14.2823066,
              48.3009076
            ],
            [
              14.2822539,
              48.3006597
            ],
            [
              14.2822429,
              48.3005964
            ],
            [
              14.2822378,
              48.300545
            ],
            [
              14.2822417,
              48.3004987
            ],
            [
              14.2822499,
              48.3004385
            ],
            [
              14.2822593,
              48.3004008
            ],
            [
              14.2820432,
              48.2999066
            ],
            [
              14.282015,
              48.2998438
            ],
            [
              14.2819985,
              48.299821
            ],
            [
              14.2819385,
              48.2997606
            ],
            [
              14.2818684,
              48.2996926
            ],
            [
              14.2818323,
              48.2996593
            ],
            [
              14.2817437,
              48.2995776
            ],
            [
              14.2817051,
              48.299542
            ],
            [
              14.2814738,
              48.2993702
            ],
            [
              14.2814216,
              48.2993315
            ],
            [
              14.281388,
              48.2993066
            ],
            [
              14.2813678,
              48.2992916
            ],
            [
              14.2813122,
              48.2992503
            ],
            [
              14.2812837,
              48.2992292
            ],
            [
              14.2812062,
              48.2991719
            ],
            [
              14.2811668,
              48.2991427
            ],
            [
              14.281121,
              48.2991088
            ],
            [
              14.2809708,
              48.2990067
            ],
            [
              14.2808169,
              48.2989021
            ],
            [
              14.2806211,
              48.298796
            ],
            [
              14.2803445,
              48.2986741
            ],
            [
              14.2801427,
              48.2985959
            ],
            [
              14.2800311,
              48.2985539
            ],
            [
              14.2798604,
              48.2984896
            ],
            [
              14.2796078,
              48.2984141
            ],
            [
              14.2792373,
              48.2983207
            ],
            [
              14.2788511,
              48.2982602
            ],
            [
              14.2782071,
              48.2981874
            ],
            [
              14.2781775,
              48.2981841
            ],
            [
              14.2774905,
              48.2981185
            ],
            [
              14.2768878,
              48.2980571
            ],
            [
              14.2768096,
              48.2980491
            ],
            [
              14.2767451,
              48.2980418
            ],
            [
              14.2763727,
              48.2980047
            ],
            [
              14.2759995,
              48.2979681
            ],
            [
              14.2757859,
              48.2979462
            ],
            [
              14.2756815,
              48.2979312
            ],
            [
              14.2756342,
              48.2979204
            ],
            [
              14.2755787,
              48.2978999
            ],
            [
              14.2755454,
              48.2978846
            ],
            [
              14.275507,
              48.2978626
            ],
            [
              14.2754717,
              48.2978395
            ],
            [
              14.2754425,
              48.2978143
            ],
            [
              14.2753632,
              48.2977335
            ],
            [
              14.2753344,
              48.2977003
            ],
            [
              14.2753108,
              48.2976668
            ],
            [
              14.2752778,
              48.2976032
            ],
            [
              14.2752563,
              48.2975373
            ],
            [
              14.275244,
              48.2974752
            ],
            [
              14.2751836,
              48.2970906
            ],
            [
              14.2751466,
              48.2968101
            ],
            [
              14.2751014,
              48.2964694
            ],
            [
              14.2750371,
              48.2961975
            ],
            [
              14.2749489,
              48.2958944
            ],
            [
              14.2748811,
              48.2957009
            ],
            [
              14.274842,
              48.2955894
            ],
            [
              14.2748005,
              48.2954025
            ],
            [
              14.2747929,
              48.295287
            ],
            [
              14.2747949,
              48.294674
            ],
            [
              14.2747924,
              48.294597
            ],
            [
              14.2747807,
              48.2945548
            ],
            [
              14.274763,
              48.2945151
            ],
            [
              14.2747276,
              48.2944831
            ],
            [
              14.2746919,
              48.2944516
            ],
            [
              14.2746424,
              48.2944183
            ],
            [
              14.2746004,
              48.2943892
            ],
            [
              14.2745352,
              48.2943503
            ],
            [
              14.2744662,
              48.2943116
            ],
            [
              14.2744162,
              48.294287
            ],
            [
              14.2743427,
              48.2942544
            ],
            [
              14.2740976,
              48.2941457
            ],
            [
              14.2737648,
              48.2939734
            ],
            [
              14.273703,
              48.293936
            ],
            [
              14.2736746,
              48.2939188
            ],
            [
              14.273439,
              48.2937677
            ],
            [
              14.2733669,
              48.2937215
            ],
            [
              14.2732556,
              48.2936501
            ],
            [
              14.2732041,
              48.2936173
            ],
            [
              14.2731488,
              48.293582
            ],
            [
              14.2730723,
              48.2935332
            ],
            [
              14.2729966,
              48.2934849
            ],
            [
              14.272968,
              48.2934672
            ],
            [
              14.2729186,
              48.2934365
            ],
            [
              14.2728774,
              48.293411
            ],
            [
              14.2727867,
              48.293364
            ],
            [
              14.2727011,
              48.2933264
            ],
            [
              14.2726484,
              48.2933048
            ],
            [
              14.2726298,
              48.2932972
            ],
            [
              14.2725296,
              48.2932652
            ],
            [
              14.2723552,
              48.293212
            ],
            [
              14.2722495,
              48.2931883
            ],
            [
              14.2721258,
              48.2931655
            ],
            [
              14.2720153,
              48.2931494
            ],
            [
              14.271901,
              48.293141
            ],
            [
              14.2717664,
              48.2931368
            ],
            [
              14.2715744,
              48.2931419
            ],
            [
              14.2714166,
              48.2931507
            ],
            [
              14.2712787,
              48.2931591
            ],
            [
              14.2711239,
              48.2931596
            ],
            [
              14.2710125,
              48.2931517
            ],
            [
              14.270928,
              48.2931386
            ],
            [
              14.270805,
              48.293109
            ],
            [
              14.2707067,
              48.2930794
            ],
            [
              14.2705971,
              48.2930312
            ],
            [
              14.2704972,
              48.2929753
            ],
            [
              14.2704311,
              48.2929334
            ],
            [
              14.2703563,
              48.2928723
            ],
            [
              14.2703106,
              48.292821
            ],
            [
              14.2702643,
              48.2927639
            ],
            [
              14.2702264,
              48.2927122
            ],
            [
              14.2701783,
              48.2926524
            ],
            [
              14.2701574,
              48.292616
            ],
            [
              14.2701266,
              48.2925609
            ],
            [
              14.2702729,
              48.2925509
            ],
            [
              14.2703129,
              48.2925481
            ],
            [
              14.2704108,
              48.2925411
            ],
            [
              14.270532,
              48.2925284
            ],
            [
              14.2707286,
              48.2925007
            ],
            [
              14.2709428,
              48.2924629
            ],
            [
              14.2710246,
              48.2924436
            ],
            [
              14.2711279,
              48.2924188
            ],
            [
              14.2712492,
              48.2923858
            ],
            [
              14.2713754,
              48.2923495
            ],
            [
              14.2715099,
              48.2923048
            ],
            [
              14.2717561,
              48.2922063
            ],
            [
              14.2721545,
              48.2920505
            ],
            [
              14.2723473,
              48.2919781
            ],
            [
              14.2726202,
              48.2918716
            ],
            [
              14.2725769,
              48.2918218
            ],
            [
              14.2725635,
              48.2918022
            ],
            [
              14.2725549,
              48.2917832
            ],
            [
              14.2725514,
              48.291771
            ],
            [
              14.2725486,
              48.2917473
            ],
            [
              14.2725502,
              48.2917273
            ],
            [
              14.2725544,
              48.2917077
            ],
            [
              14.2725655,
              48.2916749
            ],
            [
              14.2725937,
              48.2916086
            ],
            [
              14.2726176,
              48.2915525
            ],
            [
              14.2726566,
              48.2914507
            ],
            [
              14.2726958,
              48.2913365
            ],
            [
              14.2727107,
              48.2912862
            ],
            [
              14.2727245,
              48.2912335
            ],
            [
              14.2727382,
              48.2911776
            ],
            [
              14.2727492,
              48.2911152
            ],
            [
              14.2727606,
              48.291037
            ],
            [
              14.272763,
              48.2910122
            ],
            [
              14.2727696,
              48.2909457
            ],
            [
              14.2727805,
              48.2908137
            ],
            [
              14.2727862,
              48.2907211
            ],
            [
              14.2727911,
              48.2905989
            ],
            [
              14.2728103,
              48.2902092
            ],
            [
              14.2728189,
              48.2900349
            ],
            [
              14.2728324,
              48.2898583
            ],
            [
              14.2728369,
              48.289738
            ],
            [
              14.2728416,
              48.2896598
            ],
            [
              14.272853,
              48.2895461
            ],
            [
              14.2728744,
              48.2894615
            ],
            [
              14.2729063,
              48.2893856
            ],
            [
              14.2729122,
              48.2893751
            ],
            [
              14.2729404,
              48.2893253
            ],
            [
              14.2729488,
              48.2893104
            ],
            [
              14.2730035,
              48.2892315
            ],
            [
              14.2730759,
              48.2891551
            ],
            [
              14.2731832,
              48.2890647
            ],
            [
              14.2732531,
              48.2890132
            ],
            [
              14.2733323,
              48.2889698
            ],
            [
              14.273509,
              48.2888743
            ],
            [
              14.2737363,
              48.2887624
            ],
            [
              14.2737555,
              48.2887535
            ],
            [
              14.2739179,
              48.2886782
            ],
            [
              14.2739934,
              48.2886432
            ],
            [
              14.2740585,
              48.2886131
            ],
            [
              14.2741321,
              48.288579
            ],
            [
              14.2742797,
              48.2885105
            ],
            [
              14.2744197,
              48.2884468
            ],
            [
              14.2750656,
              48.2881529
            ],
            [
              14.2756445,
              48.2878826
            ],
            [
              14.2757315,
              48.287842
            ],
            [
              14.2765478,
              48.2874612
            ],
            [
              14.2768549,
              48.287318
            ],
            [
              14.2770033,
              48.2872492
            ],
            [
              14.2772583,
              48.2871311
            ],
            [
              14.277279,
              48.2871215
            ],
            [
              14.277495,
              48.2870214
            ],
            [
              14.2775642,
              48.2869893
            ],
            [
              14.2776585,
              48.2869456
            ],
            [
              14.277703,
              48.286925
            ],
            [
              14.2779515,
              48.2868098
            ],
            [
              14.2779791,
              48.286797
            ],
            [
              14.2784355,
              48.2865855
            ],
            [
              14.2786624,
              48.2864804
            ],
            [
              14.2788497,
              48.28639
            ],
            [
              14.2790651,
              48.2862917
            ],
            [
              14.279459,
              48.2861074
            ],
            [
              14.2797957,
              48.2859512
            ],
            [
              14.2798549,
              48.2859235
            ],
            [
              14.2798945,
              48.2859049
            ],
            [
              14.2799299,
              48.2858884
            ],
            [
              14.2802738,
              48.2857273
            ],
            [
              14.280314,
              48.2857109
            ],
            [
              14.2804328,
              48.2856808
            ],
            [
              14.280665,
              48.2856491
            ],
            [
              14.2822618,
              48.2854313
            ],
            [
              14.2824707,
              48.2854028
            ],
            [
              14.2824968,
              48.2853992
            ],
            [
              14.2827198,
              48.2853691
            ],
            [
              14.2829548,
              48.2853367
            ],
            [
              14.2830943,
              48.2853234
            ],
            [
              14.2832096,
              48.2853176
            ],
            [
              14.2840454,
              48.2852759
            ],
            [
              14.2844201,
              48.2852572
            ],
            [
              14.2845825,
              48.2852491
            ],
            [
              14.2850718,
              48.2852178
            ],
            [
              14.2852652,
              48.2852054
            ],
            [
              14.2856526,
              48.2851796
            ],
            [
              14.2856675,
              48.2851786
            ],
            [
              14.2857335,
              48.2851742
            ],
            [
              14.2858016,
              48.2851614
            ],
            [
              14.2859219,
              48.2851133
            ],
            [
              14.2860215,
              48.2852242
            ],
            [
              14.286048,
              48.2852654
            ],
            [
              14.2862341,
              48.285557
            ],
            [
              14.2862697,
              48.2856127
            ],
            [
              14.286291,
              48.2856461
            ],
            [
              14.2864889,
              48.2859562
            ],
            [
              14.2867281,
              48.2863311
            ],
            [
              14.2872198,
              48.287143
            ],
            [
              14.2873536,
              48.2873639
            ],
            [
              14.287489,
              48.2874956
            ],
            [
              14.2876106,
              48.2876972
            ],
            [
              14.2876203,
              48.2877147
            ],
            [
              14.2876924,
              48.2878444
            ],
            [
              14.2877235,
              48.2879584
            ],
            [
              14.287723,
              48.2880972
            ],
            [
              14.2877212,
              48.2881684
            ],
            [
              14.2877186,
              48.2882462
            ],
            [
              14.2877062,
              48.2883692
            ],
            [
              14.2876821,
              48.2885693
            ],
            [
              14.2876689,
              48.2886508
            ],
            [
              14.2876616,
              48.2886958
            ],
            [
              14.2876519,
              48.2887552
            ],
            [
              14.2876312,
              48.2889209
            ],
            [
              14.2876346,
              48.2891054
            ],
            [
              14.287636,
              48.2892835
            ],
            [
              14.2876356,
              48.2893006
            ],
            [
              14.287636,
              48.2893439
            ],
            [
              14.2876366,
              48.2894003
            ],
            [
              14.2876373,
              48.2894265
            ],
            [
              14.2876389,
              48.2894921
            ],
            [
              14.287657,
              48.2895813
            ],
            [
              14.2876971,
              48.2896823
            ],
            [
              14.2877348,
              48.2897604
            ],
            [
              14.2877742,
              48.2898288
            ],
            [
              14.2877862,
              48.2898483
            ],
            [
              14.2878535,
              48.2899141
            ],
            [
              14.2879226,
              48.2899829
            ],
            [
              14.2879571,
              48.2900101
            ],
            [
              14.2880431,
              48.2900765
            ],
            [
              14.2880855,
              48.2901073
            ],
            [
              14.2881649,
              48.2901643
            ],
            [
              14.2882996,
              48.2902419
            ],
            [
              14.2888147,
              48.2904369
            ],
            [
              14.2890849,
              48.2905398
            ],
            [
              14.289157,
              48.2905673
            ],
            [
              14.2892542,
              48.2905863
            ],
            [
              14.2893375,
              48.2906029
            ],
            [
              14.2895209,
              48.2906481
            ],
            [
              14.2897091,
              48.2906224
            ],
            [
              14.2897448,
              48.2906272
            ],
            [
              14.2899265,
              48.2907013
            ],
            [
              14.2900077,
              48.2907428
            ],
            [
              14.290076,
              48.2907847
            ],
            [
              14.2901344,
              48.290832
            ],
            [
              14.2901896,
              48.2908899
            ],
            [
              14.2904739,
              48.2912259
            ],
            [
              14.2905788,
              48.2913499
            ],
            [
              14.2909659,
              48.2918075
            ],
            [
              14.2909872,
              48.2918409
            ],
            [
              14.2909871,
              48.2918616
            ],
            [
              14.2909863,
              48.2918814
            ],
            [
              14.2909689,
              48.2919291
            ],
            [
              14.2909639,
              48.2919481
            ],
            [
              14.290963,
              48.2919594
            ],
            [
              14.2909653,
              48.2919717
            ],
            [
              14.291022,
              48.2920416
            ],
            [
              14.2913042,
              48.2923777
            ],
            [
              14.2916737,
              48.292817
            ],
            [
              14.2919681,
              48.293167
            ],
            [
              14.2920222,
              48.2932314
            ],
            [
              14.2921216,
              48.2933496
            ],
            [
              14.2923422,
              48.2934915
            ],
            [
              14.2924002,
              48.2935727
            ],
            [
              14.2924901,
              48.2937115
            ],
            [
              14.292616,
              48.2938671
            ],
            [
              14.2927045,
              48.2939549
            ],
            [
              14.2927875,
              48.2940237
            ],
            [
              14.2928843,
              48.2940837
            ],
            [
              14.2929974,
              48.2941268
            ],
            [
              14.2931404,
              48.2941547
            ],
            [
              14.2933082,
              48.294159
            ],
            [
              14.2937414,
              48.2941435
            ],
            [
              14.2938058,
              48.2941412
            ],
            [
              14.2938607,
              48.2941411
            ],
            [
              14.2940624,
              48.2941409
            ],
            [
              14.2942374,
              48.2941492
            ],
            [
              14.294295,
              48.2941546
            ],
            [
              14.2944108,
              48.2941745
            ],
            [
              14.2945178,
              48.2942062
            ],
            [
              14.2945938,
              48.2942393
            ],
            [
              14.2946465,
              48.2942726
            ],
            [
              14.2946923,
              48.2943117
            ],
            [
              14.2949255,
              48.2945319
            ],
            [
              14.2950676,
              48.2946467
            ],
            [
              14.2951207,
              48.2946895
            ],
            [
              14.2951866,
              48.2947427
            ],
            [
              14.2954686,
              48.2949448
            ],
            [
              14.2955269,
              48.2949854
            ],
            [
              14.295653,
              48.2950708
            ],
            [
              14.2958842,
              48.2952359
            ],
            [
              14.2960275,
              48.295368
            ],
            [
              14.2961252,
              48.2954581
            ],
            [
              14.2961688,
              48.2954893
            ],
            [
              14.2962441,
              48.2955182
            ],
            [
              14.2963308,
              48.2955304
            ],
            [
              14.2964045,
              48.295527
            ],
            [
              14.2964794,
              48.2955126
            ],
            [
              14.296551,
              48.2954974
            ],
            [
              14.2966662,
              48.2954598
            ],
            [
              14.2970061,
              48.2951526
            ],
            [
              14.2970733,
              48.2950926
            ],
            [
              14.2971152,
              48.2950556
            ],
            [
              14.2972221,
              48.2949693
            ],
            [
              14.297318,
              48.2948983
            ],
            [
              14.2974431,
              48.2948187
            ],
            [
              14.2975561,
              48.2947504
            ],
            [
              14.2978819,
              48.2945874
            ],
            [
              14.2979881,
              48.2945236
            ],
            [
              14.2980979,
              48.2944468
            ],
            [
              14.2981739,
              48.2943731
            ],
            [
              14.2982769,
              48.2942607
            ],
            [
              14.2985069,
              48.294014
            ],
            [
              14.2985755,
              48.2939404
            ],
            [
              14.2991287,
              48.2933468
            ],
            [
              14.2994359,
              48.2930082
            ],
            [
              14.2994657,
              48.2929747
            ],
            [
              14.2995121,
              48.2929226
            ],
            [
              14.2995565,
              48.2928727
            ],
            [
              14.2998686,
              48.2925376
            ],
            [
              14.3000623,
              48.2923297
            ],
            [
              14.3001123,
              48.2922761
            ],
            [
              14.3001536,
              48.2922318
            ],
            [
              14.300163,
              48.2922217
            ],
            [
              14.3002217,
              48.2921586
            ],
            [
              14.3004429,
              48.2919226
            ],
            [
              14.3004879,
              48.2918745
            ],
            [
              14.3005165,
              48.2918421
            ],
            [
              14.3006503,
              48.2917241
            ],
            [
              14.3007552,
              48.2917656
            ],
            [
              14.3008363,
              48.2917976
            ],
            [
              14.3014851,
              48.2920538
            ],
            [
              14.3015822,
              48.2920841
            ],
            [
              14.3016479,
              48.2921027
            ],
            [
              14.3017644,
              48.2921315
            ],
            [
              14.301863,
              48.292136
            ],
            [
              14.3020357,
              48.2921368
            ],
            [
              14.3021577,
              48.292137
            ],
            [
              14.302219,
              48.2921427
            ],
            [
              14.3024963,
              48.2921723
            ],
            [
              14.3025378,
              48.2921767
            ],
            [
              14.3027756,
              48.292203
            ],
            [
              14.3028553,
              48.2922121
            ],
            [
              14.3034819,
              48.2922938
            ],
            [
              14.3037608,
              48.2923231
            ],
            [
              14.3046589,
              48.2924087
            ],
            [
              14.3047692,
              48.292421
            ],
            [
              14.3048912,
              48.2924109
            ],
            [
              14.304965,
              48.2924087
            ],
            [
              14.305146,
              48.2924034
            ],
            [
              14.305322,
              48.2924001
            ],
            [
              14.3053741,
              48.2923975
            ],
            [
              14.3055202,
              48.2923958
            ],
            [
              14.3057153,
              48.2923949
            ],
            [
              14.3057462,
              48.2924792
            ],
            [
              14.3057628,
              48.2925846
            ],
            [
              14.3057632,
              48.2928928
            ],
            [
              14.3057431,
              48.2930394
            ],
            [
              14.3057058,
              48.2932381
            ],
            [
              14.3056723,
              48.2933719
            ],
            [
              14.3056726,
              48.2934988
            ],
            [
              14.3056773,
              48.293634
            ],
            [
              14.3056836,
              48.2937934
            ],
            [
              14.3056915,
              48.2941157
            ],
            [
              14.3056942,
              48.2942439
            ],
            [
              14.3057001,
              48.2943929
            ],
            [
              14.3057126,
              48.2945843
            ],
            [
              14.3057205,
              48.294677
            ],
            [
              14.3057308,
              48.2947839
            ],
            [
              14.3057448,
              48.2948704
            ],
            [
              14.3057629,
              48.2949427
            ],
            [
              14.3057918,
              48.2950119
            ],
            [
              14.3058233,
              48.2950699
            ],
            [
              14.3058541,
              48.2951154
            ],
            [
              14.3059066,
              48.2951802
            ],
            [
              14.3060137,
              48.2953103
            ],
            [
              14.3060714,
              48.2953763
            ],
            [
              14.3062107,
              48.2955186
            ],
            [
              14.3066173,
              48.2959314
            ],
            [
              14.3068257,
              48.2961511
            ],
            [
              14.3068727,
              48.2962006
            ],
            [
              14.3069796,
              48.296309
            ],
            [
              14.3071272,
              48.2963638
            ],
            [
              14.3072469,
              48.2964073
            ],
            [
              14.3072868,
              48.2964191
            ],
            [
              14.3073693,
              48.2964334
            ],
            [
              14.3074202,
              48.2964412
            ],
            [
              14.3074688,
              48.2964441
            ],
            [
              14.3075205,
              48.2964436
            ],
            [
              14.3075842,
              48.2964365
            ],
            [
              14.3078129,
              48.2963103
            ],
            [
              14.3079893,
              48.2962136
            ],
            [
              14.3080519,
              48.2961792
            ],
            [
              14.3084894,
              48.2959391
            ],
            [
              14.3085878,
              48.2958851
            ],
            [
              14.3088073,
              48.2957634
            ],
            [
              14.3090675,
              48.2956191
            ],
            [
              14.3092517,
              48.295517
            ],
            [
              14.3094348,
              48.2954158
            ],
            [
              14.3098991,
              48.2951593
            ],
            [
              14.3099767,
              48.2951156
            ],
            [
              14.3102329,
              48.2949713
            ],
            [
              14.3104614,
              48.2948435
            ],
            [
              14.3106279,
              48.2947503
            ],
            [
              14.3110356,
              48.2945222
            ],
            [
              14.311252,
              48.2944012
            ],
            [
              14.3113518,
              48.29435
            ],
            [
              14.3114387,
              48.2943053
            ],
            [
              14.3115505,
              48.2942479
            ],
            [
              14.3115944,
              48.2942254
            ],
            [
              14.311852,
              48.2940828
            ],
            [
              14.3121159,
              48.2939366
            ],
            [
              14.3121661,
              48.2939088
            ],
            [
              14.3124144,
              48.2937713
            ],
            [
              14.3131655,
              48.2933554
            ],
            [
              14.3133377,
              48.2932623
            ],
            [
              14.3133864,
              48.293236
            ],
            [
              14.3134747,
              48.2931883
            ],
            [
              14.3136802,
              48.2930772
            ],
            [
              14.3138785,
              48.29297
            ],
            [
              14.3140077,
              48.2928989
            ],
            [
              14.3142533,
              48.2927637
            ],
            [
              14.3146418,
              48.2925499
            ],
            [
              14.3152364,
              48.2922227
            ],
            [
              14.315309,
              48.2921833
            ],
            [
              14.3154044,
              48.2921316
            ],
            [
              14.3155024,
              48.2920787
            ],
            [
              14.3155641,
              48.2920454
            ],
            [
              14.3162947,
              48.2916378
            ],
            [
              14.3171652,
              48.2911522
            ],
            [
              14.3172259,
              48.2911184
            ],
            [
              14.317328,
              48.2910614
            ],
            [
              14.3174805,
              48.2909763
            ],
            [
              14.3175306,
              48.2909486
            ],
            [
              14.3175807,
              48.2909209
            ],
            [
              14.317779,
              48.2908113
            ],
            [
              14.3186125,
              48.2903395
            ],
            [
              14.3189669,
              48.2901468
            ],
            [
              14.3194323,
              48.2898938
            ],
            [
              14.3194973,
              48.289858
            ],
            [
              14.3199242,
              48.2896223
            ],
            [
              14.3203902,
              48.2893599
            ],
            [
              14.3204098,
              48.289349
            ],
            [
              14.3204847,
              48.289273
            ],
            [
              14.320508,
              48.2892577
            ],
            [
              14.3205591,
              48.2892292
            ],
            [
              14.3206322,
              48.2891784
            ],
            [
              14.3207,
              48.2891183
            ],
            [
              14.3207303,
              48.28908
            ],
            [
              14.3207898,
              48.2890167
            ],
            [
              14.3208067,
              48.2889788
            ],
            [
              14.3208112,
              48.2889467
            ],
            [
              14.3208149,
              48.28892
            ],
            [
              14.3208148,
              48.2888793
            ],
            [
              14.3208076,
              48.2888266
            ],
            [
              14.3207924,
              48.288769
            ],
            [
              14.3207742,
              48.2887302
            ],
            [
              14.3207462,
              48.2886852
            ]
          ],
          [
            [
              14.3229547,
              48.2872599
            ],
            [
              14.3231209,
              48.2868949
            ]
          ],
          [
            [
              14.3177249,
              48.2907335
            ],
            [
              14.3174026,
              48.2909164
            ]
          ],
          [
            [
              14.3136187,
              48.293006
            ],
            [
              14.3136366,
              48.2930204
            ],
            [
              14.3133677,
              48.2931683
            ],
            [
              14.3133492,
              48.2931534
            ]
          ],
          [
            [
              14.3103889,
              48.2947492
            ],
            [
              14.3104173,
              48.2947723
            ],
            [
              14.3101758,
              48.294904
            ],
            [
              14.3101483,
              48.2948817
            ]
          ],
          [
            [
              14.3077478,
              48.2962069
            ],
            [
              14.3077572,
              48.2962156
            ],
            [
              14.3075091,
              48.2963507
            ],
            [
              14.3074979,
              48.2963421
            ]
          ],
          [
            [
              14.3058921,
              48.2927403
            ],
            [
              14.3058591,
              48.2927414
            ],
            [
              14.305873,
              48.2928954
            ],
            [
              14.3059028,
              48.2929052
            ]
          ],
          [
            [
              14.3027223,
              48.2920381
            ],
            [
              14.3026084,
              48.2920816
            ],
            [
              14.3024292,
              48.2920624
            ],
            [
              14.3023413,
              48.292053
            ],
            [
              14.3021706,
              48.2920347
            ]
          ],
          [
            [
              14.2970406,
              48.2950033
            ],
            [
              14.2970721,
              48.294972
            ],
            [
              14.297134,
              48.2949236
            ],
            [
              14.2971962,
              48.2948801
            ],
            [
              14.297313,
              48.2948123
            ]
          ],
          [
            [
              14.2938103,
              48.2940478
            ],
            [
              14.2938104,
              48.2940632
            ],
            [
              14.2936045,
              48.2940643
            ],
            [
              14.2934489,
              48.294079
            ],
            [
              14.2934466,
              48.2940671
            ]
          ],
          [
            [
              14.2902328,
              48.2908133
            ],
            [
              14.2902412,
              48.2908624
            ],
            [
              14.2902796,
              48.2908946
            ],
            [
              14.2903734,
              48.2909894
            ],
            [
              14.2905946,
              48.2912475
            ],
            [
              14.2906501,
              48.2912521
            ]
          ],
          [
            [
              14.2880144,
              48.2899953
            ],
            [
              14.2880625,
              48.2900335
            ],
            [
              14.2881326,
              48.2900887
            ]
          ],
          [
            [
              14.2877832,
              48.2889294
            ],
            [
              14.2877702,
              48.2889608
            ],
            [
              14.287754,
              48.2890997
            ],
            [
              14.2877572,
              48.2891455
            ]
          ],
          [
            [
              14.2862842,
              48.2854136
            ],
            [
              14.2864073,
              48.2856041
            ]
          ],
          [
            [
              14.2802768,
              48.2856462
            ],
            [
              14.2802218,
              48.2856709
            ],
            [
              14.2800321,
              48.2857558
            ]
          ],
          [
            [
              14.2777688,
              48.2868302
            ],
            [
              14.2779337,
              48.2867521
            ]
          ],
          [
            [
              14.2739651,
              48.2885609
            ],
            [
              14.2739833,
              48.2885785
            ],
            [
              14.2742358,
              48.28847
            ]
          ],
          [
            [
              14.2718351,
              48.2920934
            ],
            [
              14.2716753,
              48.2921561
            ],
            [
              14.2715723,
              48.2921965
            ]
          ],
          [
            [
              14.2746784,
              48.2945317
            ],
            [
              14.2746885,
              48.2945285
            ],
            [
              14.2746597,
              48.294497
            ],
            [
              14.2745824,
              48.2944375
            ],
            [
              14.2745381,
              48.2944083
            ],
            [
              14.2744595,
              48.2943691
            ],
            [
              14.2744553,
              48.2943736
            ]
          ],
          [
            [
              14.2820838,
              48.3026588
            ],
            [
              14.2822218,
              48.3025904
            ]
          ],
          [
            [
              14.2829399,
              48.3043067
            ],
            [
              14.2828806,
              48.3042707
            ],
            [
              14.2827949,
              48.3042188
            ]
          ],
          [
            [
              14.2882225,
              48.3043254
            ],
            [
              14.2880794,
              48.3042283
            ]
          ],
          [
            [
              14.2932084,
              48.3061632
            ],
            [
              14.2934096,
              48.306205
            ]
          ],
          [
            [
              14.2963106,
              48.3078011
            ],
            [
              14.2961785,
              48.307722
            ]
          ],
          [
            [
              14.2988883,
              48.3096593
            ],
            [
              14.2986991,
              48.30956
            ]
          ],
          [
            [
              14.3026205,
              48.311274
            ],
            [
              14.302352,
              48.3112116
            ]
          ],
          [
            [
              14.3008739,
              48.3153123
            ],
            [
              14.3008755,
              48.3152782
            ],
            [
              14.3007308,
              48.3151222
            ],
            [
              14.3006919,
              48.3151065
            ]
          ],
          [
            [
              14.3061173,
              48.3180622
            ],
            [
              14.3057836,
              48.3179739
            ]
          ],
          [
            [
              14.3119042,
              48.3153822
            ],
            [
              14.3118593,
              48.3153736
            ],
            [
              14.3119248,
              48.3152504
            ],
            [
              14.3119704,
              48.3152624
            ]
          ],
          [
            [
              14.3130889,
              48.3129163
            ],
            [
              14.3129536,
              48.313197
            ],
            [
              14.3129945,
              48.3132054
            ]
          ],
          [
            [
              14.3145523,
              48.3100952
            ],
            [
              14.31451,
              48.3100864
            ],
            [
              14.3143485,
              48.3104306
            ],
            [
              14.3143903,
              48.3104392
            ]
          ],
          [
            [
              14.3166418,
              48.3062116
            ],
            [
              14.3166137,
              48.3062043
            ],
            [
              14.316525,
              48.3063565
            ],
            [
              14.3165554,
              48.3063644
            ]
          ],
          [
            [
              14.321303,
              48.3000545
            ],
            [
              14.321661,
              48.2997026
            ]
          ]
        ]
      },
      "id": "relation/403052"
    },
    {
      "type": "Feature",
      "properties": {
        "@id": "relation/1148635",
        "alternate": "no",
        "colour": "#9FCA66",
        "from": "Chemiepark",
        "gtfs:feed": "AT-Linz_AG",
        "gtfs:route_id": "at:esg:27:",
        "gtfs:shape_id": "2-27-E-e25-1.2.R",
        "gtfs:trip_id:like": "%2-27-E-e25-1.2.R",
        "gtfs:trip_id:sample": "8.TA.2-27-E-e25-1.2.R",
        "name": "Bus 27: Chemiepark => Fernheizkraftwerk",
        "network": "Oberösterreichischer Verkehrsverbund",
        "network:short": "OÖVV",
        "network:wikidata": "Q2011605",
        "network:wikipedia": "de:Oberösterreichischer Verkehrsverbund",
        "operator": "Linz Linien GmbH",
        "public_transport:version": "2",
        "ref": "27",
        "route": "bus",
        "to": "Fernheizkraftwerk",
        "type": "route"
      },
      "geometry": {
        "type": "MultiLineString",
        "coordinates": [
          [
            [
              14.3217278,
              48.2997895
            ],
            [
              14.3214364,
              48.3000718
            ],
            [
              14.3213142,
              48.3001897
            ],
            [
              14.3211118,
              48.3003929
            ],
            [
              14.3209456,
              48.3005545
            ],
            [
              14.3206933,
              48.300797
            ],
            [
              14.3203012,
              48.3011866
            ],
            [
              14.3202643,
              48.3012227
            ],
            [
              14.3201284,
              48.3013513
            ],
            [
              14.3200122,
              48.3014507
            ],
            [
              14.3194391,
              48.3020219
            ],
            [
              14.3194093,
              48.3020529
            ],
            [
              14.3192856,
              48.3021817
            ],
            [
              14.3190851,
              48.302405
            ],
            [
              14.3189126,
              48.3026119
            ],
            [
              14.3185244,
              48.3030799
            ],
            [
              14.3184512,
              48.3031717
            ],
            [
              14.3183249,
              48.3033186
            ],
            [
              14.3180384,
              48.3036997
            ],
            [
              14.3178906,
              48.3039011
            ],
            [
              14.3177782,
              48.3040616
            ],
            [
              14.317623,
              48.3042995
            ],
            [
              14.3173829,
              48.3046583
            ],
            [
              14.3173128,
              48.304778
            ],
            [
              14.3172511,
              48.3048836
            ],
            [
              14.3171889,
              48.3049897
            ],
            [
              14.3171128,
              48.3051178
            ],
            [
              14.3170247,
              48.3052662
            ],
            [
              14.316905,
              48.3054677
            ],
            [
              14.3168217,
              48.305608
            ],
            [
              14.3167576,
              48.3057266
            ],
            [
              14.3167402,
              48.3057588
            ],
            [
              14.316437,
              48.3063196
            ],
            [
              14.3163387,
              48.3065015
            ],
            [
              14.3162328,
              48.3066869
            ],
            [
              14.3160388,
              48.3070264
            ],
            [
              14.31601,
              48.3070769
            ],
            [
              14.315923,
              48.3072291
            ],
            [
              14.315831,
              48.3073902
            ],
            [
              14.3157628,
              48.3075096
            ],
            [
              14.3157281,
              48.3075703
            ],
            [
              14.3156984,
              48.3076231
            ],
            [
              14.3156865,
              48.3076444
            ],
            [
              14.3155783,
              48.3078324
            ],
            [
              14.3154704,
              48.3080455
            ],
            [
              14.315466,
              48.308054
            ],
            [
              14.3153936,
              48.3081862
            ],
            [
              14.3152244,
              48.3084954
            ],
            [
              14.3151986,
              48.3085376
            ],
            [
              14.3151605,
              48.3086071
            ],
            [
              14.3150289,
              48.3088506
            ],
            [
              14.3149187,
              48.3090535
            ],
            [
              14.3148227,
              48.3092328
            ],
            [
              14.3147792,
              48.3093141
            ],
            [
              14.3146231,
              48.3096053
            ],
            [
              14.3145944,
              48.3096552
            ],
            [
              14.3145738,
              48.3096964
            ],
            [
              14.3145592,
              48.3097289
            ],
            [
              14.3144764,
              48.3099338
            ],
            [
              14.3143501,
              48.310019
            ],
            [
              14.314328,
              48.3100486
            ],
            [
              14.3142587,
              48.3102038
            ],
            [
              14.3141497,
              48.3104486
            ],
            [
              14.3141137,
              48.3105303
            ],
            [
              14.3140731,
              48.3106192
            ],
            [
              14.3139814,
              48.3108201
            ],
            [
              14.3139693,
              48.3108452
            ],
            [
              14.3139382,
              48.3109045
            ],
            [
              14.3138736,
              48.3110191
            ],
            [
              14.3137793,
              48.31116
            ],
            [
              14.3137128,
              48.3112545
            ],
            [
              14.3136554,
              48.3113361
            ],
            [
              14.3135674,
              48.3114681
            ],
            [
              14.3134976,
              48.3115837
            ],
            [
              14.3134875,
              48.3116004
            ],
            [
              14.3134311,
              48.31171
            ],
            [
              14.3133971,
              48.3117725
            ],
            [
              14.3133493,
              48.3118575
            ],
            [
              14.3131901,
              48.3121905
            ],
            [
              14.3131438,
              48.312299
            ],
            [
              14.3129926,
              48.3126256
            ],
            [
              14.312942,
              48.3127491
            ],
            [
              14.3128927,
              48.3128724
            ],
            [
              14.3128664,
              48.312932
            ],
            [
              14.3127767,
              48.3131353
            ],
            [
              14.3127031,
              48.3132682
            ],
            [
              14.3125463,
              48.313599
            ],
            [
              14.3125051,
              48.3136743
            ],
            [
              14.3124907,
              48.3137032
            ],
            [
              14.3124677,
              48.3137447
            ],
            [
              14.3122831,
              48.3141562
            ],
            [
              14.312164,
              48.3144186
            ],
            [
              14.3120834,
              48.3145948
            ],
            [
              14.3120098,
              48.3147577
            ],
            [
              14.3119793,
              48.3148321
            ],
            [
              14.3119605,
              48.3148685
            ],
            [
              14.3119185,
              48.3149579
            ],
            [
              14.3118286,
              48.3151174
            ],
            [
              14.3117758,
              48.3152009
            ],
            [
              14.3116557,
              48.3154002
            ],
            [
              14.3115354,
              48.3155808
            ],
            [
              14.3115061,
              48.3156456
            ],
            [
              14.3115061,
              48.3157328
            ],
            [
              14.3113501,
              48.3159335
            ],
            [
              14.3112487,
              48.3160597
            ],
            [
              14.3110644,
              48.3163071
            ],
            [
              14.3109847,
              48.3164141
            ],
            [
              14.3108577,
              48.3165839
            ],
            [
              14.3103557,
              48.3172546
            ],
            [
              14.310164,
              48.3175225
            ],
            [
              14.3100817,
              48.317649
            ],
            [
              14.3099912,
              48.3177881
            ],
            [
              14.309904,
              48.3179221
            ],
            [
              14.3097957,
              48.3180359
            ],
            [
              14.3096639,
              48.3182981
            ],
            [
              14.3095916,
              48.3184343
            ],
            [
              14.3095587,
              48.3184817
            ],
            [
              14.3095116,
              48.3185225
            ],
            [
              14.3094583,
              48.3185591
            ],
            [
              14.309403,
              48.3185903
            ],
            [
              14.3093536,
              48.3186113
            ],
            [
              14.3093184,
              48.3186231
            ],
            [
              14.3092662,
              48.318637
            ],
            [
              14.3092081,
              48.3186459
            ],
            [
              14.3091521,
              48.3186509
            ],
            [
              14.3090941,
              48.3186522
            ],
            [
              14.3090371,
              48.3186493
            ],
            [
              14.3089429,
              48.3186384
            ],
            [
              14.3088648,
              48.3186223
            ],
            [
              14.3086131,
              48.3185575
            ],
            [
              14.3084149,
              48.3185064
            ],
            [
              14.3082079,
              48.3184531
            ],
            [
              14.3080166,
              48.3184038
            ],
            [
              14.3078235,
              48.3183541
            ],
            [
              14.307624,
              48.3183027
            ],
            [
              14.3074269,
              48.3182519
            ],
            [
              14.3072321,
              48.3182018
            ],
            [
              14.3070363,
              48.3181513
            ],
            [
              14.3068484,
              48.3181029
            ],
            [
              14.3065058,
              48.3180147
            ],
            [
              14.306398,
              48.3179862
            ],
            [
              14.3061472,
              48.3179199
            ],
            [
              14.3057959,
              48.3178283
            ],
            [
              14.3056681,
              48.317795
            ],
            [
              14.3056,
              48.3177854
            ],
            [
              14.3054221,
              48.3177708
            ],
            [
              14.3052362,
              48.3177218
            ],
            [
              14.3051447,
              48.3176977
            ],
            [
              14.3051051,
              48.3176873
            ],
            [
              14.3048939,
              48.3176106
            ],
            [
              14.3046626,
              48.3175386
            ],
            [
              14.3043585,
              48.3174503
            ],
            [
              14.30432,
              48.3174398
            ],
            [
              14.3041716,
              48.317397
            ],
            [
              14.3039717,
              48.3173365
            ],
            [
              14.3037903,
              48.3172735
            ],
            [
              14.3035456,
              48.3171842
            ],
            [
              14.3033601,
              48.3171031
            ],
            [
              14.3032109,
              48.3170306
            ],
            [
              14.3030543,
              48.3169415
            ],
            [
              14.3029028,
              48.3168527
            ],
            [
              14.3027511,
              48.3167539
            ],
            [
              14.3025908,
              48.3166417
            ],
            [
              14.3025084,
              48.3165792
            ],
            [
              14.3024078,
              48.3164986
            ],
            [
              14.3022856,
              48.3163971
            ],
            [
              14.3020699,
              48.316213
            ],
            [
              14.3019673,
              48.3161155
            ],
            [
              14.3019335,
              48.3160834
            ],
            [
              14.3018883,
              48.3160386
            ],
            [
              14.3018485,
              48.3160006
            ],
            [
              14.3016872,
              48.3158394
            ],
            [
              14.3014883,
              48.315648
            ],
            [
              14.3014018,
              48.3155648
            ],
            [
              14.3012476,
              48.3154659
            ],
            [
              14.3010535,
              48.315262
            ],
            [
              14.3009528,
              48.3151579
            ],
            [
              14.3008084,
              48.3150069
            ],
            [
              14.3007555,
              48.3149518
            ],
            [
              14.300672,
              48.3148643
            ],
            [
              14.3006219,
              48.3148145
            ],
            [
              14.3005701,
              48.3147629
            ],
            [
              14.3005325,
              48.3147255
            ],
            [
              14.3004616,
              48.3146538
            ],
            [
              14.3004494,
              48.3146417
            ],
            [
              14.3003771,
              48.3145673
            ],
            [
              14.3000425,
              48.3142382
            ],
            [
              14.2999058,
              48.3141038
            ],
            [
              14.2997471,
              48.3139496
            ],
            [
              14.2996687,
              48.3138809
            ],
            [
              14.2995563,
              48.3137863
            ],
            [
              14.2996978,
              48.3137274
            ],
            [
              14.2997391,
              48.3137091
            ],
            [
              14.3000075,
              48.3135951
            ],
            [
              14.3000997,
              48.3135559
            ],
            [
              14.3003158,
              48.3134673
            ],
            [
              14.3006479,
              48.3133298
            ],
            [
              14.300801,
              48.3132702
            ],
            [
              14.3009665,
              48.3132058
            ],
            [
              14.3010476,
              48.3131753
            ],
            [
              14.3011639,
              48.3131289
            ],
            [
              14.3012587,
              48.3130865
            ],
            [
              14.3013142,
              48.3130571
            ],
            [
              14.3013579,
              48.3130278
            ],
            [
              14.3014531,
              48.312952
            ],
            [
              14.3016516,
              48.3127644
            ],
            [
              14.301698,
              48.3127194
            ],
            [
              14.3017434,
              48.3126753
            ],
            [
              14.3018376,
              48.312584
            ],
            [
              14.3019879,
              48.3124315
            ],
            [
              14.3021324,
              48.3122794
            ],
            [
              14.3021562,
              48.3122525
            ],
            [
              14.3022799,
              48.3121126
            ],
            [
              14.3024515,
              48.3119185
            ],
            [
              14.3025768,
              48.3117768
            ],
            [
              14.3026498,
              48.3116943
            ],
            [
              14.3027378,
              48.3115948
            ],
            [
              14.3028362,
              48.311484
            ],
            [
              14.3029165,
              48.3113936
            ],
            [
              14.302996,
              48.3113006
            ],
            [
              14.3028776,
              48.3112685
            ],
            [
              14.3028168,
              48.311253
            ],
            [
              14.3025411,
              48.3111826
            ],
            [
              14.3024313,
              48.3111564
            ],
            [
              14.3023989,
              48.3111486
            ],
            [
              14.3022552,
              48.3111153
            ],
            [
              14.3017311,
              48.3109939
            ],
            [
              14.3016664,
              48.3109777
            ],
            [
              14.3014363,
              48.3109198
            ],
            [
              14.3013454,
              48.3108919
            ],
            [
              14.3012211,
              48.3108501
            ],
            [
              14.3011005,
              48.3107927
            ],
            [
              14.3006246,
              48.3105415
            ],
            [
              14.300255,
              48.3103373
            ],
            [
              14.3001563,
              48.3102842
            ],
            [
              14.3001348,
              48.3102726
            ],
            [
              14.2996816,
              48.3100286
            ],
            [
              14.2992641,
              48.3098037
            ],
            [
              14.2992385,
              48.3097899
            ],
            [
              14.2991637,
              48.3097496
            ],
            [
              14.2990477,
              48.3096872
            ],
            [
              14.2989456,
              48.3096326
            ],
            [
              14.2988302,
              48.3095688
            ],
            [
              14.298776,
              48.309539
            ],
            [
              14.2987203,
              48.3095083
            ],
            [
              14.298687,
              48.3094901
            ],
            [
              14.2985644,
              48.3094229
            ],
            [
              14.2984706,
              48.3093671
            ],
            [
              14.2984524,
              48.3093528
            ],
            [
              14.2983895,
              48.3093034
            ],
            [
              14.298313,
              48.3092233
            ],
            [
              14.2982975,
              48.309207
            ],
            [
              14.2982303,
              48.3091301
            ],
            [
              14.2981556,
              48.3090383
            ],
            [
              14.2980652,
              48.3089148
            ],
            [
              14.2980178,
              48.3088499
            ],
            [
              14.297862,
              48.3086343
            ],
            [
              14.2977897,
              48.3085536
            ],
            [
              14.2977351,
              48.3085096
            ],
            [
              14.2976267,
              48.308449
            ],
            [
              14.2975641,
              48.3084216
            ],
            [
              14.2974606,
              48.3083791
            ],
            [
              14.2968006,
              48.308015
            ],
            [
              14.2964802,
              48.3078383
            ],
            [
              14.296377,
              48.3077733
            ],
            [
              14.2962329,
              48.3076853
            ],
            [
              14.2961157,
              48.3076138
            ],
            [
              14.2960514,
              48.3075745
            ],
            [
              14.2958257,
              48.3074323
            ],
            [
              14.2956664,
              48.307336
            ],
            [
              14.2955649,
              48.3072754
            ],
            [
              14.2955402,
              48.3072606
            ],
            [
              14.2955158,
              48.3072461
            ],
            [
              14.2953091,
              48.3071508
            ],
            [
              14.2951255,
              48.3070677
            ],
            [
              14.2949429,
              48.3069986
            ],
            [
              14.2949051,
              48.3069869
            ],
            [
              14.2947385,
              48.306936
            ],
            [
              14.294654,
              48.3069112
            ],
            [
              14.2944419,
              48.3068492
            ],
            [
              14.2942792,
              48.3068071
            ],
            [
              14.2941957,
              48.3067589
            ],
            [
              14.2943118,
              48.306519
            ],
            [
              14.2943843,
              48.3063701
            ],
            [
              14.294409,
              48.3063034
            ],
            [
              14.2942998,
              48.3062924
            ],
            [
              14.2942354,
              48.3062843
            ],
            [
              14.2936219,
              48.3061842
            ],
            [
              14.2935716,
              48.306176
            ],
            [
              14.2932357,
              48.3061212
            ],
            [
              14.2929164,
              48.3060676
            ],
            [
              14.2929394,
              48.3060055
            ],
            [
              14.2929736,
              48.3058704
            ],
            [
              14.2930692,
              48.305491
            ],
            [
              14.293075,
              48.3054663
            ],
            [
              14.293197,
              48.3049841
            ],
            [
              14.293209,
              48.3049363
            ],
            [
              14.2931294,
              48.3049296
            ],
            [
              14.293093,
              48.3049247
            ],
            [
              14.2927719,
              48.3048819
            ],
            [
              14.2924243,
              48.3048257
            ],
            [
              14.2921337,
              48.3047654
            ],
            [
              14.2918441,
              48.3046979
            ],
            [
              14.2908574,
              48.3044187
            ],
            [
              14.2907574,
              48.3043904
            ],
            [
              14.2907301,
              48.3044531
            ],
            [
              14.2906091,
              48.304731
            ],
            [
              14.2905819,
              48.3047936
            ],
            [
              14.2905371,
              48.3048997
            ],
            [
              14.2904127,
              48.3050191
            ],
            [
              14.2903392,
              48.3050637
            ],
            [
              14.290266,
              48.3050958
            ],
            [
              14.290168,
              48.3051119
            ],
            [
              14.2900904,
              48.3051125
            ],
            [
              14.289941,
              48.3050738
            ],
            [
              14.2898018,
              48.3050377
            ],
            [
              14.289578,
              48.3049671
            ],
            [
              14.2888693,
              48.3047015
            ],
            [
              14.2887438,
              48.3046442
            ],
            [
              14.2886627,
              48.3045939
            ],
            [
              14.2884017,
              48.3043994
            ],
            [
              14.2883463,
              48.3043582
            ],
            [
              14.2882534,
              48.3042857
            ],
            [
              14.2881267,
              48.304195
            ],
            [
              14.2881147,
              48.304187
            ],
            [
              14.2880825,
              48.3041657
            ],
            [
              14.2880316,
              48.304132
            ],
            [
              14.2880181,
              48.3041245
            ],
            [
              14.288004,
              48.3041169
            ],
            [
              14.2879404,
              48.304091
            ],
            [
              14.2878741,
              48.3040786
            ],
            [
              14.2871796,
              48.3040813
            ],
            [
              14.2870836,
              48.3040743
            ],
            [
              14.2869954,
              48.3040595
            ],
            [
              14.2869033,
              48.3040302
            ],
            [
              14.2868704,
              48.3040174
            ],
            [
              14.2857511,
              48.30358
            ],
            [
              14.2856568,
              48.303544
            ],
            [
              14.284949,
              48.3032677
            ],
            [
              14.2848948,
              48.3032568
            ],
            [
              14.2848365,
              48.3032556
            ],
            [
              14.2848317,
              48.3032215
            ],
            [
              14.2848136,
              48.3031988
            ],
            [
              14.2847794,
              48.3031756
            ],
            [
              14.2847041,
              48.3031483
            ],
            [
              14.2845492,
              48.3030937
            ],
            [
              14.2842863,
              48.3030034
            ],
            [
              14.2837068,
              48.3027523
            ],
            [
              14.283637,
              48.3027221
            ],
            [
              14.2835791,
              48.3026994
            ],
            [
              14.2832401,
              48.3025665
            ],
            [
              14.2830743,
              48.3025175
            ],
            [
              14.2829913,
              48.3024929
            ],
            [
              14.2829635,
              48.3024848
            ],
            [
              14.282892,
              48.3024637
            ],
            [
              14.282828,
              48.3024484
            ],
            [
              14.2826766,
              48.3024122
            ],
            [
              14.2826948,
              48.3023613
            ],
            [
              14.2827004,
              48.3023302
            ],
            [
              14.2826948,
              48.3022408
            ],
            [
              14.2826657,
              48.3021125
            ],
            [
              14.2826376,
              48.3020052
            ],
            [
              14.2826007,
              48.3018814
            ],
            [
              14.282502,
              48.3015682
            ],
            [
              14.2824201,
              48.301316
            ],
            [
              14.2823406,
              48.3010678
            ],
            [
              14.2823351,
              48.3010323
            ],
            [
              14.2823206,
              48.3009734
            ],
            [
              14.2823066,
              48.3009076
            ],
            [
              14.2822539,
              48.3006597
            ],
            [
              14.2822429,
              48.3005964
            ],
            [
              14.2822378,
              48.300545
            ],
            [
              14.2822417,
              48.3004987
            ],
            [
              14.2822499,
              48.3004385
            ],
            [
              14.2822593,
              48.3004008
            ],
            [
              14.2820432,
              48.2999066
            ],
            [
              14.282015,
              48.2998438
            ],
            [
              14.2819985,
              48.299821
            ],
            [
              14.2819385,
              48.2997606
            ],
            [
              14.2818684,
              48.2996926
            ],
            [
              14.2818323,
              48.2996593
            ],
            [
              14.2817437,
              48.2995776
            ],
            [
              14.2817051,
              48.299542
            ],
            [
              14.2814738,
              48.2993702
            ],
            [
              14.2814216,
              48.2993315
            ],
            [
              14.281388,
              48.2993066
            ],
            [
              14.2813678,
              48.2992916
            ],
            [
              14.2813122,
              48.2992503
            ],
            [
              14.2812837,
              48.2992292
            ],
            [
              14.2812062,
              48.2991719
            ],
            [
              14.2811668,
              48.2991427
            ],
            [
              14.281121,
              48.2991088
            ],
            [
              14.2809708,
              48.2990067
            ],
            [
              14.2808169,
              48.2989021
            ],
            [
              14.2806211,
              48.298796
            ],
            [
              14.2803445,
              48.2986741
            ],
            [
              14.2801427,
              48.2985959
            ],
            [
              14.2800311,
              48.2985539
            ],
            [
              14.2798604,
              48.2984896
            ],
            [
              14.2796078,
              48.2984141
            ],
            [
              14.2792373,
              48.2983207
            ],
            [
              14.2788511,
              48.2982602
            ],
            [
              14.2782071,
              48.2981874
            ],
            [
              14.2781775,
              48.2981841
            ],
            [
              14.2774905,
              48.2981185
            ],
            [
              14.2768878,
              48.2980571
            ],
            [
              14.2768096,
              48.2980491
            ],
            [
              14.2767451,
              48.2980418
            ],
            [
              14.2763727,
              48.2980047
            ],
            [
              14.2759995,
              48.2979681
            ],
            [
              14.2757859,
              48.2979462
            ],
            [
              14.2756815,
              48.2979312
            ],
            [
              14.2756342,
              48.2979204
            ],
            [
              14.2755787,
              48.2978999
            ],
            [
              14.2755454,
              48.2978846
            ],
            [
              14.275507,
              48.2978626
            ],
            [
              14.2754717,
              48.2978395
            ],
            [
              14.2754425,
              48.2978143
            ],
            [
              14.2753632,
              48.2977335
            ],
            [
              14.2753344,
              48.2977003
            ],
            [
              14.2753108,
              48.2976668
            ],
            [
              14.2752778,
              48.2976032
            ],
            [
              14.2752563,
              48.2975373
            ],
            [
              14.275244,
              48.2974752
            ],
            [
              14.2751836,
              48.2970906
            ],
            [
              14.2751466,
              48.2968101
            ],
            [
              14.2751014,
              48.2964694
            ],
            [
              14.2750371,
              48.2961975
            ],
            [
              14.2749489,
              48.2958944
            ],
            [
              14.2748811,
              48.2957009
            ],
            [
              14.274842,
              48.2955894
            ],
            [
              14.2748005,
              48.2954025
            ],
            [
              14.2747929,
              48.295287
            ],
            [
              14.2747949,
              48.294674
            ],
            [
              14.2747924,
              48.294597
            ],
            [
              14.2747807,
              48.2945548
            ],
            [
              14.274763,
              48.2945151
            ],
            [
              14.2747276,
              48.2944831
            ],
            [
              14.2746919,
              48.2944516
            ],
            [
              14.2746424,
              48.2944183
            ],
            [
              14.2746004,
              48.2943892
            ],
            [
              14.2745352,
              48.2943503
            ],
            [
              14.2744662,
              48.2943116
            ],
            [
              14.2744162,
              48.294287
            ],
            [
              14.2743427,
              48.2942544
            ],
            [
              14.2740976,
              48.2941457
            ],
            [
              14.2737648,
              48.2939734
            ],
            [
              14.273703,
              48.293936
            ],
            [
              14.2736746,
              48.2939188
            ],
            [
              14.273439,
              48.2937677
            ],
            [
              14.2733669,
              48.2937215
            ],
            [
              14.2732556,
              48.2936501
            ],
            [
              14.2732041,
              48.2936173
            ],
            [
              14.2731488,
              48.293582
            ],
            [
              14.2730723,
              48.2935332
            ],
            [
              14.2729966,
              48.2934849
            ],
            [
              14.272968,
              48.2934672
            ],
            [
              14.2729186,
              48.2934365
            ],
            [
              14.2728774,
              48.293411
            ],
            [
              14.2727867,
              48.293364
            ],
            [
              14.2727011,
              48.2933264
            ],
            [
              14.2726484,
              48.2933048
            ],
            [
              14.2726298,
              48.2932972
            ],
            [
              14.2725296,
              48.2932652
            ],
            [
              14.2723552,
              48.293212
            ],
            [
              14.2722495,
              48.2931883
            ],
            [
              14.2721258,
              48.2931655
            ],
            [
              14.2720153,
              48.2931494
            ],
            [
              14.271901,
              48.293141
            ],
            [
              14.2717664,
              48.2931368
            ],
            [
              14.2715744,
              48.2931419
            ],
            [
              14.2714166,
              48.2931507
            ],
            [
              14.2712787,
              48.2931591
            ],
            [
              14.2711239,
              48.2931596
            ],
            [
              14.2710125,
              48.2931517
            ],
            [
              14.270928,
              48.2931386
            ],
            [
              14.270805,
              48.293109
            ],
            [
              14.2707067,
              48.2930794
            ],
            [
              14.2705971,
              48.2930312
            ],
            [
              14.2704972,
              48.2929753
            ],
            [
              14.2704311,
              48.2929334
            ],
            [
              14.2703563,
              48.2928723
            ],
            [
              14.2703106,
              48.292821
            ],
            [
              14.2702643,
              48.2927639
            ],
            [
              14.2702264,
              48.2927122
            ],
            [
              14.2701783,
              48.2926524
            ],
            [
              14.2701574,
              48.292616
            ],
            [
              14.2701266,
              48.2925609
            ],
            [
              14.2702729,
              48.2925509
            ],
            [
              14.2703129,
              48.2925481
            ],
            [
              14.2704108,
              48.2925411
            ],
            [
              14.270532,
              48.2925284
            ],
            [
              14.2707286,
              48.2925007
            ],
            [
              14.2709428,
              48.2924629
            ],
            [
              14.2710246,
              48.2924436
            ],
            [
              14.2711279,
              48.2924188
            ],
            [
              14.2712492,
              48.2923858
            ],
            [
              14.2713754,
              48.2923495
            ],
            [
              14.2715099,
              48.2923048
            ],
            [
              14.2717561,
              48.2922063
            ],
            [
              14.2721545,
              48.2920505
            ],
            [
              14.2723473,
              48.2919781
            ],
            [
              14.2726202,
              48.2918716
            ],
            [
              14.2725769,
              48.2918218
            ],
            [
              14.2725635,
              48.2918022
            ],
            [
              14.2725549,
              48.2917832
            ],
            [
              14.2725514,
              48.291771
            ],
            [
              14.2725486,
              48.2917473
            ],
            [
              14.2725502,
              48.2917273
            ],
            [
              14.2725544,
              48.2917077
            ],
            [
              14.2725655,
              48.2916749
            ],
            [
              14.2725937,
              48.2916086
            ],
            [
              14.2726176,
              48.2915525
            ],
            [
              14.2726566,
              48.2914507
            ],
            [
              14.2726958,
              48.2913365
            ],
            [
              14.2727107,
              48.2912862
            ],
            [
              14.2727245,
              48.2912335
            ],
            [
              14.2727382,
              48.2911776
            ],
            [
              14.2727492,
              48.2911152
            ],
            [
              14.2727606,
              48.291037
            ],
            [
              14.272763,
              48.2910122
            ],
            [
              14.2727696,
              48.2909457
            ],
            [
              14.2727805,
              48.2908137
            ],
            [
              14.2727862,
              48.2907211
            ],
            [
              14.2727911,
              48.2905989
            ],
            [
              14.2728103,
              48.2902092
            ],
            [
              14.2728189,
              48.2900349
            ],
            [
              14.2728324,
              48.2898583
            ],
            [
              14.2728369,
              48.289738
            ],
            [
              14.2728416,
              48.2896598
            ],
            [
              14.272853,
              48.2895461
            ],
            [
              14.2728744,
              48.2894615
            ],
            [
              14.2729063,
              48.2893856
            ],
            [
              14.2729122,
              48.2893751
            ],
            [
              14.2729404,
              48.2893253
            ],
            [
              14.2729488,
              48.2893104
            ],
            [
              14.2730035,
              48.2892315
            ],
            [
              14.2730759,
              48.2891551
            ],
            [
              14.2731832,
              48.2890647
            ],
            [
              14.2732531,
              48.2890132
            ],
            [
              14.2733323,
              48.2889698
            ],
            [
              14.273509,
              48.2888743
            ],
            [
              14.2737363,
              48.2887624
            ],
            [
              14.2737555,
              48.2887535
            ],
            [
              14.2739179,
              48.2886782
            ],
            [
              14.2739934,
              48.2886432
            ],
            [
              14.2740585,
              48.2886131
            ],
            [
              14.2741321,
              48.288579
            ],
            [
              14.2742797,
              48.2885105
            ],
            [
              14.2744197,
              48.2884468
            ],
            [
              14.2750656,
              48.2881529
            ],
            [
              14.2756445,
              48.2878826
            ],
            [
              14.2757315,
              48.287842
            ],
            [
              14.2765478,
              48.2874612
            ],
            [
              14.2768549,
              48.287318
            ],
            [
              14.2770033,
              48.2872492
            ],
            [
              14.2772583,
              48.2871311
            ],
            [
              14.277279,
              48.2871215
            ],
            [
              14.277495,
              48.2870214
            ],
            [
              14.2775642,
              48.2869893
            ],
            [
              14.2776585,
              48.2869456
            ],
            [
              14.277703,
              48.286925
            ],
            [
              14.2779515,
              48.2868098
            ],
            [
              14.2779791,
              48.286797
            ],
            [
              14.2784355,
              48.2865855
            ],
            [
              14.2786624,
              48.2864804
            ],
            [
              14.2788497,
              48.28639
            ],
            [
              14.2790651,
              48.2862917
            ],
            [
              14.279459,
              48.2861074
            ],
            [
              14.2797957,
              48.2859512
            ],
            [
              14.2798549,
              48.2859235
            ],
            [
              14.2798945,
              48.2859049
            ],
            [
              14.2799299,
              48.2858884
            ],
            [
              14.2802738,
              48.2857273
            ],
            [
              14.280314,
              48.2857109
            ],
            [
              14.2804328,
              48.2856808
            ],
            [
              14.280665,
              48.2856491
            ],
            [
              14.2822618,
              48.2854313
            ],
            [
              14.2824707,
              48.2854028
            ],
            [
              14.2824968,
              48.2853992
            ],
            [
              14.2827198,
              48.2853691
            ],
            [
              14.2829548,
              48.2853367
            ],
            [
              14.2830943,
              48.2853234
            ],
            [
              14.2832096,
              48.2853176
            ],
            [
              14.2840454,
              48.2852759
            ],
            [
              14.2844201,
              48.2852572
            ],
            [
              14.2845825,
              48.2852491
            ],
            [
              14.2850718,
              48.2852178
            ],
            [
              14.2852652,
              48.2852054
            ],
            [
              14.2856526,
              48.2851796
            ],
            [
              14.2856675,
              48.2851786
            ],
            [
              14.2857335,
              48.2851742
            ],
            [
              14.2858016,
              48.2851614
            ],
            [
              14.2859219,
              48.2851133
            ],
            [
              14.2860215,
              48.2852242
            ],
            [
              14.286048,
              48.2852654
            ],
            [
              14.2862341,
              48.285557
            ],
            [
              14.2862697,
              48.2856127
            ],
            [
              14.286291,
              48.2856461
            ],
            [
              14.2864889,
              48.2859562
            ],
            [
              14.2867281,
              48.2863311
            ],
            [
              14.2872198,
              48.287143
            ],
            [
              14.2873536,
              48.2873639
            ],
            [
              14.2873904,
              48.2875228
            ],
            [
              14.2874317,
              48.2875983
            ],
            [
              14.2875129,
              48.2877433
            ],
            [
              14.287551,
              48.2878113
            ],
            [
              14.2875979,
              48.2878996
            ],
            [
              14.287723,
              48.2880972
            ],
            [
              14.2877212,
              48.2881684
            ],
            [
              14.2877186,
              48.2882462
            ],
            [
              14.2877062,
              48.2883692
            ],
            [
              14.2876821,
              48.2885693
            ],
            [
              14.2876689,
              48.2886508
            ],
            [
              14.2876616,
              48.2886958
            ],
            [
              14.2876519,
              48.2887552
            ],
            [
              14.2876312,
              48.2889209
            ],
            [
              14.2875496,
              48.2890863
            ],
            [
              14.2875369,
              48.2891223
            ],
            [
              14.2875047,
              48.2892334
            ],
            [
              14.287495,
              48.2892945
            ],
            [
              14.287492,
              48.289326
            ],
            [
              14.2874856,
              48.289394
            ],
            [
              14.2874856,
              48.2894191
            ],
            [
              14.2874851,
              48.2895895
            ],
            [
              14.2874673,
              48.2898446
            ],
            [
              14.2874546,
              48.2899595
            ],
            [
              14.2874331,
              48.2902028
            ],
            [
              14.287428,
              48.2902608
            ],
            [
              14.2874528,
              48.2903082
            ],
            [
              14.2874923,
              48.2903443
            ],
            [
              14.287549,
              48.2903726
            ],
            [
              14.2876388,
              48.2904052
            ],
            [
              14.2877186,
              48.2904236
            ],
            [
              14.2878135,
              48.2904365
            ],
            [
              14.2878634,
              48.2904399
            ],
            [
              14.2879021,
              48.2904442
            ],
            [
              14.2881607,
              48.2904671
            ],
            [
              14.2885122,
              48.2905038
            ],
            [
              14.2888014,
              48.2905442
            ],
            [
              14.2889577,
              48.2905643
            ],
            [
              14.289157,
              48.2905673
            ],
            [
              14.2892542,
              48.2905863
            ],
            [
              14.2893375,
              48.2906029
            ],
            [
              14.2895209,
              48.2906481
            ],
            [
              14.2896364,
              48.290694
            ],
            [
              14.2896934,
              48.2907234
            ],
            [
              14.2897626,
              48.2907591
            ],
            [
              14.2898888,
              48.2908323
            ],
            [
              14.2900172,
              48.2909395
            ],
            [
              14.2902324,
              48.2911546
            ],
            [
              14.2905937,
              48.2915567
            ],
            [
              14.290813,
              48.2918006
            ],
            [
              14.2908578,
              48.2918505
            ],
            [
              14.2909653,
              48.2919717
            ],
            [
              14.291022,
              48.2920416
            ],
            [
              14.2913042,
              48.2923777
            ],
            [
              14.2916737,
              48.292817
            ],
            [
              14.2919681,
              48.293167
            ],
            [
              14.2920222,
              48.2932314
            ],
            [
              14.2921216,
              48.2933496
            ],
            [
              14.2921831,
              48.2935522
            ],
            [
              14.2922162,
              48.2935912
            ],
            [
              14.2924717,
              48.2938934
            ],
            [
              14.2925551,
              48.2939853
            ],
            [
              14.2926721,
              48.2940767
            ],
            [
              14.2927807,
              48.2941425
            ],
            [
              14.2929266,
              48.2942008
            ],
            [
              14.2930392,
              48.2942271
            ],
            [
              14.2931566,
              48.2942396
            ],
            [
              14.2932839,
              48.2942418
            ],
            [
              14.2934682,
              48.2942449
            ],
            [
              14.293855,
              48.2942503
            ],
            [
              14.294056,
              48.2942492
            ],
            [
              14.2942316,
              48.2942525
            ],
            [
              14.2942834,
              48.2942535
            ],
            [
              14.2943864,
              48.2942698
            ],
            [
              14.2944835,
              48.2942999
            ],
            [
              14.2945718,
              48.2943393
            ],
            [
              14.2946608,
              48.2944029
            ],
            [
              14.2947548,
              48.2944863
            ],
            [
              14.2948721,
              48.2945999
            ],
            [
              14.2951019,
              48.2947955
            ],
            [
              14.2953786,
              48.2950021
            ],
            [
              14.2954355,
              48.2950465
            ],
            [
              14.2955806,
              48.2951428
            ],
            [
              14.2957219,
              48.2952391
            ],
            [
              14.2958469,
              48.2953329
            ],
            [
              14.2958731,
              48.2953547
            ],
            [
              14.2960406,
              48.2954906
            ],
            [
              14.2961437,
              48.2955514
            ],
            [
              14.2962575,
              48.2955927
            ],
            [
              14.2964246,
              48.2956426
            ],
            [
              14.2965275,
              48.2956739
            ],
            [
              14.2966435,
              48.2957092
            ],
            [
              14.2967227,
              48.2957363
            ],
            [
              14.2969078,
              48.2957996
            ],
            [
              14.2971575,
              48.2958907
            ],
            [
              14.2973977,
              48.2959783
            ],
            [
              14.2978142,
              48.2961301
            ],
            [
              14.2982824,
              48.2962971
            ],
            [
              14.2988844,
              48.2965114
            ],
            [
              14.2990443,
              48.2965655
            ],
            [
              14.2990553,
              48.2964354
            ],
            [
              14.2990753,
              48.2963446
            ],
            [
              14.2992167,
              48.295948
            ],
            [
              14.2993136,
              48.2957305
            ],
            [
              14.2996995,
              48.2946806
            ],
            [
              14.2998001,
              48.2943971
            ],
            [
              14.2998111,
              48.2943536
            ],
            [
              14.2998151,
              48.2942869
            ],
            [
              14.2998198,
              48.2942564
            ],
            [
              14.2998326,
              48.2942258
            ],
            [
              14.2998467,
              48.2942022
            ],
            [
              14.2998715,
              48.294181
            ],
            [
              14.2999092,
              48.2941567
            ],
            [
              14.2999417,
              48.2941467
            ],
            [
              14.3000331,
              48.2941304
            ],
            [
              14.3002529,
              48.2940897
            ],
            [
              14.3005206,
              48.2940331
            ],
            [
              14.3007372,
              48.2939858
            ],
            [
              14.3008795,
              48.2939499
            ],
            [
              14.3009185,
              48.2939404
            ],
            [
              14.3009598,
              48.2939296
            ],
            [
              14.3015291,
              48.2937736
            ],
            [
              14.3017299,
              48.2937128
            ],
            [
              14.3018261,
              48.2936739
            ],
            [
              14.3018999,
              48.2936293
            ],
            [
              14.301951,
              48.2935796
            ],
            [
              14.3020076,
              48.2935006
            ],
            [
              14.3020267,
              48.2934626
            ],
            [
              14.3020373,
              48.293404
            ],
            [
              14.3020481,
              48.2933157
            ],
            [
              14.3020428,
              48.2931613
            ],
            [
              14.3020414,
              48.2927425
            ],
            [
              14.3020427,
              48.2925373
            ],
            [
              14.3020388,
              48.2922715
            ],
            [
              14.3020357,
              48.2921368
            ],
            [
              14.3021577,
              48.292137
            ],
            [
              14.302219,
              48.2921427
            ],
            [
              14.3024963,
              48.2921723
            ],
            [
              14.3025378,
              48.2921767
            ],
            [
              14.3027756,
              48.292203
            ],
            [
              14.3028553,
              48.2922121
            ],
            [
              14.3034819,
              48.2922938
            ],
            [
              14.3037608,
              48.2923231
            ],
            [
              14.3046589,
              48.2924087
            ],
            [
              14.3047692,
              48.292421
            ],
            [
              14.3049107,
              48.2924805
            ],
            [
              14.3049784,
              48.2924854
            ],
            [
              14.3050508,
              48.2924895
            ],
            [
              14.3052258,
              48.2924895
            ],
            [
              14.3053774,
              48.2924877
            ],
            [
              14.3055517,
              48.2924832
            ],
            [
              14.3055806,
              48.2925881
            ],
            [
              14.3055832,
              48.2926216
            ],
            [
              14.305596,
              48.2927995
            ],
            [
              14.305606,
              48.2930882
            ],
            [
              14.3056201,
              48.2932073
            ],
            [
              14.30564,
              48.2932851
            ],
            [
              14.3056723,
              48.2933719
            ],
            [
              14.3056726,
              48.2934988
            ],
            [
              14.3056773,
              48.293634
            ],
            [
              14.3056836,
              48.2937934
            ],
            [
              14.3056915,
              48.2941157
            ],
            [
              14.3056942,
              48.2942439
            ],
            [
              14.3057001,
              48.2943929
            ],
            [
              14.3057126,
              48.2945843
            ],
            [
              14.3057205,
              48.294677
            ],
            [
              14.3057308,
              48.2947839
            ],
            [
              14.3057448,
              48.2948704
            ],
            [
              14.3057629,
              48.2949427
            ],
            [
              14.3057918,
              48.2950119
            ],
            [
              14.3058233,
              48.2950699
            ],
            [
              14.3058541,
              48.2951154
            ],
            [
              14.3059066,
              48.2951802
            ],
            [
              14.3060137,
              48.2953103
            ],
            [
              14.3060714,
              48.2953763
            ],
            [
              14.3062107,
              48.2955186
            ],
            [
              14.3066173,
              48.2959314
            ],
            [
              14.3068257,
              48.2961511
            ],
            [
              14.3068727,
              48.2962006
            ],
            [
              14.3069796,
              48.296309
            ],
            [
              14.3070849,
              48.2964243
            ],
            [
              14.3071503,
              48.2964932
            ],
            [
              14.307202,
              48.2965452
            ],
            [
              14.3072619,
              48.2966127
            ],
            [
              14.307382,
              48.2965468
            ],
            [
              14.3074493,
              48.2965099
            ],
            [
              14.3075842,
              48.2964365
            ],
            [
              14.3078129,
              48.2963103
            ],
            [
              14.3079893,
              48.2962136
            ],
            [
              14.3080519,
              48.2961792
            ],
            [
              14.3084894,
              48.2959391
            ],
            [
              14.3085878,
              48.2958851
            ],
            [
              14.3088073,
              48.2957634
            ],
            [
              14.3090675,
              48.2956191
            ],
            [
              14.3092517,
              48.295517
            ],
            [
              14.3094348,
              48.2954158
            ],
            [
              14.3098991,
              48.2951593
            ],
            [
              14.3099767,
              48.2951156
            ],
            [
              14.3102329,
              48.2949713
            ],
            [
              14.3104614,
              48.2948435
            ],
            [
              14.3106279,
              48.2947503
            ],
            [
              14.3110356,
              48.2945222
            ],
            [
              14.311252,
              48.2944012
            ],
            [
              14.3113518,
              48.29435
            ],
            [
              14.3114387,
              48.2943053
            ],
            [
              14.3115505,
              48.2942479
            ],
            [
              14.3115944,
              48.2942254
            ],
            [
              14.311852,
              48.2940828
            ],
            [
              14.3121159,
              48.2939366
            ],
            [
              14.3121661,
              48.2939088
            ],
            [
              14.3124144,
              48.2937713
            ],
            [
              14.3131655,
              48.2933554
            ],
            [
              14.3133377,
              48.2932623
            ],
            [
              14.3133864,
              48.293236
            ],
            [
              14.3134747,
              48.2931883
            ],
            [
              14.3136802,
              48.2930772
            ],
            [
              14.3138785,
              48.29297
            ],
            [
              14.3140077,
              48.2928989
            ],
            [
              14.3142533,
              48.2927637
            ],
            [
              14.3146418,
              48.2925499
            ],
            [
              14.3152364,
              48.2922227
            ],
            [
              14.315309,
              48.2921833
            ],
            [
              14.3154044,
              48.2921316
            ],
            [
              14.3155024,
              48.2920787
            ],
            [
              14.3155641,
              48.2920454
            ],
            [
              14.3162947,
              48.2916378
            ],
            [
              14.3171652,
              48.2911522
            ],
            [
              14.3172259,
              48.2911184
            ],
            [
              14.317328,
              48.2910614
            ],
            [
              14.3174805,
              48.2909763
            ],
            [
              14.3175306,
              48.2909486
            ],
            [
              14.3175807,
              48.2909209
            ],
            [
              14.317779,
              48.2908113
            ],
            [
              14.3186125,
              48.2903395
            ],
            [
              14.3189669,
              48.2901468
            ],
            [
              14.3194323,
              48.2898938
            ],
            [
              14.3194973,
              48.289858
            ],
            [
              14.3199242,
              48.2896223
            ],
            [
              14.3203902,
              48.2893599
            ],
            [
              14.3204098,
              48.289349
            ],
            [
              14.3205354,
              48.2893108
            ],
            [
              14.3206286,
              48.2892607
            ],
            [
              14.3207129,
              48.2892096
            ],
            [
              14.3207844,
              48.2891566
            ],
            [
              14.3208835,
              48.2890853
            ],
            [
              14.3209149,
              48.2890492
            ],
            [
              14.3209711,
              48.2889624
            ],
            [
              14.3210199,
              48.2888819
            ],
            [
              14.3210609,
              48.2888205
            ],
            [
              14.3210919,
              48.2887829
            ],
            [
              14.3211312,
              48.2887426
            ],
            [
              14.3211672,
              48.2887082
            ],
            [
              14.3212177,
              48.2886632
            ],
            [
              14.3212771,
              48.2886214
            ],
            [
              14.3213502,
              48.2885825
            ],
            [
              14.3214287,
              48.2885481
            ],
            [
              14.3215117,
              48.2885152
            ],
            [
              14.3215716,
              48.2884815
            ],
            [
              14.3216654,
              48.2884425
            ],
            [
              14.3216945,
              48.2884262
            ],
            [
              14.3217194,
              48.2884103
            ],
            [
              14.3217807,
              48.2883528
            ],
            [
              14.321838,
              48.2882869
            ],
            [
              14.3219024,
              48.2882079
            ],
            [
              14.3219463,
              48.2881638
            ],
            [
              14.3219564,
              48.288153
            ],
            [
              14.3220945,
              48.2879826
            ],
            [
              14.3222666,
              48.2877625
            ],
            [
              14.3223733,
              48.2876139
            ],
            [
              14.3224423,
              48.2875146
            ],
            [
              14.3225054,
              48.2874195
            ],
            [
              14.3225675,
              48.2873098
            ],
            [
              14.3226592,
              48.2873322
            ],
            [
              14.3228374,
              48.2873596
            ],
            [
              14.3229213,
              48.2871696
            ]
          ],
          [
            [
              14.321303,
              48.3000545
            ],
            [
              14.321661,
              48.2997026
            ]
          ],
          [
            [
              14.3169031,
              48.3052258
            ],
            [
              14.3168017,
              48.3053985
            ]
          ],
          [
            [
              14.3126623,
              48.313203
            ],
            [
              14.3128068,
              48.3128995
            ],
            [
              14.3127769,
              48.3128924
            ]
          ],
          [
            [
              14.3116081,
              48.3153075
            ],
            [
              14.311632,
              48.3152531
            ],
            [
              14.3117249,
              48.3150891
            ]
          ],
          [
            [
              14.3049913,
              48.317568
            ],
            [
              14.3051979,
              48.3176228
            ]
          ],
          [
            [
              14.3021788,
              48.3162153
            ],
            [
              14.3023548,
              48.316364
            ]
          ],
          [
            [
              14.3029423,
              48.3114843
            ],
            [
              14.3028117,
              48.3116333
            ]
          ],
          [
            [
              14.2986387,
              48.3094195
            ],
            [
              14.2987644,
              48.3094839
            ]
          ],
          [
            [
              14.2968897,
              48.3080072
            ],
            [
              14.2967441,
              48.3079294
            ]
          ],
          [
            [
              14.2930841,
              48.3056617
            ],
            [
              14.293036,
              48.3058611
            ]
          ],
          [
            [
              14.2881991,
              48.3041561
            ],
            [
              14.2882096,
              48.3041515
            ],
            [
              14.2882959,
              48.3042225
            ],
            [
              14.2882863,
              48.304227
            ]
          ],
          [
            [
              14.2829077,
              48.3024255
            ],
            [
              14.2830156,
              48.3024661
            ]
          ],
          [
            [
              14.2813378,
              48.299207
            ],
            [
              14.2814671,
              48.2993049
            ]
          ],
          [
            [
              14.2763881,
              48.2979478
            ],
            [
              14.2760878,
              48.2979202
            ]
          ],
          [
            [
              14.2745558,
              48.2942982
            ],
            [
              14.2745513,
              48.2943014
            ],
            [
              14.2747782,
              48.2944523
            ],
            [
              14.2747844,
              48.2944489
            ]
          ],
          [
            [
              14.2721256,
              48.2921306
            ],
            [
              14.2723191,
              48.2920566
            ]
          ],
          [
            [
              14.2740382,
              48.2886849
            ],
            [
              14.2737915,
              48.2887999
            ]
          ],
          [
            [
              14.2775617,
              48.2870535
            ],
            [
              14.2773174,
              48.2871668
            ]
          ],
          [
            [
              14.2802268,
              48.2858082
            ],
            [
              14.2799678,
              48.285929
            ]
          ],
          [
            [
              14.2843427,
              48.2853066
            ],
            [
              14.2840514,
              48.2853211
            ]
          ],
          [
            [
              14.2874467,
              48.2877972
            ],
            [
              14.2874285,
              48.2877658
            ],
            [
              14.2873529,
              48.2876348
            ]
          ],
          [
            [
              14.2873091,
              48.2903601
            ],
            [
              14.2873847,
              48.2898948
            ]
          ],
          [
            [
              14.2903912,
              48.2915043
            ],
            [
              14.2902529,
              48.2913412
            ],
            [
              14.2900966,
              48.2911569
            ]
          ],
          [
            [
              14.29385,
              48.2943113
            ],
            [
              14.293405,
              48.2942954
            ],
            [
              14.2931606,
              48.2942927
            ],
            [
              14.2930855,
              48.2942847
            ],
            [
              14.2930803,
              48.2943029
            ]
          ],
          [
            [
              14.2954984,
              48.2951852
            ],
            [
              14.2955142,
              48.2951747
            ],
            [
              14.2957737,
              48.2953496
            ],
            [
              14.2958569,
              48.2954245
            ],
            [
              14.2959608,
              48.295512
            ],
            [
              14.2959336,
              48.2955268
            ]
          ],
          [
            [
              14.3002165,
              48.2941553
            ],
            [
              14.3002676,
              48.2941458
            ],
            [
              14.3006749,
              48.2940743
            ],
            [
              14.3007231,
              48.2940652
            ]
          ],
          [
            [
              14.302127,
              48.2925342
            ],
            [
              14.3021267,
              48.2924816
            ],
            [
              14.3021266,
              48.2924307
            ],
            [
              14.3021253,
              48.2923001
            ]
          ],
          [
            [
              14.3050477,
              48.2925319
            ],
            [
              14.3051628,
              48.292534
            ],
            [
              14.3053275,
              48.2925324
            ]
          ],
          [
            [
              14.3069516,
              48.2964344
            ],
            [
              14.3067088,
              48.2961948
            ]
          ],
          [
            [
              14.3105179,
              48.2949185
            ],
            [
              14.3104984,
              48.2949027
            ],
            [
              14.3102794,
              48.295022
            ],
            [
              14.3102998,
              48.2950385
            ]
          ],
          [
            [
              14.3138439,
              48.2931016
            ],
            [
              14.3138223,
              48.2930837
            ],
            [
              14.3135167,
              48.2932473
            ],
            [
              14.3135342,
              48.2932618
            ]
          ],
          [
            [
              14.317242,
              48.2912312
            ],
            [
              14.3172223,
              48.2912154
            ],
            [
              14.3175535,
              48.2910325
            ]
          ],
          [
            [
              14.3229547,
              48.2872599
            ],
            [
              14.3231209,
              48.2868949
            ]
          ]
        ]
      },
      "id": "relation/1148635"
    }
  ]
}