{
  "type": "FeatureCollection",
  "features": [
    {
      "type": "Feature",
      "properties": {
        "@id": "relation/18740916",
        "colour": "#51bc4a",
        "from": "Stadion",
        "gtfs:feed": "AT-Linz_AG",
        "gtfs:route_id": "at:esg:194:",
        "gtfs:shape_id": "4-194-E-e25-1.2.H",
        "gtfs:trip_id:like": "%4-194-E-e25-1.2.H",
        "gtfs:trip_id:sample": "61.TA.4-194-E-e25-1.2.H",
        "name": "Bus 194: Stadion => Neue Heimat",
        "network": "Oberösterreichischer Verkehrsverbund",
        "network:short": "OÖVV",
        "network:wikidata": "Q2011605",
        "network:wikipedia": "de:Oberösterreichischer Verkehrsverbund",
        "operator": "Linz Linien GmbH",
        "public_transport:version": "2",
        "ref": "194",
        "ref_trips": "100.TA.2-194-E-d25-1.1.H",
        "route": "bus",
        "to": "Neue Heimat",
        "type": "route"
      },
      "geometry": {
        "type": "MultiLineString",
        "coordinates": [
          [
            [
              14.2577786,
              48.2643578
            ],
            [
              14.2578091,
              48.2642962
            ],
            [
              14.257815,
              48.2642842
            ],
            [
              14.2579388,
              48.264037
            ],
            [
              14.2580055,
              48.2638889
            ],
            [
              14.2580732,
              48.263748
            ],
            [
              14.2581678,
              48.2635024
            ],
            [
              14.2582314,
              48.2633573
            ],
            [
              14.2582887,
              48.2631976
            ],
            [
              14.2583021,
              48.2631314
            ],
            [
              14.2583097,
              48.2630753
            ],
            [
              14.2583118,
              48.2629993
            ],
            [
              14.2583149,
              48.2629409
            ],
            [
              14.2583117,
              48.2628389
            ],
            [
              14.2583181,
              48.2627676
            ],
            [
              14.258326,
              48.2627263
            ],
            [
              14.2583464,
              48.2626634
            ],
            [
              14.2583686,
              48.2626214
            ],
            [
              14.2584116,
              48.2625746
            ],
            [
              14.2585187,
              48.262484
            ],
            [
              14.2585886,
              48.2624248
            ],
            [
              14.2586137,
              48.2624036
            ],
            [
              14.2586856,
              48.2623428
            ],
            [
              14.2588852,
              48.2625181
            ],
            [
              14.2591763,
              48.2627682
            ],
            [
              14.2593019,
              48.262879
            ],
            [
              14.2597781,
              48.2633508
            ],
            [
              14.2603836,
              48.2638767
            ],
            [
              14.2606306,
              48.2640912
            ],
            [
              14.2607104,
              48.2641605
            ],
            [
              14.2609713,
              48.2643968
            ],
            [
              14.2611844,
              48.2645894
            ],
            [
              14.2612936,
              48.2645365
            ],
            [
              14.2613396,
              48.2645143
            ],
            [
              14.261376,
              48.2644979
            ],
            [
              14.2617519,
              48.2643454
            ],
            [
              14.261874,
              48.2642956
            ],
            [
              14.2619401,
              48.2642691
            ],
            [
              14.2621094,
              48.2642
            ],
            [
              14.2622422,
              48.264146
            ],
            [
              14.2624292,
              48.2640711
            ],
            [
              14.2626361,
              48.263986
            ],
            [
              14.2628795,
              48.2638915
            ],
            [
              14.2630305,
              48.2638391
            ],
            [
              14.263163,
              48.263791
            ],
            [
              14.2632728,
              48.2637384
            ],
            [
              14.2632409,
              48.2637075
            ],
            [
              14.2632305,
              48.2636794
            ],
            [
              14.2632374,
              48.263642
            ],
            [
              14.2632581,
              48.263616
            ],
            [
              14.2632882,
              48.2635965
            ],
            [
              14.2633298,
              48.2635831
            ],
            [
              14.2633781,
              48.2635796
            ],
            [
              14.2634247,
              48.2635872
            ],
            [
              14.2634505,
              48.2635971
            ],
            [
              14.263551,
              48.2635333
            ],
            [
              14.2636923,
              48.2634436
            ],
            [
              14.2641882,
              48.2631288
            ],
            [
              14.2643248,
              48.2630421
            ],
            [
              14.2646352,
              48.2628669
            ],
            [
              14.2651646,
              48.262568
            ],
            [
              14.2653261,
              48.2624768
            ],
            [
              14.2656899,
              48.2622715
            ],
            [
              14.2659681,
              48.2621123
            ],
            [
              14.2660755,
              48.262062
            ],
            [
              14.2660566,
              48.2620339
            ],
            [
              14.2660476,
              48.2620035
            ],
            [
              14.2660484,
              48.261976
            ],
            [
              14.2660617,
              48.2619412
            ],
            [
              14.2660896,
              48.2619087
            ],
            [
              14.2661197,
              48.2618876
            ],
            [
              14.266166,
              48.2618679
            ],
            [
              14.2662256,
              48.2618563
            ],
            [
              14.2662847,
              48.2618567
            ],
            [
              14.2663387,
              48.2618675
            ],
            [
              14.2663811,
              48.2618848
            ],
            [
              14.2664167,
              48.2619089
            ],
            [
              14.2665013,
              48.2618677
            ],
            [
              14.2671064,
              48.2615736
            ],
            [
              14.2671879,
              48.261534
            ],
            [
              14.2675783,
              48.2613387
            ],
            [
              14.2678516,
              48.2612051
            ],
            [
              14.2686707,
              48.2607869
            ],
            [
              14.2688342,
              48.260701
            ],
            [
              14.269453,
              48.2603723
            ],
            [
              14.2696668,
              48.2602516
            ],
            [
              14.2698062,
              48.2601624
            ],
            [
              14.2698887,
              48.2600943
            ],
            [
              14.2699947,
              48.2599995
            ],
            [
              14.2701219,
              48.2598876
            ],
            [
              14.2702598,
              48.2597601
            ],
            [
              14.2703948,
              48.259639
            ],
            [
              14.2704961,
              48.2595528
            ],
            [
              14.2705964,
              48.2594794
            ],
            [
              14.2706898,
              48.2594167
            ],
            [
              14.2708749,
              48.2593049
            ],
            [
              14.2711421,
              48.2591481
            ],
            [
              14.2714144,
              48.2589868
            ],
            [
              14.2718423,
              48.2587332
            ],
            [
              14.2721831,
              48.2585393
            ],
            [
              14.272486,
              48.2583669
            ],
            [
              14.2725071,
              48.2583549
            ],
            [
              14.2727995,
              48.2581895
            ],
            [
              14.2730174,
              48.2580578
            ],
            [
              14.2731702,
              48.2579655
            ],
            [
              14.2732455,
              48.2579185
            ],
            [
              14.273526,
              48.2577437
            ],
            [
              14.2741366,
              48.2572988
            ],
            [
              14.2745295,
              48.2570102
            ],
            [
              14.2747815,
              48.2568202
            ],
            [
              14.274895,
              48.2567398
            ],
            [
              14.27506,
              48.2566283
            ],
            [
              14.275217,
              48.2565238
            ],
            [
              14.2753853,
              48.2564092
            ],
            [
              14.2754996,
              48.2563328
            ],
            [
              14.2759304,
              48.2560393
            ],
            [
              14.2760216,
              48.2559788
            ],
            [
              14.2760865,
              48.2559357
            ],
            [
              14.2762908,
              48.2558
            ],
            [
              14.2765378,
              48.255636
            ],
            [
              14.2767481,
              48.2554964
            ],
            [
              14.2769825,
              48.2553382
            ],
            [
              14.2770443,
              48.2552965
            ],
            [
              14.2770685,
              48.2552801
            ],
            [
              14.277181,
              48.2552042
            ],
            [
              14.2773659,
              48.2550731
            ],
            [
              14.2775639,
              48.2549431
            ],
            [
              14.2776741,
              48.2548664
            ],
            [
              14.2778871,
              48.2547199
            ],
            [
              14.2780005,
              48.2546516
            ],
            [
              14.2780879,
              48.2546009
            ],
            [
              14.2781415,
              48.2545706
            ],
            [
              14.2783704,
              48.2544476
            ],
            [
              14.2785895,
              48.2543359
            ],
            [
              14.2787038,
              48.2542822
            ],
            [
              14.2788293,
              48.254233
            ],
            [
              14.2790486,
              48.2541691
            ],
            [
              14.2791219,
              48.2541529
            ],
            [
              14.2791775,
              48.2541406
            ],
            [
              14.2792931,
              48.2541221
            ],
            [
              14.2793258,
              48.2541199
            ],
            [
              14.2794186,
              48.2541138
            ],
            [
              14.2795369,
              48.254122
            ],
            [
              14.2797173,
              48.2541564
            ],
            [
              14.2804195,
              48.2543286
            ],
            [
              14.280542,
              48.2543586
            ],
            [
              14.2806129,
              48.254376
            ],
            [
              14.2809818,
              48.2544665
            ],
            [
              14.2812527,
              48.2545329
            ],
            [
              14.2814157,
              48.2545729
            ],
            [
              14.2818668,
              48.2546835
            ],
            [
              14.2819536,
              48.2546977
            ],
            [
              14.2820049,
              48.2546959
            ],
            [
              14.2820559,
              48.2546852
            ],
            [
              14.2820973,
              48.2546664
            ],
            [
              14.2821413,
              48.2546254
            ],
            [
              14.2821999,
              48.2545209
            ],
            [
              14.2822313,
              48.2544649
            ],
            [
              14.2822606,
              48.2544125
            ],
            [
              14.2822902,
              48.2543596
            ],
            [
              14.2823203,
              48.2543058
            ],
            [
              14.2823894,
              48.2541825
            ],
            [
              14.282434,
              48.2541026
            ],
            [
              14.2824482,
              48.2540791
            ],
            [
              14.2824713,
              48.2540399
            ],
            [
              14.282507,
              48.2539815
            ],
            [
              14.2825619,
              48.2538903
            ],
            [
              14.2823461,
              48.2539463
            ],
            [
              14.2818457,
              48.2538188
            ],
            [
              14.2816607,
              48.2537716
            ],
            [
              14.2812686,
              48.2536639
            ]
          ],
          [
            [
              14.2576984,
              48.2645586
            ],
            [
              14.2576651,
              48.264551
            ],
            [
              14.2576304,
              48.2645359
            ],
            [
              14.2576008,
              48.2645132
            ],
            [
              14.2575847,
              48.264491
            ],
            [
              14.2575765,
              48.2644647
            ],
            [
              14.2575784,
              48.2644396
            ],
            [
              14.2576007,
              48.2644011
            ],
            [
              14.2576351,
              48.2643757
            ],
            [
              14.2576764,
              48.26436
            ],
            [
              14.2577271,
              48.2643532
            ],
            [
              14.2577786,
              48.2643578
            ],
            [
              14.257825,
              48.2643733
            ],
            [
              14.2578623,
              48.2643994
            ],
            [
              14.2578808,
              48.2644246
            ],
            [
              14.2578886,
              48.2644563
            ],
            [
              14.2578824,
              48.2644862
            ],
            [
              14.2578687,
              48.2645079
            ],
            [
              14.257846,
              48.2645285
            ],
            [
              14.2578139,
              48.2645458
            ],
            [
              14.2577627,
              48.2645591
            ],
            [
              14.2576984,
              48.2645586
            ]
          ],
          [
            [
              14.2576984,
              48.2645586
            ],
            [
              14.2576718,
              48.2646161
            ],
            [
              14.2576625,
              48.2646361
            ],
            [
              14.2575127,
              48.2649652
            ],
            [
              14.2573547,
              48.2652867
            ],
            [
              14.2573348,
              48.2653287
            ],
            [
              14.257259,
              48.2655142
            ],
            [
              14.2570884,
              48.2659953
            ],
            [
              14.2570057,
              48.2662758
            ],
            [
              14.2568804,
              48.2667094
            ],
            [
              14.2568173,
              48.2669538
            ],
            [
              14.2567651,
              48.2671851
            ],
            [
              14.2567133,
              48.2674268
            ],
            [
              14.2566877,
              48.2675815
            ],
            [
              14.2566833,
              48.2676211
            ],
            [
              14.2566953,
              48.2676953
            ],
            [
              14.2567221,
              48.2677338
            ],
            [
              14.2567623,
              48.2677597
            ],
            [
              14.2568096,
              48.2677794
            ],
            [
              14.2568516,
              48.267747
            ],
            [
              14.2569247,
              48.267723
            ],
            [
              14.2569889,
              48.2677205
            ],
            [
              14.2570479,
              48.2677321
            ],
            [
              14.2571162,
              48.2677704
            ],
            [
              14.2571414,
              48.2678033
            ],
            [
              14.2571508,
              48.2678402
            ],
            [
              14.2571448,
              48.2678726
            ],
            [
              14.2571246,
              48.2679047
            ],
            [
              14.2570922,
              48.2679313
            ],
            [
              14.2570459,
              48.2679522
            ],
            [
              14.2569853,
              48.2679633
            ],
            [
              14.2569288,
              48.2679612
            ],
            [
              14.2568761,
              48.2679478
            ],
            [
              14.2568356,
              48.2679268
            ],
            [
              14.2567993,
              48.2678908
            ],
            [
              14.2567841,
              48.2678482
            ],
            [
              14.2567895,
              48.2678117
            ],
            [
              14.2568096,
              48.2677794
            ]
          ],
          [
            [
              14.2568761,
              48.2679478
            ],
            [
              14.2568528,
              48.2679836
            ],
            [
              14.2568182,
              48.2680368
            ],
            [
              14.2567723,
              48.2681074
            ],
            [
              14.2567372,
              48.2681682
            ],
            [
              14.2566975,
              48.2682416
            ],
            [
              14.2566555,
              48.2683288
            ],
            [
              14.2566067,
              48.2684615
            ],
            [
              14.2565567,
              48.2686206
            ],
            [
              14.2564453,
              48.2691395
            ],
            [
              14.256357,
              48.2695809
            ],
            [
              14.2563251,
              48.2698139
            ],
            [
              14.2563185,
              48.2700141
            ],
            [
              14.2563244,
              48.2700911
            ],
            [
              14.2563375,
              48.2702335
            ],
            [
              14.2563686,
              48.2703656
            ],
            [
              14.2564055,
              48.2704779
            ],
            [
              14.256443,
              48.2705641
            ],
            [
              14.2564819,
              48.2706469
            ],
            [
              14.2565659,
              48.2707856
            ],
            [
              14.2566851,
              48.2709424
            ],
            [
              14.2567969,
              48.2710663
            ],
            [
              14.257073,
              48.2713803
            ],
            [
              14.257236,
              48.2715835
            ],
            [
              14.2572984,
              48.271677
            ],
            [
              14.2573626,
              48.2717901
            ],
            [
              14.2574108,
              48.2718845
            ],
            [
              14.2574571,
              48.2719909
            ],
            [
              14.2574892,
              48.272092
            ],
            [
              14.2575155,
              48.2721893
            ],
            [
              14.2575372,
              48.2722797
            ],
            [
              14.2575513,
              48.272385
            ],
            [
              14.2575589,
              48.2724698
            ],
            [
              14.2575599,
              48.2725679
            ],
            [
              14.2575545,
              48.2726739
            ],
            [
              14.2575362,
              48.2728165
            ],
            [
              14.2575172,
              48.2729069
            ],
            [
              14.2574824,
              48.273037
            ],
            [
              14.2573751,
              48.2732801
            ],
            [
              14.2573562,
              48.273323
            ],
            [
              14.2573187,
              48.2733817
            ],
            [
              14.2573051,
              48.273403
            ]
          ],
          [
            [
              14.2574051,
              48.2735388
            ],
            [
              14.2573839,
              48.2735709
            ],
            [
              14.2573369,
              48.2736036
            ],
            [
              14.2572848,
              48.27362
            ],
            [
              14.2572203,
              48.2736238
            ],
            [
              14.2571645,
              48.2736136
            ],
            [
              14.2571267,
              48.2735976
            ],
            [
              14.2570961,
              48.2735754
            ],
            [
              14.2570764,
              48.2735509
            ],
            [
              14.2570647,
              48.2735132
            ],
            [
              14.2570704,
              48.2734795
            ],
            [
              14.2570858,
              48.273454
            ],
            [
              14.2571231,
              48.2734228
            ],
            [
              14.2571746,
              48.2734018
            ],
            [
              14.2572332,
              48.2733939
            ],
            [
              14.2573051,
              48.273403
            ],
            [
              14.2573532,
              48.2734232
            ],
            [
              14.2573938,
              48.2734592
            ],
            [
              14.2574097,
              48.2734957
            ],
            [
              14.2574051,
              48.2735388
            ]
          ],
          [
            [
              14.2571645,
              48.2736136
            ],
            [
              14.2571454,
              48.2736335
            ],
            [
              14.2570927,
              48.2736885
            ],
            [
              14.2568917,
              48.273886
            ],
            [
              14.2567049,
              48.2740501
            ],
            [
              14.2564871,
              48.2742062
            ],
            [
              14.2562781,
              48.2743403
            ],
            [
              14.2560033,
              48.2744937
            ],
            [
              14.2558016,
              48.2745858
            ],
            [
              14.255424,
              48.2747394
            ],
            [
              14.2552336,
              48.2748054
            ],
            [
              14.2546549,
              48.2749795
            ],
            [
              14.2543947,
              48.2750359
            ],
            [
              14.2541196,
              48.2750835
            ],
            [
              14.253657,
              48.2751598
            ],
            [
              14.2536171,
              48.2751664
            ],
            [
              14.2534271,
              48.2751977
            ],
            [
              14.2532842,
              48.2752236
            ],
            [
              14.2530753,
              48.2752691
            ],
            [
              14.2529277,
              48.2753008
            ],
            [
              14.2527871,
              48.2753379
            ],
            [
              14.2526224,
              48.2753927
            ],
            [
              14.2524279,
              48.2754621
            ],
            [
              14.2521415,
              48.2755778
            ],
            [
              14.2519114,
              48.2756944
            ],
            [
              14.2516661,
              48.275841
            ],
            [
              14.2513418,
              48.276039
            ],
            [
              14.2511751,
              48.2761407
            ],
            [
              14.2510598,
              48.2762111
            ],
            [
              14.2508629,
              48.2763313
            ],
            [
              14.2507275,
              48.2764021
            ],
            [
              14.2506148,
              48.2764502
            ],
            [
              14.2504631,
              48.2765027
            ],
            [
              14.2503488,
              48.2765382
            ],
            [
              14.2500186,
              48.2766359
            ],
            [
              14.2499936,
              48.2766433
            ],
            [
              14.2498359,
              48.2766899
            ],
            [
              14.2494641,
              48.2767999
            ],
            [
              14.2492932,
              48.2768562
            ],
            [
              14.2492073,
              48.2768854
            ],
            [
              14.2490696,
              48.2769299
            ],
            [
              14.2489117,
              48.276981
            ],
            [
              14.2488707,
              48.2769932
            ],
            [
              14.2488201,
              48.2770083
            ],
            [
              14.2487299,
              48.2770294
            ],
            [
              14.2486262,
              48.277045
            ],
            [
              14.2485334,
              48.277052
            ],
            [
              14.2484784,
              48.2770547
            ],
            [
              14.2483608,
              48.2770539
            ],
            [
              14.2482344,
              48.2770474
            ],
            [
              14.2480984,
              48.2770467
            ],
            [
              14.247996,
              48.2770521
            ],
            [
              14.2479075,
              48.2770656
            ],
            [
              14.2478312,
              48.2770828
            ],
            [
              14.2477368,
              48.2771118
            ],
            [
              14.2476536,
              48.2771422
            ],
            [
              14.2473159,
              48.2772947
            ],
            [
              14.2470506,
              48.2774146
            ],
            [
              14.2468926,
              48.2774853
            ],
            [
              14.2468671,
              48.2774974
            ],
            [
              14.2468203,
              48.2775186
            ],
            [
              14.246496,
              48.2776651
            ],
            [
              14.2464786,
              48.2776729
            ],
            [
              14.2464238,
              48.2776995
            ],
            [
              14.2463512,
              48.2777346
            ],
            [
              14.246241,
              48.2777975
            ],
            [
              14.2460869,
              48.2779057
            ],
            [
              14.2460392,
              48.2779447
            ],
            [
              14.2460264,
              48.2779551
            ],
            [
              14.2459783,
              48.2779943
            ],
            [
              14.2458727,
              48.2780867
            ],
            [
              14.2457315,
              48.2782471
            ],
            [
              14.2456394,
              48.2783571
            ],
            [
              14.2455558,
              48.2784577
            ],
            [
              14.2455115,
              48.2785146
            ],
            [
              14.2454575,
              48.2785905
            ],
            [
              14.2454273,
              48.278633
            ],
            [
              14.2453467,
              48.2787626
            ],
            [
              14.2454549,
              48.2788262
            ],
            [
              14.2455563,
              48.2788858
            ],
            [
              14.2457131,
              48.2789779
            ],
            [
              14.2458093,
              48.2790344
            ],
            [
              14.2461572,
              48.2792195
            ],
            [
              14.2462264,
              48.2792564
            ],
            [
              14.2466414,
              48.2794604
            ],
            [
              14.2468449,
              48.2795542
            ],
            [
              14.2472111,
              48.2797019
            ],
            [
              14.2474611,
              48.2797928
            ],
            [
              14.2476476,
              48.2798583
            ],
            [
              14.2477461,
              48.2798943
            ],
            [
              14.247928,
              48.2799578
            ],
            [
              14.248094,
              48.2800168
            ],
            [
              14.2481622,
              48.2800429
            ],
            [
              14.2482781,
              48.2801178
            ],
            [
              14.2483592,
              48.2801975
            ],
            [
              14.2484005,
              48.2802446
            ],
            [
              14.2486605,
              48.2806531
            ],
            [
              14.2487073,
              48.2807267
            ],
            [
              14.2487197,
              48.2807463
            ],
            [
              14.2487297,
              48.2807619
            ],
            [
              14.2488396,
              48.2809347
            ],
            [
              14.2488707,
              48.2809836
            ],
            [
              14.2489857,
              48.2811589
            ],
            [
              14.2490514,
              48.2812412
            ],
            [
              14.2491379,
              48.2813287
            ],
            [
              14.2492375,
              48.2814165
            ],
            [
              14.2493744,
              48.2815136
            ],
            [
              14.249451,
              48.281564
            ],
            [
              14.2497229,
              48.281743
            ],
            [
              14.2497477,
              48.2817593
            ],
            [
              14.249847,
              48.281837
            ],
            [
              14.2498769,
              48.2818624
            ],
            [
              14.2500187,
              48.2819833
            ],
            [
              14.2501307,
              48.2820886
            ],
            [
              14.2502689,
              48.2822186
            ],
            [
              14.2502827,
              48.2822317
            ],
            [
              14.2504706,
              48.2824006
            ],
            [
              14.2504837,
              48.2824123
            ],
            [
              14.250513,
              48.2824387
            ],
            [
              14.2507415,
              48.2826443
            ],
            [
              14.2507875,
              48.2826856
            ],
            [
              14.2509497,
              48.2828315
            ],
            [
              14.2509886,
              48.2828665
            ],
            [
              14.2512061,
              48.2830622
            ],
            [
              14.2513798,
              48.2832182
            ],
            [
              14.2514321,
              48.2832651
            ],
            [
              14.2517014,
              48.2835071
            ],
            [
              14.2518561,
              48.2836465
            ],
            [
              14.2519874,
              48.2837816
            ],
            [
              14.2521305,
              48.283955
            ],
            [
              14.2523899,
              48.2842964
            ],
            [
              14.2524049,
              48.2843156
            ],
            [
              14.2524533,
              48.2843774
            ],
            [
              14.2525467,
              48.2844968
            ],
            [
              14.2526249,
              48.2845823
            ],
            [
              14.2534316,
              48.2852928
            ],
            [
              14.2537057,
              48.2855368
            ],
            [
              14.2538098,
              48.2856453
            ],
            [
              14.2539112,
              48.28574
            ],
            [
              14.2540194,
              48.2858243
            ],
            [
              14.2540991,
              48.2858864
            ],
            [
              14.2540691,
              48.2859074
            ],
            [
              14.2540469,
              48.2859357
            ],
            [
              14.2540382,
              48.2859629
            ],
            [
              14.2540393,
              48.2859873
            ],
            [
              14.2540503,
              48.2860142
            ],
            [
              14.2540728,
              48.2860398
            ],
            [
              14.2540212,
              48.2860708
            ],
            [
              14.2538878,
              48.2861524
            ],
            [
              14.253744,
              48.2862487
            ],
            [
              14.2536339,
              48.2863351
            ],
            [
              14.2535603,
              48.2863973
            ],
            [
              14.2534805,
              48.2864648
            ],
            [
              14.2533577,
              48.286589
            ],
            [
              14.2532618,
              48.2867051
            ],
            [
              14.253183,
              48.2868247
            ],
            [
              14.2531012,
              48.2869804
            ],
            [
              14.2527326,
              48.2877309
            ],
            [
              14.2526612,
              48.2879148
            ],
            [
              14.2526154,
              48.2880308
            ],
            [
              14.252561,
              48.2882309
            ],
            [
              14.2525362,
              48.2883239
            ],
            [
              14.2524999,
              48.2885036
            ],
            [
              14.2524805,
              48.2886107
            ],
            [
              14.2524683,
              48.2886779
            ],
            [
              14.2524265,
              48.2889935
            ],
            [
              14.252399,
              48.2892672
            ],
            [
              14.2523958,
              48.2892993
            ],
            [
              14.2523935,
              48.2894431
            ],
            [
              14.2523925,
              48.2895096
            ],
            [
              14.2523909,
              48.2897871
            ],
            [
              14.2523978,
              48.2899179
            ],
            [
              14.2524134,
              48.2900229
            ],
            [
              14.252443,
              48.2901429
            ],
            [
              14.2524668,
              48.2902341
            ],
            [
              14.2524832,
              48.2902971
            ],
            [
              14.2525412,
              48.2904845
            ],
            [
              14.2525655,
              48.2905445
            ],
            [
              14.2526129,
              48.2906388
            ],
            [
              14.2526831,
              48.2907583
            ],
            [
              14.2527951,
              48.2909273
            ],
            [
              14.252913,
              48.2910894
            ],
            [
              14.2529748,
              48.2911732
            ],
            [
              14.2530203,
              48.291235
            ],
            [
              14.2531515,
              48.291413
            ],
            [
              14.2532338,
              48.2915215
            ],
            [
              14.2532868,
              48.2915846
            ],
            [
              14.2533891,
              48.2917065
            ],
            [
              14.2535228,
              48.2918307
            ],
            [
              14.2537901,
              48.2920235
            ],
            [
              14.2540508,
              48.2921982
            ],
            [
              14.2542033,
              48.2923013
            ],
            [
              14.2547639,
              48.2926483
            ],
            [
              14.2548464,
              48.2926993
            ],
            [
              14.2550341,
              48.2928155
            ],
            [
              14.25532,
              48.2929755
            ],
            [
              14.2555884,
              48.2931145
            ],
            [
              14.2557789,
              48.2932063
            ],
            [
              14.2562978,
              48.2934459
            ],
            [
              14.256313,
              48.2934529
            ],
            [
              14.2566104,
              48.293586
            ],
            [
              14.2567931,
              48.2936678
            ],
            [
              14.2572634,
              48.2938742
            ],
            [
              14.2575308,
              48.2939915
            ],
            [
              14.2576053,
              48.2940231
            ],
            [
              14.2577101,
              48.2940676
            ],
            [
              14.2579225,
              48.2941578
            ],
            [
              14.2583519,
              48.2943426
            ],
            [
              14.2586948,
              48.2944876
            ],
            [
              14.2589008,
              48.2945736
            ],
            [
              14.259096,
              48.2946474
            ],
            [
              14.2591523,
              48.294667
            ],
            [
              14.2592327,
              48.2946949
            ],
            [
              14.2593469,
              48.2947268
            ],
            [
              14.2595213,
              48.2947582
            ],
            [
              14.2597361,
              48.2947783
            ],
            [
              14.2599946,
              48.2948109
            ],
            [
              14.2607196,
              48.2949193
            ],
            [
              14.2609965,
              48.2949544
            ],
            [
              14.261103,
              48.2949522
            ],
            [
              14.2612184,
              48.2949407
            ],
            [
              14.2613566,
              48.2949145
            ],
            [
              14.2615647,
              48.2948646
            ],
            [
              14.2616686,
              48.2948332
            ],
            [
              14.2617906,
              48.2947954
            ],
            [
              14.2618842,
              48.2947664
            ],
            [
              14.2621322,
              48.294683
            ],
            [
              14.2623645,
              48.2946013
            ],
            [
              14.2624211,
              48.294581
            ],
            [
              14.2625739,
              48.2945261
            ],
            [
              14.262626,
              48.2945074
            ],
            [
              14.2627959,
              48.2944394
            ],
            [
              14.2629868,
              48.2943569
            ],
            [
              14.2630549,
              48.294325
            ],
            [
              14.2631834,
              48.2942648
            ],
            [
              14.2634287,
              48.2941297
            ],
            [
              14.2634948,
              48.2940868
            ],
            [
              14.263552,
              48.2940496
            ],
            [
              14.2636883,
              48.2939369
            ],
            [
              14.2637681,
              48.2938637
            ],
            [
              14.2640682,
              48.2935806
            ],
            [
              14.2642083,
              48.2934685
            ],
            [
              14.2643622,
              48.2933466
            ],
            [
              14.2644035,
              48.293314
            ],
            [
              14.264584,
              48.2931655
            ],
            [
              14.2646503,
              48.2931052
            ],
            [
              14.2648541,
              48.2929165
            ],
            [
              14.2650489,
              48.2927383
            ],
            [
              14.2652274,
              48.2925743
            ],
            [
              14.2654101,
              48.2924235
            ],
            [
              14.2656117,
              48.2922615
            ],
            [
              14.2658069,
              48.2921141
            ],
            [
              14.2658614,
              48.2920728
            ],
            [
              14.266039,
              48.2919498
            ],
            [
              14.2660725,
              48.2919269
            ],
            [
              14.2662434,
              48.2918186
            ],
            [
              14.2663185,
              48.2917824
            ],
            [
              14.2664031,
              48.2917415
            ],
            [
              14.2665726,
              48.291677
            ],
            [
              14.2668152,
              48.2916063
            ],
            [
              14.2669797,
              48.2915626
            ],
            [
              14.2671345,
              48.2915101
            ],
            [
              14.2672544,
              48.2914549
            ],
            [
              14.2674176,
              48.2913669
            ],
            [
              14.2675519,
              48.2912786
            ],
            [
              14.2676689,
              48.2911814
            ],
            [
              14.2677238,
              48.2911307
            ],
            [
              14.2677839,
              48.2910753
            ],
            [
              14.2678275,
              48.2910308
            ],
            [
              14.267944,
              48.290911
            ],
            [
              14.2679508,
              48.290904
            ],
            [
              14.2679683,
              48.290886
            ],
            [
              14.2679926,
              48.2908513
            ],
            [
              14.2680212,
              48.2908127
            ],
            [
              14.2680649,
              48.2907314
            ],
            [
              14.2682281,
              48.2907925
            ],
            [
              14.268315,
              48.2908244
            ],
            [
              14.2684959,
              48.2909127
            ],
            [
              14.2686022,
              48.2909794
            ],
            [
              14.2687099,
              48.2910525
            ],
            [
              14.2687638,
              48.2910912
            ],
            [
              14.2689396,
              48.2912172
            ],
            [
              14.2690559,
              48.2913051
            ],
            [
              14.2691889,
              48.29142
            ],
            [
              14.2693115,
              48.2915375
            ],
            [
              14.2693885,
              48.2916091
            ],
            [
              14.2694237,
              48.2916429
            ],
            [
              14.2694659,
              48.2916866
            ],
            [
              14.2695652,
              48.2917896
            ],
            [
              14.2697642,
              48.2920073
            ],
            [
              14.2698242,
              48.2920849
            ],
            [
              14.2698915,
              48.2921784
            ],
            [
              14.270071,
              48.2924591
            ],
            [
              14.2701266,
              48.2925609
            ],
            [
              14.2702729,
              48.2925509
            ],
            [
              14.2703129,
              48.2925481
            ],
            [
              14.2704108,
              48.2925411
            ],
            [
              14.270532,
              48.2925284
            ],
            [
              14.2707286,
              48.2925007
            ],
            [
              14.2709428,
              48.2924629
            ],
            [
              14.2710246,
              48.2924436
            ],
            [
              14.2711279,
              48.2924188
            ],
            [
              14.2712492,
              48.2923858
            ],
            [
              14.2713754,
              48.2923495
            ],
            [
              14.2715099,
              48.2923048
            ],
            [
              14.2717561,
              48.2922063
            ],
            [
              14.2721545,
              48.2920505
            ],
            [
              14.2723473,
              48.2919781
            ],
            [
              14.2726202,
              48.2918716
            ],
            [
              14.2727128,
              48.2918355
            ],
            [
              14.2733931,
              48.2915599
            ],
            [
              14.2734796,
              48.2915248
            ],
            [
              14.2736734,
              48.2914463
            ],
            [
              14.2737409,
              48.291419
            ],
            [
              14.2738606,
              48.2913705
            ],
            [
              14.2740493,
              48.291294
            ],
            [
              14.2741743,
              48.2912445
            ],
            [
              14.274298,
              48.2911976
            ],
            [
              14.2744631,
              48.2911416
            ],
            [
              14.2746654,
              48.2910748
            ],
            [
              14.2747991,
              48.2910352
            ],
            [
              14.2749203,
              48.2910058
            ]
          ],
          [
            [
              14.2748233,
              48.2567244
            ],
            [
              14.2750677,
              48.2565492
            ]
          ],
          [
            [
              14.2665954,
              48.2617561
            ],
            [
              14.2667215,
              48.2616738
            ],
            [
              14.2668265,
              48.2616201
            ],
            [
              14.2669245,
              48.261579
            ],
            [
              14.2670412,
              48.2615448
            ]
          ],
          [
            [
              14.2620816,
              48.2641511
            ],
            [
              14.2620885,
              48.2641591
            ],
            [
              14.2617755,
              48.2642769
            ],
            [
              14.2617698,
              48.2642701
            ]
          ],
          [
            [
              14.2593011,
              48.2627663
            ],
            [
              14.2589629,
              48.2624791
            ]
          ],
          [
            [
              14.258175,
              48.2631084
            ],
            [
              14.2581899,
              48.2631457
            ],
            [
              14.2581283,
              48.2633783
            ],
            [
              14.2580928,
              48.2633921
            ]
          ],
          [
            [
              14.2490186,
              48.2768697
            ],
            [
              14.249286,
              48.2767902
            ],
            [
              14.2493337,
              48.2767887
            ]
          ],
          [
            [
              14.2455477,
              48.2782947
            ],
            [
              14.2454735,
              48.2783827
            ],
            [
              14.2454371,
              48.27845
            ],
            [
              14.245405,
              48.2785215
            ]
          ],
          [
            [
              14.2487372,
              48.2809423
            ],
            [
              14.2486139,
              48.280759
            ]
          ],
          [
            [
              14.2510847,
              48.2830282
            ],
            [
              14.2508879,
              48.2828529
            ]
          ],
          [
            [
              14.2536055,
              48.285599
            ],
            [
              14.2536364,
              48.2855929
            ],
            [
              14.2537621,
              48.2857451
            ],
            [
              14.2537376,
              48.2857597
            ]
          ],
          [
            [
              14.2528302,
              48.2911159
            ],
            [
              14.2527224,
              48.2909597
            ]
          ],
          [
            [
              14.2571825,
              48.2939072
            ],
            [
              14.2574605,
              48.2940311
            ]
          ],
          [
            [
              14.2645669,
              48.2932327
            ],
            [
              14.2644288,
              48.2933474
            ]
          ],
          [
            [
              14.2678519,
              48.2910825
            ],
            [
              14.26799,
              48.2909518
            ],
            [
              14.2680332,
              48.2909107
            ]
          ],
          [
            [
              14.2721256,
              48.2921306
            ],
            [
              14.2723191,
              48.2920566
            ]
          ],
          [
            [
              14.2750853,
              48.2910441
            ],
            [
              14.2748516,
              48.291105
            ]
          ]
        ]
      },
      "id": "relation/18740916"
    },
    {
      "type": "Feature",
      "properties": {
        "@id": "relation/18740917",
        "colour": "#51bc4a",
        "from": "Neue Heimat",
        "gtfs:feed": "AT-Linz_AG",
        "gtfs:route_id": "at:esg:194:",
        "gtfs:shape_id": "4-194-E-d25-2.1.R",
        "gtfs:trip_id:like": "%4-194-E-d25-2.1.R",
        "gtfs:trip_id:sample": "1.TA.4-194-E-d25-2.1.R",
        "name": "Bus 194: Neue Heimat => Stadion",
        "network": "Oberösterreichischer Verkehrsverbund",
        "network:short": "OÖVV",
        "network:wikidata": "Q2011605",
        "network:wikipedia": "de:Oberösterreichischer Verkehrsverbund",
        "operator": "Linz Linien GmbH",
        "public_transport:version": "2",
        "ref": "194",
        "ref_trips": "1.TA.2-194-E-d25-1.3.R",
        "route": "bus",
        "to": "Stadion",
        "type": "route"
      },
      "geometry": {
        "type": "MultiLineString",
        "coordinates": [
          [
            [
              14.2749203,
              48.2910058
            ],
            [
              14.2751102,
              48.2909626
            ],
            [
              14.2752438,
              48.2909329
            ],
            [
              14.2753153,
              48.290917
            ],
            [
              14.2755141,
              48.2908842
            ],
            [
              14.2758271,
              48.2908423
            ],
            [
              14.2758733,
              48.2908361
            ],
            [
              14.2758566,
              48.2907814
            ],
            [
              14.2758508,
              48.2907571
            ],
            [
              14.2758388,
              48.2907297
            ],
            [
              14.2757574,
              48.2906064
            ],
            [
              14.2756563,
              48.2902036
            ],
            [
              14.2756479,
              48.29017
            ],
            [
              14.2754888,
              48.2901883
            ],
            [
              14.275049,
              48.290239
            ],
            [
              14.2748319,
              48.2902718
            ],
            [
              14.2743601,
              48.2903645
            ],
            [
              14.273936,
              48.2904783
            ],
            [
              14.2732488,
              48.2907044
            ],
            [
              14.2729705,
              48.2907959
            ],
            [
              14.2729415,
              48.290804
            ],
            [
              14.2729184,
              48.2908081
            ],
            [
              14.2728927,
              48.2908112
            ],
            [
              14.2728704,
              48.2908128
            ],
            [
              14.2728199,
              48.2908145
            ],
            [
              14.2727805,
              48.2908137
            ],
            [
              14.2727696,
              48.2909457
            ],
            [
              14.272763,
              48.2910122
            ],
            [
              14.2727606,
              48.291037
            ],
            [
              14.2727492,
              48.2911152
            ],
            [
              14.2727382,
              48.2911776
            ],
            [
              14.2727245,
              48.2912335
            ],
            [
              14.2727107,
              48.2912862
            ],
            [
              14.2726958,
              48.2913365
            ],
            [
              14.2726566,
              48.2914507
            ],
            [
              14.2726176,
              48.2915525
            ],
            [
              14.2725937,
              48.2916086
            ],
            [
              14.2725655,
              48.2916749
            ],
            [
              14.2725544,
              48.2917077
            ],
            [
              14.2725502,
              48.2917273
            ],
            [
              14.2725486,
              48.2917473
            ],
            [
              14.2725514,
              48.291771
            ],
            [
              14.2725549,
              48.2917832
            ],
            [
              14.2725635,
              48.2918022
            ],
            [
              14.2725769,
              48.2918218
            ],
            [
              14.2726202,
              48.2918716
            ],
            [
              14.2723473,
              48.2919781
            ],
            [
              14.2721545,
              48.2920505
            ],
            [
              14.2717561,
              48.2922063
            ],
            [
              14.2715099,
              48.2923048
            ],
            [
              14.2713754,
              48.2923495
            ],
            [
              14.2712492,
              48.2923858
            ],
            [
              14.2711279,
              48.2924188
            ],
            [
              14.2710246,
              48.2924436
            ],
            [
              14.2709428,
              48.2924629
            ],
            [
              14.2707286,
              48.2925007
            ],
            [
              14.270532,
              48.2925284
            ],
            [
              14.2704108,
              48.2925411
            ],
            [
              14.2703129,
              48.2925481
            ],
            [
              14.2702729,
              48.2925509
            ],
            [
              14.2701266,
              48.2925609
            ],
            [
              14.270071,
              48.2924591
            ],
            [
              14.2698915,
              48.2921784
            ],
            [
              14.2698242,
              48.2920849
            ],
            [
              14.2697642,
              48.2920073
            ],
            [
              14.2695652,
              48.2917896
            ],
            [
              14.2694659,
              48.2916866
            ],
            [
              14.2694237,
              48.2916429
            ],
            [
              14.2693885,
              48.2916091
            ],
            [
              14.2693115,
              48.2915375
            ],
            [
              14.2691889,
              48.29142
            ],
            [
              14.2690559,
              48.2913051
            ],
            [
              14.2689396,
              48.2912172
            ],
            [
              14.2687638,
              48.2910912
            ],
            [
              14.2687099,
              48.2910525
            ],
            [
              14.2686022,
              48.2909794
            ],
            [
              14.2684959,
              48.2909127
            ],
            [
              14.268315,
              48.2908244
            ],
            [
              14.2682281,
              48.2907925
            ],
            [
              14.2680649,
              48.2907314
            ],
            [
              14.2680212,
              48.2908127
            ],
            [
              14.2679926,
              48.2908513
            ],
            [
              14.2679683,
              48.290886
            ],
            [
              14.2679508,
              48.290904
            ],
            [
              14.267944,
              48.290911
            ],
            [
              14.2678275,
              48.2910308
            ],
            [
              14.2677839,
              48.2910753
            ],
            [
              14.2677238,
              48.2911307
            ],
            [
              14.2676689,
              48.2911814
            ],
            [
              14.2675519,
              48.2912786
            ],
            [
              14.2674176,
              48.2913669
            ],
            [
              14.2672544,
              48.2914549
            ],
            [
              14.2671345,
              48.2915101
            ],
            [
              14.2669797,
              48.2915626
            ],
            [
              14.2668152,
              48.2916063
            ],
            [
              14.2665726,
              48.291677
            ],
            [
              14.2664031,
              48.2917415
            ],
            [
              14.2663185,
              48.2917824
            ],
            [
              14.2662434,
              48.2918186
            ],
            [
              14.2660725,
              48.2919269
            ],
            [
              14.266039,
              48.2919498
            ],
            [
              14.2658614,
              48.2920728
            ],
            [
              14.2658069,
              48.2921141
            ],
            [
              14.2656117,
              48.2922615
            ],
            [
              14.2654101,
              48.2924235
            ],
            [
              14.2652274,
              48.2925743
            ],
            [
              14.2650489,
              48.2927383
            ],
            [
              14.2648541,
              48.2929165
            ],
            [
              14.2646503,
              48.2931052
            ],
            [
              14.264584,
              48.2931655
            ],
            [
              14.2644035,
              48.293314
            ],
            [
              14.2643622,
              48.2933466
            ],
            [
              14.2642083,
              48.2934685
            ],
            [
              14.2640682,
              48.2935806
            ],
            [
              14.2637681,
              48.2938637
            ],
            [
              14.2636883,
              48.2939369
            ],
            [
              14.263552,
              48.2940496
            ],
            [
              14.2634948,
              48.2940868
            ],
            [
              14.2634287,
              48.2941297
            ],
            [
              14.2631834,
              48.2942648
            ],
            [
              14.2630549,
              48.294325
            ],
            [
              14.2629868,
              48.2943569
            ],
            [
              14.2627959,
              48.2944394
            ],
            [
              14.262626,
              48.2945074
            ],
            [
              14.2625739,
              48.2945261
            ],
            [
              14.2624211,
              48.294581
            ],
            [
              14.2623645,
              48.2946013
            ],
            [
              14.2621322,
              48.294683
            ],
            [
              14.2618842,
              48.2947664
            ],
            [
              14.2617906,
              48.2947954
            ],
            [
              14.2616686,
              48.2948332
            ],
            [
              14.2615647,
              48.2948646
            ],
            [
              14.2613566,
              48.2949145
            ],
            [
              14.2612184,
              48.2949407
            ],
            [
              14.261103,
              48.2949522
            ],
            [
              14.2609965,
              48.2949544
            ],
            [
              14.2607196,
              48.2949193
            ],
            [
              14.2599946,
              48.2948109
            ],
            [
              14.2597361,
              48.2947783
            ],
            [
              14.2595213,
              48.2947582
            ],
            [
              14.2593469,
              48.2947268
            ],
            [
              14.2592327,
              48.2946949
            ],
            [
              14.2591523,
              48.294667
            ],
            [
              14.259096,
              48.2946474
            ],
            [
              14.2589008,
              48.2945736
            ],
            [
              14.2586948,
              48.2944876
            ],
            [
              14.2583519,
              48.2943426
            ],
            [
              14.2579225,
              48.2941578
            ],
            [
              14.2577101,
              48.2940676
            ],
            [
              14.2576053,
              48.2940231
            ],
            [
              14.2575308,
              48.2939915
            ],
            [
              14.2572634,
              48.2938742
            ],
            [
              14.2567931,
              48.2936678
            ],
            [
              14.2566104,
              48.293586
            ],
            [
              14.256313,
              48.2934529
            ],
            [
              14.2562978,
              48.2934459
            ],
            [
              14.2557789,
              48.2932063
            ],
            [
              14.2555884,
              48.2931145
            ],
            [
              14.25532,
              48.2929755
            ],
            [
              14.2550341,
              48.2928155
            ],
            [
              14.2548464,
              48.2926993
            ],
            [
              14.2547639,
              48.2926483
            ],
            [
              14.2542033,
              48.2923013
            ],
            [
              14.2540508,
              48.2921982
            ],
            [
              14.2537901,
              48.2920235
            ],
            [
              14.2535228,
              48.2918307
            ],
            [
              14.2533891,
              48.2917065
            ],
            [
              14.2532868,
              48.2915846
            ],
            [
              14.2532338,
              48.2915215
            ],
            [
              14.2531515,
              48.291413
            ],
            [
              14.2530203,
              48.291235
            ],
            [
              14.2529748,
              48.2911732
            ],
            [
              14.252913,
              48.2910894
            ],
            [
              14.2527951,
              48.2909273
            ],
            [
              14.2526831,
              48.2907583
            ],
            [
              14.2526129,
              48.2906388
            ],
            [
              14.2525655,
              48.2905445
            ],
            [
              14.2525412,
              48.2904845
            ],
            [
              14.2524832,
              48.2902971
            ],
            [
              14.2524668,
              48.2902341
            ],
            [
              14.252443,
              48.2901429
            ],
            [
              14.2524134,
              48.2900229
            ],
            [
              14.2523978,
              48.2899179
            ],
            [
              14.2523909,
              48.2897871
            ],
            [
              14.2523925,
              48.2895096
            ],
            [
              14.2523935,
              48.2894431
            ],
            [
              14.2523958,
              48.2892993
            ],
            [
              14.252399,
              48.2892672
            ],
            [
              14.2524265,
              48.2889935
            ],
            [
              14.2524683,
              48.2886779
            ],
            [
              14.2524805,
              48.2886107
            ],
            [
              14.2524999,
              48.2885036
            ],
            [
              14.2525362,
              48.2883239
            ],
            [
              14.252561,
              48.2882309
            ],
            [
              14.2526154,
              48.2880308
            ],
            [
              14.2526612,
              48.2879148
            ],
            [
              14.2527326,
              48.2877309
            ],
            [
              14.2531012,
              48.2869804
            ],
            [
              14.253183,
              48.2868247
            ],
            [
              14.2532618,
              48.2867051
            ],
            [
              14.2533577,
              48.286589
            ],
            [
              14.2534805,
              48.2864648
            ],
            [
              14.2535603,
              48.2863973
            ],
            [
              14.2536339,
              48.2863351
            ],
            [
              14.253744,
              48.2862487
            ],
            [
              14.2538878,
              48.2861524
            ],
            [
              14.2540212,
              48.2860708
            ],
            [
              14.2540728,
              48.2860398
            ],
            [
              14.2541006,
              48.2860583
            ],
            [
              14.2541345,
              48.2860721
            ],
            [
              14.25418,
              48.2860809
            ],
            [
              14.2542303,
              48.2860804
            ],
            [
              14.2542726,
              48.2860717
            ],
            [
              14.2543114,
              48.2860549
            ],
            [
              14.2543414,
              48.286032
            ],
            [
              14.2543607,
              48.2860048
            ],
            [
              14.2543681,
              48.2859757
            ],
            [
              14.2543652,
              48.2859509
            ],
            [
              14.2543529,
              48.2859257
            ],
            [
              14.254335,
              48.2859058
            ],
            [
              14.2543082,
              48.2858872
            ],
            [
              14.2542721,
              48.2858721
            ],
            [
              14.2542276,
              48.2858632
            ],
            [
              14.254184,
              48.2858627
            ],
            [
              14.2541333,
              48.2858722
            ],
            [
              14.2540991,
              48.2858864
            ],
            [
              14.2540194,
              48.2858243
            ],
            [
              14.2539112,
              48.28574
            ],
            [
              14.2538098,
              48.2856453
            ],
            [
              14.2537057,
              48.2855368
            ],
            [
              14.2534316,
              48.2852928
            ],
            [
              14.2526249,
              48.2845823
            ],
            [
              14.2525467,
              48.2844968
            ],
            [
              14.2524533,
              48.2843774
            ],
            [
              14.2524049,
              48.2843156
            ],
            [
              14.2523899,
              48.2842964
            ],
            [
              14.2521305,
              48.283955
            ],
            [
              14.2519874,
              48.2837816
            ],
            [
              14.2518561,
              48.2836465
            ],
            [
              14.2517014,
              48.2835071
            ],
            [
              14.2514321,
              48.2832651
            ],
            [
              14.2513798,
              48.2832182
            ],
            [
              14.2512061,
              48.2830622
            ],
            [
              14.2509886,
              48.2828665
            ],
            [
              14.2509497,
              48.2828315
            ],
            [
              14.2507875,
              48.2826856
            ],
            [
              14.2507415,
              48.2826443
            ],
            [
              14.250513,
              48.2824387
            ],
            [
              14.2504837,
              48.2824123
            ],
            [
              14.2504706,
              48.2824006
            ],
            [
              14.2502827,
              48.2822317
            ],
            [
              14.2502689,
              48.2822186
            ],
            [
              14.2501307,
              48.2820886
            ],
            [
              14.2500187,
              48.2819833
            ],
            [
              14.2498769,
              48.2818624
            ],
            [
              14.249847,
              48.281837
            ],
            [
              14.2497477,
              48.2817593
            ],
            [
              14.2497229,
              48.281743
            ],
            [
              14.249451,
              48.281564
            ],
            [
              14.2493744,
              48.2815136
            ],
            [
              14.2492375,
              48.2814165
            ],
            [
              14.2491379,
              48.2813287
            ],
            [
              14.2490514,
              48.2812412
            ],
            [
              14.2489857,
              48.2811589
            ],
            [
              14.2488707,
              48.2809836
            ],
            [
              14.2488396,
              48.2809347
            ],
            [
              14.2487297,
              48.2807619
            ],
            [
              14.2487197,
              48.2807463
            ],
            [
              14.2487073,
              48.2807267
            ],
            [
              14.2486605,
              48.2806531
            ],
            [
              14.2484005,
              48.2802446
            ],
            [
              14.2483592,
              48.2801975
            ],
            [
              14.2482781,
              48.2801178
            ],
            [
              14.2481622,
              48.2800429
            ],
            [
              14.248094,
              48.2800168
            ],
            [
              14.247928,
              48.2799578
            ],
            [
              14.2477461,
              48.2798943
            ],
            [
              14.2476476,
              48.2798583
            ],
            [
              14.2474611,
              48.2797928
            ],
            [
              14.2472111,
              48.2797019
            ],
            [
              14.2468449,
              48.2795542
            ],
            [
              14.2466414,
              48.2794604
            ],
            [
              14.2462264,
              48.2792564
            ],
            [
              14.2461572,
              48.2792195
            ],
            [
              14.2458093,
              48.2790344
            ],
            [
              14.2457131,
              48.2789779
            ],
            [
              14.2455563,
              48.2788858
            ],
            [
              14.2454549,
              48.2788262
            ],
            [
              14.2453467,
              48.2787626
            ],
            [
              14.2454273,
              48.278633
            ],
            [
              14.2454575,
              48.2785905
            ],
            [
              14.2455115,
              48.2785146
            ],
            [
              14.2455558,
              48.2784577
            ],
            [
              14.2456394,
              48.2783571
            ],
            [
              14.2457315,
              48.2782471
            ],
            [
              14.2458727,
              48.2780867
            ],
            [
              14.2459783,
              48.2779943
            ],
            [
              14.2460264,
              48.2779551
            ],
            [
              14.2460392,
              48.2779447
            ],
            [
              14.2460869,
              48.2779057
            ],
            [
              14.246241,
              48.2777975
            ],
            [
              14.2463512,
              48.2777346
            ],
            [
              14.2464238,
              48.2776995
            ],
            [
              14.2464786,
              48.2776729
            ],
            [
              14.246496,
              48.2776651
            ],
            [
              14.2468203,
              48.2775186
            ],
            [
              14.2468671,
              48.2774974
            ],
            [
              14.2468926,
              48.2774853
            ],
            [
              14.2470506,
              48.2774146
            ],
            [
              14.2473159,
              48.2772947
            ],
            [
              14.2476536,
              48.2771422
            ],
            [
              14.2477368,
              48.2771118
            ],
            [
              14.2478312,
              48.2770828
            ],
            [
              14.2479075,
              48.2770656
            ],
            [
              14.247996,
              48.2770521
            ],
            [
              14.2480984,
              48.2770467
            ],
            [
              14.2482344,
              48.2770474
            ],
            [
              14.2483608,
              48.2770539
            ],
            [
              14.2484784,
              48.2770547
            ],
            [
              14.2485334,
              48.277052
            ],
            [
              14.2486262,
              48.277045
            ],
            [
              14.2487299,
              48.2770294
            ],
            [
              14.2488201,
              48.2770083
            ],
            [
              14.2488707,
              48.2769932
            ],
            [
              14.2489117,
              48.276981
            ],
            [
              14.2490696,
              48.2769299
            ],
            [
              14.2492073,
              48.2768854
            ],
            [
              14.2492932,
              48.2768562
            ],
            [
              14.2494641,
              48.2767999
            ],
            [
              14.2498359,
              48.2766899
            ],
            [
              14.2499936,
              48.2766433
            ],
            [
              14.2500186,
              48.2766359
            ],
            [
              14.2503488,
              48.2765382
            ],
            [
              14.2504631,
              48.2765027
            ],
            [
              14.2506148,
              48.2764502
            ],
            [
              14.2507275,
              48.2764021
            ],
            [
              14.2508629,
              48.2763313
            ],
            [
              14.2510598,
              48.2762111
            ],
            [
              14.2511751,
              48.2761407
            ],
            [
              14.2513418,
              48.276039
            ],
            [
              14.2516661,
              48.275841
            ],
            [
              14.2519114,
              48.2756944
            ],
            [
              14.2521415,
              48.2755778
            ],
            [
              14.2524279,
              48.2754621
            ],
            [
              14.2526224,
              48.2753927
            ],
            [
              14.2527871,
              48.2753379
            ],
            [
              14.2529277,
              48.2753008
            ],
            [
              14.2530753,
              48.2752691
            ],
            [
              14.2532842,
              48.2752236
            ],
            [
              14.2534271,
              48.2751977
            ],
            [
              14.2536171,
              48.2751664
            ],
            [
              14.253657,
              48.2751598
            ],
            [
              14.2541196,
              48.2750835
            ],
            [
              14.2543947,
              48.2750359
            ],
            [
              14.2546549,
              48.2749795
            ],
            [
              14.2552336,
              48.2748054
            ],
            [
              14.255424,
              48.2747394
            ],
            [
              14.2558016,
              48.2745858
            ],
            [
              14.2560033,
              48.2744937
            ],
            [
              14.2562781,
              48.2743403
            ],
            [
              14.2564871,
              48.2742062
            ],
            [
              14.2567049,
              48.2740501
            ],
            [
              14.2568917,
              48.273886
            ],
            [
              14.2570927,
              48.2736885
            ],
            [
              14.2571454,
              48.2736335
            ],
            [
              14.2571645,
              48.2736136
            ]
          ],
          [
            [
              14.2574051,
              48.2735388
            ],
            [
              14.2573839,
              48.2735709
            ],
            [
              14.2573369,
              48.2736036
            ],
            [
              14.2572848,
              48.27362
            ],
            [
              14.2572203,
              48.2736238
            ],
            [
              14.2571645,
              48.2736136
            ],
            [
              14.2571267,
              48.2735976
            ],
            [
              14.2570961,
              48.2735754
            ],
            [
              14.2570764,
              48.2735509
            ],
            [
              14.2570647,
              48.2735132
            ],
            [
              14.2570704,
              48.2734795
            ],
            [
              14.2570858,
              48.273454
            ],
            [
              14.2571231,
              48.2734228
            ],
            [
              14.2571746,
              48.2734018
            ],
            [
              14.2572332,
              48.2733939
            ],
            [
              14.2573051,
              48.273403
            ],
            [
              14.2573532,
              48.2734232
            ],
            [
              14.2573938,
              48.2734592
            ],
            [
              14.2574097,
              48.2734957
            ],
            [
              14.2574051,
              48.2735388
            ]
          ],
          [
            [
              14.2568761,
              48.2679478
            ],
            [
              14.2568528,
              48.2679836
            ],
            [
              14.2568182,
              48.2680368
            ],
            [
              14.2567723,
              48.2681074
            ],
            [
              14.2567372,
              48.2681682
            ],
            [
              14.2566975,
              48.2682416
            ],
            [
              14.2566555,
              48.2683288
            ],
            [
              14.2566067,
              48.2684615
            ],
            [
              14.2565567,
              48.2686206
            ],
            [
              14.2564453,
              48.2691395
            ],
            [
              14.256357,
              48.2695809
            ],
            [
              14.2563251,
              48.2698139
            ],
            [
              14.2563185,
              48.2700141
            ],
            [
              14.2563244,
              48.2700911
            ],
            [
              14.2563375,
              48.2702335
            ],
            [
              14.2563686,
              48.2703656
            ],
            [
              14.2564055,
              48.2704779
            ],
            [
              14.256443,
              48.2705641
            ],
            [
              14.2564819,
              48.2706469
            ],
            [
              14.2565659,
              48.2707856
            ],
            [
              14.2566851,
              48.2709424
            ],
            [
              14.2567969,
              48.2710663
            ],
            [
              14.257073,
              48.2713803
            ],
            [
              14.257236,
              48.2715835
            ],
            [
              14.2572984,
              48.271677
            ],
            [
              14.2573626,
              48.2717901
            ],
            [
              14.2574108,
              48.2718845
            ],
            [
              14.2574571,
              48.2719909
            ],
            [
              14.2574892,
              48.272092
            ],
            [
              14.2575155,
              48.2721893
            ],
            [
              14.2575372,
              48.2722797
            ],
            [
              14.2575513,
              48.272385
            ],
            [
              14.2575589,
              48.2724698
            ],
            [
              14.2575599,
              48.2725679
            ],
            [
              14.2575545,
              48.2726739
            ],
            [
              14.2575362,
              48.2728165
            ],
            [
              14.2575172,
              48.2729069
            ],
            [
              14.2574824,
              48.273037
            ],
            [
              14.2573751,
              48.2732801
            ],
            [
              14.2573562,
              48.273323
            ],
            [
              14.2573187,
              48.2733817
            ],
            [
              14.2573051,
              48.273403
            ]
          ],
          [
            [
              14.2568096,
              48.2677794
            ],
            [
              14.2568516,
              48.267747
            ],
            [
              14.2569247,
              48.267723
            ],
            [
              14.2569889,
              48.2677205
            ],
            [
              14.2570479,
              48.2677321
            ],
            [
              14.2571162,
              48.2677704
            ],
            [
              14.2571414,
              48.2678033
            ],
            [
              14.2571508,
              48.2678402
            ],
            [
              14.2571448,
              48.2678726
            ],
            [
              14.2571246,
              48.2679047
            ],
            [
              14.2570922,
              48.2679313
            ],
            [
              14.2570459,
              48.2679522
            ],
            [
              14.2569853,
              48.2679633
            ],
            [
              14.2569288,
              48.2679612
            ],
            [
              14.2568761,
              48.2679478
            ],
            [
              14.2568356,
              48.2679268
            ],
            [
              14.2567993,
              48.2678908
            ],
            [
              14.2567841,
              48.2678482
            ],
            [
              14.2567895,
              48.2678117
            ],
            [
              14.2568096,
              48.2677794
            ]
          ],
          [
            [
              14.2576984,
              48.2645586
            ],
            [
              14.2576651,
              48.264551
            ],
            [
              14.2576304,
              48.2645359
            ],
            [
              14.2576008,
              48.2645132
            ],
            [
              14.2575847,
              48.264491
            ],
            [
              14.2575765,
              48.2644647
            ],
            [
              14.2575784,
              48.2644396
            ],
            [
              14.2576007,
              48.2644011
            ],
            [
              14.2576351,
              48.2643757
            ],
            [
              14.2576764,
              48.26436
            ],
            [
              14.2577271,
              48.2643532
            ],
            [
              14.2577786,
              48.2643578
            ],
            [
              14.257825,
              48.2643733
            ],
            [
              14.2578623,
              48.2643994
            ],
            [
              14.2578808,
              48.2644246
            ],
            [
              14.2578886,
              48.2644563
            ],
            [
              14.2578824,
              48.2644862
            ],
            [
              14.2578687,
              48.2645079
            ],
            [
              14.257846,
              48.2645285
            ],
            [
              14.2578139,
              48.2645458
            ],
            [
              14.2577627,
              48.2645591
            ],
            [
              14.2576984,
              48.2645586
            ],
            [
              14.2576718,
              48.2646161
            ],
            [
              14.2576625,
              48.2646361
            ],
            [
              14.2575127,
              48.2649652
            ],
            [
              14.2573547,
              48.2652867
            ],
            [
              14.2573348,
              48.2653287
            ],
            [
              14.257259,
              48.2655142
            ],
            [
              14.2570884,
              48.2659953
            ],
            [
              14.2570057,
              48.2662758
            ],
            [
              14.2568804,
              48.2667094
            ],
            [
              14.2568173,
              48.2669538
            ],
            [
              14.2567651,
              48.2671851
            ],
            [
              14.2567133,
              48.2674268
            ],
            [
              14.2566877,
              48.2675815
            ],
            [
              14.2566833,
              48.2676211
            ],
            [
              14.2566953,
              48.2676953
            ],
            [
              14.2567221,
              48.2677338
            ],
            [
              14.2567623,
              48.2677597
            ],
            [
              14.2568096,
              48.2677794
            ]
          ],
          [
            [
              14.2812686,
              48.2536639
            ],
            [
              14.2812246,
              48.2536518
            ],
            [
              14.2806008,
              48.2534971
            ],
            [
              14.2795045,
              48.2532253
            ],
            [
              14.279247,
              48.2531675
            ],
            [
              14.2792285,
              48.2531987
            ],
            [
              14.2787982,
              48.2539107
            ],
            [
              14.2787528,
              48.2539987
            ],
            [
              14.2787377,
              48.2540577
            ],
            [
              14.2787423,
              48.2540803
            ],
            [
              14.2787494,
              48.2541156
            ],
            [
              14.2787621,
              48.254137
            ],
            [
              14.2787929,
              48.2541891
            ],
            [
              14.2788293,
              48.254233
            ],
            [
              14.2787038,
              48.2542822
            ],
            [
              14.2785895,
              48.2543359
            ],
            [
              14.2783704,
              48.2544476
            ],
            [
              14.2781415,
              48.2545706
            ],
            [
              14.2780879,
              48.2546009
            ],
            [
              14.2780005,
              48.2546516
            ],
            [
              14.2778871,
              48.2547199
            ],
            [
              14.2776741,
              48.2548664
            ],
            [
              14.2775639,
              48.2549431
            ],
            [
              14.2773659,
              48.2550731
            ],
            [
              14.277181,
              48.2552042
            ],
            [
              14.2770685,
              48.2552801
            ],
            [
              14.2770443,
              48.2552965
            ],
            [
              14.2769825,
              48.2553382
            ],
            [
              14.2767481,
              48.2554964
            ],
            [
              14.2765378,
              48.255636
            ],
            [
              14.2762908,
              48.2558
            ],
            [
              14.2760865,
              48.2559357
            ],
            [
              14.2760216,
              48.2559788
            ],
            [
              14.2759304,
              48.2560393
            ],
            [
              14.2754996,
              48.2563328
            ],
            [
              14.2753853,
              48.2564092
            ],
            [
              14.275217,
              48.2565238
            ],
            [
              14.27506,
              48.2566283
            ],
            [
              14.274895,
              48.2567398
            ],
            [
              14.2747815,
              48.2568202
            ],
            [
              14.2745295,
              48.2570102
            ],
            [
              14.2741366,
              48.2572988
            ],
            [
              14.273526,
              48.2577437
            ],
            [
              14.2732455,
              48.2579185
            ],
            [
              14.2731702,
              48.2579655
            ],
            [
              14.2730174,
              48.2580578
            ],
            [
              14.2727995,
              48.2581895
            ],
            [
              14.2725071,
              48.2583549
            ],
            [
              14.272486,
              48.2583669
            ],
            [
              14.2721831,
              48.2585393
            ],
            [
              14.2718423,
              48.2587332
            ],
            [
              14.2714144,
              48.2589868
            ],
            [
              14.2711421,
              48.2591481
            ],
            [
              14.2708749,
              48.2593049
            ],
            [
              14.2706898,
              48.2594167
            ],
            [
              14.2705964,
              48.2594794
            ],
            [
              14.2704961,
              48.2595528
            ],
            [
              14.2703948,
              48.259639
            ],
            [
              14.2702598,
              48.2597601
            ],
            [
              14.2701219,
              48.2598876
            ],
            [
              14.2699947,
              48.2599995
            ],
            [
              14.2698887,
              48.2600943
            ],
            [
              14.2698062,
              48.2601624
            ],
            [
              14.2696668,
              48.2602516
            ],
            [
              14.269453,
              48.2603723
            ],
            [
              14.2688342,
              48.260701
            ],
            [
              14.2686707,
              48.2607869
            ],
            [
              14.2678516,
              48.2612051
            ],
            [
              14.2675783,
              48.2613387
            ],
            [
              14.2671879,
              48.261534
            ],
            [
              14.2671064,
              48.2615736
            ],
            [
              14.2665013,
              48.2618677
            ],
            [
              14.2664167,
              48.2619089
            ],
            [
              14.2664406,
              48.2619356
            ],
            [
              14.2664555,
              48.2619668
            ],
            [
              14.266459,
              48.2619904
            ],
            [
              14.2664505,
              48.2620313
            ],
            [
              14.2664297,
              48.2620629
            ],
            [
              14.2663955,
              48.2620914
            ],
            [
              14.2663528,
              48.2621123
            ],
            [
              14.2663054,
              48.2621249
            ],
            [
              14.2662636,
              48.2621293
            ],
            [
              14.2662162,
              48.2621272
            ],
            [
              14.2661604,
              48.2621148
            ],
            [
              14.2661133,
              48.2620931
            ],
            [
              14.2660755,
              48.262062
            ],
            [
              14.2659681,
              48.2621123
            ],
            [
              14.2656899,
              48.2622715
            ],
            [
              14.2653261,
              48.2624768
            ],
            [
              14.2651646,
              48.262568
            ],
            [
              14.2646352,
              48.2628669
            ],
            [
              14.2643248,
              48.2630421
            ],
            [
              14.2641882,
              48.2631288
            ],
            [
              14.2636923,
              48.2634436
            ],
            [
              14.263551,
              48.2635333
            ],
            [
              14.2634505,
              48.2635971
            ],
            [
              14.2634776,
              48.2636144
            ],
            [
              14.2634958,
              48.2636347
            ],
            [
              14.2635068,
              48.2636626
            ],
            [
              14.2635035,
              48.2636935
            ],
            [
              14.2634877,
              48.2637192
            ],
            [
              14.2634522,
              48.2637455
            ],
            [
              14.2634122,
              48.2637594
            ],
            [
              14.2633614,
              48.2637639
            ],
            [
              14.2633148,
              48.2637568
            ],
            [
              14.2632728,
              48.2637384
            ],
            [
              14.263163,
              48.263791
            ],
            [
              14.2630305,
              48.2638391
            ],
            [
              14.2628795,
              48.2638915
            ],
            [
              14.2626361,
              48.263986
            ],
            [
              14.2624292,
              48.2640711
            ],
            [
              14.2622422,
              48.264146
            ],
            [
              14.2621094,
              48.2642
            ],
            [
              14.2619401,
              48.2642691
            ],
            [
              14.261874,
              48.2642956
            ],
            [
              14.2617519,
              48.2643454
            ],
            [
              14.261376,
              48.2644979
            ],
            [
              14.2613396,
              48.2645143
            ],
            [
              14.2612936,
              48.2645365
            ],
            [
              14.2611844,
              48.2645894
            ],
            [
              14.2611001,
              48.2646302
            ],
            [
              14.2610602,
              48.2646495
            ],
            [
              14.2609798,
              48.2646884
            ],
            [
              14.2608411,
              48.2645316
            ],
            [
              14.260527,
              48.2642443
            ],
            [
              14.2604447,
              48.264169
            ],
            [
              14.2595844,
              48.2634097
            ],
            [
              14.2595535,
              48.2633828
            ],
            [
              14.2592692,
              48.2631382
            ],
            [
              14.2591344,
              48.2630528
            ],
            [
              14.2590279,
              48.2630016
            ],
            [
              14.2589445,
              48.2629886
            ],
            [
              14.2588221,
              48.2629867
            ],
            [
              14.2586559,
              48.2630044
            ],
            [
              14.2585779,
              48.2630692
            ],
            [
              14.2584963,
              48.263111
            ],
            [
              14.2583847,
              48.2631346
            ],
            [
              14.2583021,
              48.2631314
            ],
            [
              14.2582887,
              48.2631976
            ],
            [
              14.2582314,
              48.2633573
            ],
            [
              14.2581678,
              48.2635024
            ],
            [
              14.2580732,
              48.263748
            ],
            [
              14.2580055,
              48.2638889
            ],
            [
              14.2579388,
              48.264037
            ],
            [
              14.257815,
              48.2642842
            ],
            [
              14.2578091,
              48.2642962
            ],
            [
              14.2577786,
              48.2643578
            ]
          ],
          [
            [
              14.2750853,
              48.2910441
            ],
            [
              14.2748516,
              48.291105
            ]
          ],
          [
            [
              14.2718351,
              48.2920934
            ],
            [
              14.2716753,
              48.2921561
            ],
            [
              14.2715723,
              48.2921965
            ]
          ],
          [
            [
              14.2685732,
              48.29086
            ],
            [
              14.2687238,
              48.2909441
            ],
            [
              14.2687794,
              48.2910067
            ]
          ],
          [
            [
              14.2636231,
              48.2938987
            ],
            [
              14.2635698,
              48.2939275
            ],
            [
              14.2634279,
              48.2940387
            ]
          ],
          [
            [
              14.258197,
              48.2942024
            ],
            [
              14.2582328,
              48.2942128
            ],
            [
              14.2583906,
              48.2942827
            ],
            [
              14.2584308,
              48.2943118
            ]
          ],
          [
            [
              14.2531089,
              48.2912003
            ],
            [
              14.2532172,
              48.2913721
            ]
          ],
          [
            [
              14.2537093,
              48.285462
            ],
            [
              14.2538245,
              48.2855547
            ],
            [
              14.253895,
              48.2856115
            ]
          ],
          [
            [
              14.2501151,
              48.281973
            ],
            [
              14.2499901,
              48.2818578
            ],
            [
              14.2499447,
              48.2818221
            ]
          ],
          [
            [
              14.2486697,
              48.2805063
            ],
            [
              14.2487898,
              48.2806846
            ]
          ],
          [
            [
              14.2456294,
              48.2788381
            ],
            [
              14.2458071,
              48.2789333
            ]
          ],
          [
            [
              14.2492257,
              48.2769726
            ],
            [
              14.2493827,
              48.2769209
            ],
            [
              14.2494282,
              48.2769017
            ],
            [
              14.2495103,
              48.276867
            ]
          ],
          [
            [
              14.2588389,
              48.2630281
            ],
            [
              14.2588176,
              48.2630275
            ],
            [
              14.2587722,
              48.2630336
            ],
            [
              14.2587277,
              48.2630503
            ],
            [
              14.2586861,
              48.2630684
            ],
            [
              14.2585215,
              48.2631741
            ]
          ],
          [
            [
              14.2607597,
              48.2645331
            ],
            [
              14.2607819,
              48.2645215
            ],
            [
              14.2604744,
              48.2642584
            ],
            [
              14.2604512,
              48.2642704
            ]
          ],
          [
            [
              14.2673129,
              48.2615828
            ],
            [
              14.2675415,
              48.2614735
            ],
            [
              14.2676463,
              48.2614016
            ]
          ]
        ]
      },
      "id": "relation/18740917"
    }
  ]
}