{
  "type": "FeatureCollection",
  "features": [
    {
      "type": "Feature",
      "properties": {
        "@id": "relation/1147278",
        "alternate": "no",
        "colour": "#e4ae44",
        "from": "Theatergasse",
        "name": "Bus 192: Theatergasse => Stadtplatz Leonding",
        "name:de": "Bus 192: Theatergasse => Stadtplatz Leonding",
        "name:en": "Bus 192: Theatergasse => Town Square Leonding",
        "network": "Oberösterreichischer Verkehrsverbund",
        "network:short": "OÖVV",
        "network:wikidata": "Q2011605",
        "network:wikipedia": "de:Oberösterreichischer Verkehrsverbund",
        "operator": "Linz Linien GmbH",
        "public_transport:version": "2",
        "ref": "192",
        "route": "bus",
        "to": "Stadtplatz Leonding",
        "type": "route"
      },
      "geometry": {
        "type": "MultiLineString",
        "coordinates": [
          [
            [
              14.2842044,
              48.3039445
            ],
            [
              14.2843678,
              48.3040262
            ],
            [
              14.2849798,
              48.3043321
            ],
            [
              14.285046,
              48.3043508
            ],
            [
              14.285049,
              48.3043511
            ],
            [
              14.2851061,
              48.3043635
            ],
            [
              14.2851782,
              48.3043659
            ],
            [
              14.2852851,
              48.3043667
            ],
            [
              14.2854608,
              48.3043653
            ],
            [
              14.2855302,
              48.3043672
            ],
            [
              14.2855758,
              48.3043775
            ],
            [
              14.2866544,
              48.3048232
            ],
            [
              14.2866872,
              48.3048367
            ],
            [
              14.2868291,
              48.3048953
            ],
            [
              14.2871126,
              48.3050125
            ],
            [
              14.2871274,
              48.3050186
            ],
            [
              14.2871388,
              48.3050286
            ],
            [
              14.2871524,
              48.3050405
            ],
            [
              14.2871524,
              48.3050662
            ],
            [
              14.2871348,
              48.3050993
            ],
            [
              14.2869373,
              48.3054241
            ],
            [
              14.2868776,
              48.3055223
            ],
            [
              14.2867133,
              48.3057798
            ],
            [
              14.2865446,
              48.3060407
            ],
            [
              14.2865269,
              48.3060725
            ],
            [
              14.2865112,
              48.3061014
            ],
            [
              14.286457,
              48.3062007
            ],
            [
              14.2863159,
              48.3064054
            ],
            [
              14.2861787,
              48.3065793
            ],
            [
              14.2861291,
              48.3066309
            ],
            [
              14.2861104,
              48.3066503
            ],
            [
              14.2859966,
              48.3068047
            ],
            [
              14.285967,
              48.3068449
            ],
            [
              14.2859175,
              48.3069147
            ],
            [
              14.2859676,
              48.3069333
            ],
            [
              14.2860245,
              48.306956
            ],
            [
              14.2861167,
              48.3069906
            ],
            [
              14.2865665,
              48.3071572
            ],
            [
              14.2868785,
              48.3072877
            ],
            [
              14.2870445,
              48.3073587
            ],
            [
              14.2870343,
              48.3074453
            ],
            [
              14.287009,
              48.3074832
            ],
            [
              14.2869632,
              48.3075079
            ],
            [
              14.2869002,
              48.3075267
            ],
            [
              14.2868281,
              48.3075052
            ],
            [
              14.2867323,
              48.307473
            ],
            [
              14.286283,
              48.3072959
            ],
            [
              14.2859275,
              48.3071746
            ],
            [
              14.285438,
              48.3070139
            ],
            [
              14.2851211,
              48.3069144
            ],
            [
              14.285086,
              48.3069049
            ],
            [
              14.2848276,
              48.3068348
            ],
            [
              14.2847477,
              48.3068142
            ],
            [
              14.2846688,
              48.3067981
            ],
            [
              14.2845796,
              48.3067799
            ],
            [
              14.284395,
              48.3067461
            ],
            [
              14.2841761,
              48.3067064
            ],
            [
              14.2841377,
              48.3066994
            ],
            [
              14.284107,
              48.3066938
            ],
            [
              14.2840706,
              48.306687
            ],
            [
              14.2836934,
              48.3066169
            ],
            [
              14.2835617,
              48.3065924
            ],
            [
              14.283063,
              48.3064994
            ],
            [
              14.2823731,
              48.3063707
            ],
            [
              14.2817313,
              48.3062495
            ],
            [
              14.2811911,
              48.3061409
            ],
            [
              14.2805422,
              48.3059802
            ],
            [
              14.2799581,
              48.3058021
            ],
            [
              14.2797111,
              48.3057152
            ],
            [
              14.2795278,
              48.3056452
            ],
            [
              14.2787969,
              48.3053783
            ],
            [
              14.2786568,
              48.3053272
            ],
            [
              14.2774128,
              48.3048615
            ],
            [
              14.2767597,
              48.3046036
            ],
            [
              14.2765239,
              48.3045191
            ],
            [
              14.2762857,
              48.3044443
            ],
            [
              14.2760266,
              48.3043775
            ],
            [
              14.2757493,
              48.3043171
            ],
            [
              14.2754852,
              48.3042677
            ],
            [
              14.2753573,
              48.3042469
            ],
            [
              14.2751807,
              48.3042231
            ],
            [
              14.2747554,
              48.30418
            ],
            [
              14.2743286,
              48.304146
            ],
            [
              14.2739515,
              48.304123
            ],
            [
              14.27375,
              48.3041106
            ],
            [
              14.2736043,
              48.3041005
            ],
            [
              14.2735587,
              48.3040961
            ],
            [
              14.2735091,
              48.3040888
            ],
            [
              14.2734111,
              48.3040707
            ],
            [
              14.2733044,
              48.3040473
            ],
            [
              14.273055,
              48.3039882
            ],
            [
              14.2726942,
              48.3039025
            ],
            [
              14.2725332,
              48.3038645
            ],
            [
              14.2724131,
              48.3038413
            ],
            [
              14.2722855,
              48.3038219
            ],
            [
              14.272108,
              48.3038064
            ],
            [
              14.2719801,
              48.3038
            ],
            [
              14.271905,
              48.3037991
            ],
            [
              14.2718615,
              48.3037992
            ],
            [
              14.2717564,
              48.303798
            ],
            [
              14.2716132,
              48.3038006
            ],
            [
              14.2714246,
              48.3038096
            ],
            [
              14.2712102,
              48.303827
            ],
            [
              14.2710386,
              48.303845
            ],
            [
              14.2708151,
              48.3038751
            ],
            [
              14.2706294,
              48.3039025
            ],
            [
              14.2704479,
              48.3039393
            ],
            [
              14.2701604,
              48.3039919
            ],
            [
              14.2692685,
              48.3041657
            ],
            [
              14.268647,
              48.3043234
            ],
            [
              14.2677124,
              48.3045959
            ],
            [
              14.2673215,
              48.3047416
            ],
            [
              14.266948,
              48.3049328
            ],
            [
              14.2668149,
              48.3050072
            ],
            [
              14.2665033,
              48.3051778
            ],
            [
              14.2663112,
              48.3052769
            ],
            [
              14.2661653,
              48.3053477
            ],
            [
              14.2659615,
              48.3054322
            ],
            [
              14.2657843,
              48.3054989
            ],
            [
              14.2651729,
              48.305711
            ],
            [
              14.2650149,
              48.3057658
            ],
            [
              14.2646269,
              48.3059003
            ],
            [
              14.2643822,
              48.3059806
            ],
            [
              14.264151,
              48.3060481
            ],
            [
              14.2639081,
              48.30611
            ],
            [
              14.263524,
              48.3061934
            ],
            [
              14.2631834,
              48.3062605
            ],
            [
              14.2627524,
              48.3063454
            ],
            [
              14.2623792,
              48.306415
            ],
            [
              14.2621624,
              48.3064569
            ],
            [
              14.2618978,
              48.3065076
            ],
            [
              14.2616904,
              48.306544
            ],
            [
              14.261586,
              48.3065603
            ],
            [
              14.2614638,
              48.3065778
            ],
            [
              14.2612914,
              48.3065979
            ],
            [
              14.2611741,
              48.3066092
            ],
            [
              14.2609627,
              48.3066284
            ],
            [
              14.2607597,
              48.3066499
            ],
            [
              14.2605859,
              48.3066713
            ],
            [
              14.2603432,
              48.3067095
            ],
            [
              14.2602419,
              48.3067265
            ],
            [
              14.2601627,
              48.3067428
            ],
            [
              14.260045,
              48.3067694
            ],
            [
              14.2599375,
              48.3067958
            ],
            [
              14.2598544,
              48.3068171
            ],
            [
              14.2597766,
              48.306838
            ],
            [
              14.259689,
              48.306863
            ],
            [
              14.2596107,
              48.3068867
            ],
            [
              14.2594402,
              48.3069426
            ],
            [
              14.2592614,
              48.307005
            ],
            [
              14.259062,
              48.3070748
            ],
            [
              14.2589742,
              48.3071063
            ],
            [
              14.2587182,
              48.3071949
            ],
            [
              14.2586134,
              48.3072311
            ],
            [
              14.2585049,
              48.307269
            ],
            [
              14.2583807,
              48.3073092
            ],
            [
              14.2582712,
              48.3073434
            ],
            [
              14.2581745,
              48.3073694
            ],
            [
              14.2580678,
              48.3073948
            ],
            [
              14.2579954,
              48.3074081
            ],
            [
              14.2578768,
              48.3074246
            ],
            [
              14.2577624,
              48.3074363
            ],
            [
              14.257634,
              48.3074447
            ],
            [
              14.2575351,
              48.3074472
            ],
            [
              14.2573185,
              48.3074462
            ],
            [
              14.2571827,
              48.3074466
            ],
            [
              14.2570845,
              48.307448
            ],
            [
              14.2570831,
              48.3074237
            ],
            [
              14.2570848,
              48.3073917
            ],
            [
              14.2570921,
              48.3073583
            ],
            [
              14.2571049,
              48.3073276
            ],
            [
              14.2571235,
              48.3072979
            ],
            [
              14.257151,
              48.3072609
            ],
            [
              14.257185,
              48.3072216
            ],
            [
              14.257206,
              48.3071966
            ],
            [
              14.2572333,
              48.3071686
            ],
            [
              14.2572573,
              48.3071474
            ],
            [
              14.2572822,
              48.3071283
            ],
            [
              14.2573216,
              48.3071017
            ],
            [
              14.2573481,
              48.3070851
            ],
            [
              14.2573751,
              48.3070695
            ],
            [
              14.2574016,
              48.3070567
            ],
            [
              14.2574391,
              48.3070407
            ],
            [
              14.2574595,
              48.3070342
            ],
            [
              14.2574831,
              48.3070275
            ],
            [
              14.2575328,
              48.3070154
            ],
            [
              14.2575574,
              48.3070098
            ],
            [
              14.2575983,
              48.3070005
            ],
            [
              14.2576472,
              48.306989
            ],
            [
              14.2576981,
              48.3069765
            ],
            [
              14.2577432,
              48.3069649
            ],
            [
              14.2577765,
              48.3069552
            ],
            [
              14.2578115,
              48.3069436
            ],
            [
              14.2578377,
              48.3069341
            ],
            [
              14.2578889,
              48.3069132
            ],
            [
              14.257943,
              48.3068908
            ],
            [
              14.2580905,
              48.3068337
            ],
            [
              14.2581703,
              48.3068023
            ],
            [
              14.2582189,
              48.306779
            ],
            [
              14.2582631,
              48.3067532
            ],
            [
              14.258286,
              48.306737
            ],
            [
              14.2583069,
              48.3067187
            ],
            [
              14.2583244,
              48.3066994
            ],
            [
              14.2583372,
              48.3066814
            ],
            [
              14.2583485,
              48.3066622
            ],
            [
              14.2583631,
              48.3066279
            ],
            [
              14.2583743,
              48.3065957
            ],
            [
              14.2583836,
              48.3065561
            ],
            [
              14.2583898,
              48.3065148
            ],
            [
              14.2583928,
              48.306455
            ],
            [
              14.2583916,
              48.3064031
            ],
            [
              14.2583892,
              48.3063669
            ],
            [
              14.2583858,
              48.306343
            ],
            [
              14.2583801,
              48.3063127
            ],
            [
              14.2583684,
              48.3062725
            ],
            [
              14.2583526,
              48.3062297
            ],
            [
              14.2583146,
              48.3061473
            ],
            [
              14.2582717,
              48.3060516
            ],
            [
              14.2582356,
              48.305969
            ],
            [
              14.2582071,
              48.3058963
            ],
            [
              14.2581828,
              48.3058239
            ],
            [
              14.2581643,
              48.3057615
            ],
            [
              14.2581503,
              48.3057107
            ],
            [
              14.2581369,
              48.3056491
            ],
            [
              14.2581322,
              48.3055978
            ],
            [
              14.2581338,
              48.3055571
            ],
            [
              14.2581401,
              48.3055151
            ],
            [
              14.2581544,
              48.305462
            ],
            [
              14.2581792,
              48.3053952
            ],
            [
              14.2582388,
              48.3052575
            ],
            [
              14.2582998,
              48.3051223
            ],
            [
              14.258311,
              48.3051018
            ],
            [
              14.2583281,
              48.3050736
            ],
            [
              14.2583387,
              48.305059
            ],
            [
              14.2583526,
              48.3050409
            ],
            [
              14.2583897,
              48.3049962
            ],
            [
              14.2584254,
              48.3049562
            ],
            [
              14.2584705,
              48.304908
            ],
            [
              14.2584977,
              48.304877
            ],
            [
              14.25852,
              48.3048464
            ],
            [
              14.258543,
              48.3048013
            ],
            [
              14.2585495,
              48.3047714
            ],
            [
              14.2585544,
              48.3047324
            ],
            [
              14.258557,
              48.3046939
            ],
            [
              14.2585583,
              48.3046123
            ],
            [
              14.2585542,
              48.3045073
            ],
            [
              14.2585484,
              48.3043819
            ],
            [
              14.2585419,
              48.3043281
            ],
            [
              14.2585335,
              48.304286
            ],
            [
              14.2585186,
              48.3042242
            ],
            [
              14.2585075,
              48.3041699
            ],
            [
              14.2585021,
              48.3041225
            ],
            [
              14.2585026,
              48.3040674
            ],
            [
              14.2585083,
              48.3040017
            ],
            [
              14.2585174,
              48.303934
            ],
            [
              14.2585344,
              48.3038247
            ],
            [
              14.2585438,
              48.3037568
            ],
            [
              14.2585453,
              48.3037292
            ],
            [
              14.2585454,
              48.3037074
            ],
            [
              14.2585442,
              48.3036889
            ],
            [
              14.2585419,
              48.3036715
            ],
            [
              14.2585383,
              48.3036515
            ],
            [
              14.2585322,
              48.3036298
            ],
            [
              14.2585267,
              48.3036133
            ],
            [
              14.2585182,
              48.3035957
            ],
            [
              14.2585008,
              48.3035669
            ],
            [
              14.2584815,
              48.3035414
            ],
            [
              14.258451,
              48.3035081
            ],
            [
              14.2584226,
              48.3034818
            ],
            [
              14.2583856,
              48.3034557
            ],
            [
              14.2583403,
              48.3034289
            ],
            [
              14.2583127,
              48.3034152
            ],
            [
              14.2582806,
              48.3034013
            ],
            [
              14.2582483,
              48.3033893
            ],
            [
              14.2582093,
              48.3033784
            ],
            [
              14.2581796,
              48.3033728
            ],
            [
              14.2581984,
              48.3033211
            ],
            [
              14.258217,
              48.3032729
            ],
            [
              14.258222,
              48.3032561
            ],
            [
              14.2582245,
              48.303245
            ],
            [
              14.258225,
              48.3032341
            ],
            [
              14.2582247,
              48.3032218
            ],
            [
              14.2582218,
              48.3032085
            ],
            [
              14.2582162,
              48.303195
            ],
            [
              14.258199,
              48.3031719
            ],
            [
              14.2581832,
              48.3031551
            ],
            [
              14.2581621,
              48.3031427
            ],
            [
              14.258125,
              48.30313
            ],
            [
              14.2579821,
              48.3031143
            ],
            [
              14.257796,
              48.3031053
            ],
            [
              14.2575934,
              48.3030937
            ],
            [
              14.2573642,
              48.3030775
            ],
            [
              14.2571704,
              48.3030671
            ],
            [
              14.2570266,
              48.3030695
            ],
            [
              14.2569509,
              48.3030973
            ],
            [
              14.2568829,
              48.3031223
            ],
            [
              14.2567557,
              48.3031695
            ],
            [
              14.2565959,
              48.3032261
            ],
            [
              14.2563663,
              48.303302
            ],
            [
              14.2559116,
              48.3034391
            ],
            [
              14.2553453,
              48.303614
            ],
            [
              14.255105,
              48.3036749
            ],
            [
              14.2550553,
              48.3036844
            ],
            [
              14.2549964,
              48.3036946
            ],
            [
              14.2549519,
              48.3036999
            ],
            [
              14.2549108,
              48.3037032
            ],
            [
              14.254868,
              48.303705
            ],
            [
              14.2548202,
              48.3037041
            ],
            [
              14.2547726,
              48.3037015
            ],
            [
              14.2547168,
              48.3036965
            ],
            [
              14.2546473,
              48.303688
            ],
            [
              14.2545319,
              48.3036747
            ],
            [
              14.2544629,
              48.3036668
            ],
            [
              14.2543702,
              48.3036576
            ],
            [
              14.2542799,
              48.3036522
            ],
            [
              14.254144,
              48.3036476
            ],
            [
              14.2540348,
              48.303646
            ],
            [
              14.2539193,
              48.3036464
            ],
            [
              14.2538197,
              48.30365
            ],
            [
              14.2537299,
              48.3036549
            ],
            [
              14.2536065,
              48.303665
            ],
            [
              14.253476,
              48.3036708
            ],
            [
              14.2533202,
              48.3036711
            ],
            [
              14.2531373,
              48.3036706
            ],
            [
              14.2529992,
              48.3036679
            ],
            [
              14.252882,
              48.3036632
            ],
            [
              14.2524401,
              48.3036337
            ],
            [
              14.2521737,
              48.3036207
            ],
            [
              14.2521011,
              48.3036178
            ],
            [
              14.2520499,
              48.3036149
            ],
            [
              14.252003,
              48.3036102
            ],
            [
              14.2519642,
              48.3036031
            ],
            [
              14.251919,
              48.3035905
            ],
            [
              14.2518665,
              48.3035712
            ],
            [
              14.2518017,
              48.3035449
            ],
            [
              14.2516867,
              48.3034996
            ],
            [
              14.2515803,
              48.3034538
            ],
            [
              14.2515073,
              48.3034203
            ],
            [
              14.2514516,
              48.3033923
            ],
            [
              14.2513939,
              48.3033603
            ],
            [
              14.2513226,
              48.3033166
            ],
            [
              14.2512396,
              48.3032583
            ],
            [
              14.2511673,
              48.3031989
            ],
            [
              14.2510922,
              48.30313
            ],
            [
              14.2510093,
              48.3030539
            ],
            [
              14.250859,
              48.3029115
            ],
            [
              14.2506564,
              48.3027233
            ],
            [
              14.2504644,
              48.3025426
            ],
            [
              14.2503956,
              48.3024852
            ],
            [
              14.2502957,
              48.3024048
            ],
            [
              14.2501975,
              48.3023351
            ],
            [
              14.2500753,
              48.302249
            ],
            [
              14.2500088,
              48.3021991
            ],
            [
              14.2499226,
              48.3021345
            ],
            [
              14.2498474,
              48.3020742
            ],
            [
              14.2497314,
              48.3019744
            ],
            [
              14.2496089,
              48.3018663
            ],
            [
              14.2494898,
              48.3017631
            ],
            [
              14.2494161,
              48.301704
            ],
            [
              14.2493726,
              48.301675
            ],
            [
              14.2493272,
              48.3016527
            ],
            [
              14.2492739,
              48.3016342
            ],
            [
              14.249217,
              48.3016209
            ],
            [
              14.2491639,
              48.3016139
            ],
            [
              14.2491122,
              48.3016117
            ],
            [
              14.2490554,
              48.3016134
            ],
            [
              14.2490049,
              48.3016194
            ],
            [
              14.2489507,
              48.3016314
            ],
            [
              14.2488987,
              48.3016499
            ],
            [
              14.2488578,
              48.3016705
            ],
            [
              14.2488196,
              48.301694
            ],
            [
              14.248777,
              48.3017228
            ],
            [
              14.2487447,
              48.301751
            ],
            [
              14.2487063,
              48.3017888
            ],
            [
              14.2486515,
              48.3018461
            ],
            [
              14.2486067,
              48.3018911
            ],
            [
              14.2483562,
              48.3021389
            ],
            [
              14.2481412,
              48.3023533
            ],
            [
              14.2480002,
              48.3024906
            ],
            [
              14.2479114,
              48.3025735
            ],
            [
              14.2478531,
              48.3026241
            ],
            [
              14.2478082,
              48.3026612
            ],
            [
              14.2477614,
              48.3026944
            ],
            [
              14.247715,
              48.3027272
            ],
            [
              14.2476721,
              48.3027529
            ],
            [
              14.2476132,
              48.302777
            ],
            [
              14.2475482,
              48.3027984
            ],
            [
              14.2474739,
              48.3028188
            ],
            [
              14.2473943,
              48.3028363
            ],
            [
              14.2472626,
              48.3028588
            ],
            [
              14.2471207,
              48.3028801
            ],
            [
              14.2470483,
              48.3028911
            ],
            [
              14.2469783,
              48.3029018
            ],
            [
              14.2467247,
              48.3029415
            ],
            [
              14.2466595,
              48.3029511
            ],
            [
              14.2465948,
              48.3029602
            ],
            [
              14.2465233,
              48.3029674
            ],
            [
              14.2464449,
              48.3029725
            ],
            [
              14.2463725,
              48.3029736
            ],
            [
              14.2463017,
              48.3029719
            ],
            [
              14.2462352,
              48.3029677
            ],
            [
              14.2461742,
              48.3029601
            ],
            [
              14.2461349,
              48.3029528
            ],
            [
              14.2460707,
              48.3029377
            ],
            [
              14.2460165,
              48.3029224
            ],
            [
              14.2459572,
              48.3029034
            ],
            [
              14.2458293,
              48.3028617
            ],
            [
              14.2457024,
              48.302823
            ],
            [
              14.2456535,
              48.3028084
            ],
            [
              14.2453709,
              48.3027229
            ],
            [
              14.2452659,
              48.3026907
            ],
            [
              14.2451908,
              48.3026645
            ],
            [
              14.2451526,
              48.3026501
            ],
            [
              14.2451288,
              48.3026395
            ],
            [
              14.2451127,
              48.302631
            ],
            [
              14.2450865,
              48.3026164
            ],
            [
              14.2450552,
              48.302596
            ],
            [
              14.2450283,
              48.3025774
            ],
            [
              14.2450012,
              48.3025543
            ],
            [
              14.2449822,
              48.3025355
            ],
            [
              14.2449691,
              48.3025198
            ],
            [
              14.2449605,
              48.3025085
            ],
            [
              14.2449521,
              48.3024964
            ],
            [
              14.2449347,
              48.3024649
            ],
            [
              14.2449175,
              48.3024269
            ],
            [
              14.2449063,
              48.3023956
            ],
            [
              14.2448988,
              48.3023659
            ],
            [
              14.2448933,
              48.3023342
            ],
            [
              14.2448908,
              48.3022957
            ],
            [
              14.2448941,
              48.3022497
            ],
            [
              14.2449028,
              48.3021888
            ],
            [
              14.2449113,
              48.3021408
            ],
            [
              14.2449277,
              48.3020324
            ],
            [
              14.2449354,
              48.3019794
            ],
            [
              14.2449395,
              48.3019393
            ],
            [
              14.2449432,
              48.3018905
            ],
            [
              14.2449461,
              48.3018373
            ],
            [
              14.2449449,
              48.3017866
            ],
            [
              14.2449371,
              48.3016826
            ],
            [
              14.2448976,
              48.3015413
            ],
            [
              14.2448167,
              48.3013872
            ],
            [
              14.2446321,
              48.3011786
            ],
            [
              14.2445573,
              48.3011041
            ],
            [
              14.2444559,
              48.3009874
            ],
            [
              14.24437,
              48.3008356
            ],
            [
              14.2443538,
              48.3007604
            ],
            [
              14.2443466,
              48.3006424
            ],
            [
              14.2443512,
              48.3005758
            ],
            [
              14.2443566,
              48.3004984
            ],
            [
              14.2444093,
              48.3003399
            ],
            [
              14.2445753,
              48.299959
            ],
            [
              14.244616,
              48.2998047
            ],
            [
              14.2446223,
              48.2997657
            ],
            [
              14.2446158,
              48.2996374
            ],
            [
              14.2445766,
              48.2992999
            ],
            [
              14.2445657,
              48.2991907
            ],
            [
              14.2445045,
              48.2987983
            ],
            [
              14.2445029,
              48.2987522
            ],
            [
              14.2444999,
              48.2986646
            ],
            [
              14.2445035,
              48.2985674
            ],
            [
              14.2445114,
              48.2985267
            ],
            [
              14.2445226,
              48.2984885
            ],
            [
              14.2446872,
              48.2981055
            ],
            [
              14.2447907,
              48.2978916
            ],
            [
              14.2450408,
              48.2973598
            ],
            [
              14.2450898,
              48.2972597
            ],
            [
              14.2451271,
              48.2971843
            ],
            [
              14.2451815,
              48.2970874
            ],
            [
              14.245265,
              48.2969651
            ],
            [
              14.245361,
              48.2968438
            ],
            [
              14.2454528,
              48.296753
            ],
            [
              14.2457029,
              48.2965325
            ],
            [
              14.2457771,
              48.2964833
            ],
            [
              14.2458489,
              48.2964431
            ],
            [
              14.2461766,
              48.2962772
            ],
            [
              14.2462647,
              48.2962279
            ],
            [
              14.2463101,
              48.2961996
            ],
            [
              14.2463673,
              48.2961606
            ],
            [
              14.2464212,
              48.2961238
            ],
            [
              14.2464695,
              48.2960897
            ],
            [
              14.2465226,
              48.2960523
            ],
            [
              14.2465509,
              48.2960244
            ],
            [
              14.2465716,
              48.2959948
            ],
            [
              14.2465965,
              48.2959492
            ],
            [
              14.2466323,
              48.2958785
            ],
            [
              14.2467058,
              48.2957091
            ],
            [
              14.2467312,
              48.2956398
            ],
            [
              14.2468755,
              48.2952198
            ],
            [
              14.2470572,
              48.2947013
            ],
            [
              14.2471603,
              48.294427
            ],
            [
              14.2472138,
              48.2942924
            ],
            [
              14.2472601,
              48.2941841
            ],
            [
              14.2473925,
              48.2939123
            ],
            [
              14.2474148,
              48.2938654
            ],
            [
              14.2475745,
              48.2934932
            ],
            [
              14.2476138,
              48.2933878
            ],
            [
              14.247621,
              48.2932617
            ],
            [
              14.2476091,
              48.2931679
            ],
            [
              14.2475696,
              48.2930799
            ],
            [
              14.2473855,
              48.2927709
            ],
            [
              14.247324,
              48.2926136
            ],
            [
              14.2473106,
              48.2925252
            ],
            [
              14.2473167,
              48.2924118
            ],
            [
              14.247328,
              48.292354
            ],
            [
              14.2473477,
              48.2922604
            ],
            [
              14.2473838,
              48.2921379
            ],
            [
              14.2474135,
              48.2920799
            ],
            [
              14.2473804,
              48.2920771
            ],
            [
              14.2473096,
              48.2920839
            ],
            [
              14.2471875,
              48.2921067
            ],
            [
              14.2469066,
              48.2921789
            ],
            [
              14.2466169,
              48.2922432
            ],
            [
              14.2462457,
              48.2923229
            ],
            [
              14.2460261,
              48.2923744
            ],
            [
              14.2458468,
              48.2924217
            ],
            [
              14.2456064,
              48.2924935
            ],
            [
              14.2454059,
              48.2925657
            ],
            [
              14.2451685,
              48.2926697
            ],
            [
              14.2450458,
              48.2927313
            ],
            [
              14.2449479,
              48.2927919
            ],
            [
              14.2448106,
              48.2928843
            ],
            [
              14.2446729,
              48.2929994
            ],
            [
              14.2444692,
              48.2931348
            ],
            [
              14.2442493,
              48.2932665
            ],
            [
              14.2441486,
              48.2933246
            ],
            [
              14.2440144,
              48.2933983
            ],
            [
              14.2439099,
              48.2934344
            ],
            [
              14.2438067,
              48.2934695
            ],
            [
              14.2435685,
              48.2935206
            ],
            [
              14.2432982,
              48.2935579
            ],
            [
              14.2427549,
              48.2936737
            ],
            [
              14.2425245,
              48.293744
            ],
            [
              14.2423354,
              48.2938064
            ],
            [
              14.2422523,
              48.2938296
            ],
            [
              14.2420927,
              48.2938564
            ],
            [
              14.2418942,
              48.2938895
            ],
            [
              14.2415767,
              48.2939705
            ],
            [
              14.2408646,
              48.2940879
            ],
            [
              14.2403724,
              48.2941752
            ],
            [
              14.2402424,
              48.2941931
            ],
            [
              14.2400592,
              48.2942039
            ],
            [
              14.2398664,
              48.2941694
            ],
            [
              14.2396932,
              48.2940965
            ],
            [
              14.239744,
              48.2940294
            ],
            [
              14.239773,
              48.2939843
            ],
            [
              14.2398172,
              48.2939127
            ],
            [
              14.2398501,
              48.2938311
            ],
            [
              14.2398751,
              48.2937507
            ],
            [
              14.2399069,
              48.2936308
            ],
            [
              14.2399512,
              48.2935201
            ],
            [
              14.2399979,
              48.2934298
            ],
            [
              14.2400611,
              48.2933386
            ],
            [
              14.2402703,
              48.2930699
            ],
            [
              14.2405809,
              48.2926766
            ],
            [
              14.2408473,
              48.2923142
            ],
            [
              14.2408904,
              48.2922337
            ],
            [
              14.2409273,
              48.2921549
            ],
            [
              14.2409547,
              48.2920512
            ],
            [
              14.2409751,
              48.2919337
            ],
            [
              14.2409815,
              48.291801
            ],
            [
              14.2409835,
              48.2916618
            ],
            [
              14.240968,
              48.2913491
            ],
            [
              14.240935,
              48.2906974
            ],
            [
              14.2409247,
              48.2905028
            ],
            [
              14.2409168,
              48.290354
            ],
            [
              14.2409025,
              48.290031
            ],
            [
              14.2408841,
              48.2896178
            ],
            [
              14.2408807,
              48.28954
            ],
            [
              14.2408785,
              48.2894957
            ],
            [
              14.240876,
              48.2894471
            ],
            [
              14.2408626,
              48.2891678
            ],
            [
              14.2408581,
              48.2890177
            ],
            [
              14.2408569,
              48.2889073
            ],
            [
              14.2408615,
              48.2887854
            ],
            [
              14.2408667,
              48.2887134
            ],
            [
              14.2408773,
              48.2886347
            ],
            [
              14.2409014,
              48.2885474
            ],
            [
              14.2409429,
              48.2884478
            ],
            [
              14.2411657,
              48.2880681
            ],
            [
              14.2412838,
              48.2878669
            ],
            [
              14.2413843,
              48.287702
            ],
            [
              14.2414313,
              48.2876199
            ],
            [
              14.2414549,
              48.2875848
            ],
            [
              14.2414974,
              48.2875454
            ],
            [
              14.2415697,
              48.2874879
            ],
            [
              14.2416761,
              48.2874181
            ],
            [
              14.2420281,
              48.2872296
            ],
            [
              14.2425929,
              48.2869215
            ],
            [
              14.2426645,
              48.2868746
            ],
            [
              14.2427516,
              48.2868177
            ],
            [
              14.2428913,
              48.2867304
            ],
            [
              14.2428913,
              48.2867302
            ],
            [
              14.2430687,
              48.2866058
            ],
            [
              14.2432048,
              48.286492
            ],
            [
              14.2433498,
              48.2863686
            ],
            [
              14.2434592,
              48.2862755
            ],
            [
              14.2436426,
              48.2861195
            ],
            [
              14.2437597,
              48.2860199
            ],
            [
              14.2438533,
              48.2859338
            ],
            [
              14.2439773,
              48.2857874
            ],
            [
              14.2440229,
              48.2857239
            ],
            [
              14.2440683,
              48.2856518
            ],
            [
              14.2441056,
              48.2855818
            ],
            [
              14.2441265,
              48.2855364
            ],
            [
              14.2441569,
              48.2854702
            ],
            [
              14.2441721,
              48.2854315
            ],
            [
              14.2442213,
              48.2852896
            ],
            [
              14.2442618,
              48.2851511
            ],
            [
              14.2442788,
              48.285051
            ],
            [
              14.2442801,
              48.2850273
            ],
            [
              14.244284,
              48.284952
            ],
            [
              14.2442826,
              48.2848682
            ],
            [
              14.2442755,
              48.2847761
            ],
            [
              14.2442549,
              48.284641
            ],
            [
              14.2442362,
              48.2845136
            ],
            [
              14.2442352,
              48.2845008
            ],
            [
              14.2442298,
              48.2844333
            ],
            [
              14.244226,
              48.2843852
            ],
            [
              14.2442308,
              48.2842602
            ],
            [
              14.244237,
              48.2842291
            ],
            [
              14.2442459,
              48.2841839
            ],
            [
              14.2442736,
              48.2840996
            ],
            [
              14.2443142,
              48.2840003
            ],
            [
              14.24434,
              48.2839464
            ],
            [
              14.2443909,
              48.2838543
            ],
            [
              14.2444424,
              48.283763
            ],
            [
              14.2445621,
              48.2835508
            ],
            [
              14.2449613,
              48.2828526
            ],
            [
              14.2450577,
              48.28265
            ],
            [
              14.2450982,
              48.2825353
            ],
            [
              14.2451127,
              48.282466
            ],
            [
              14.2451387,
              48.2823377
            ],
            [
              14.2451611,
              48.2821845
            ],
            [
              14.2451677,
              48.2821357
            ],
            [
              14.2452219,
              48.2817725
            ],
            [
              14.2452314,
              48.2816226
            ],
            [
              14.2452312,
              48.2815204
            ],
            [
              14.2452251,
              48.2814423
            ],
            [
              14.245207,
              48.2813395
            ],
            [
              14.2451833,
              48.2812221
            ],
            [
              14.2450817,
              48.2807727
            ],
            [
              14.2450747,
              48.2807418
            ],
            [
              14.2450527,
              48.2806121
            ],
            [
              14.2450364,
              48.280447
            ],
            [
              14.2450313,
              48.2803475
            ],
            [
              14.2450335,
              48.2802645
            ],
            [
              14.2450423,
              48.2801442
            ],
            [
              14.2450538,
              48.2800354
            ],
            [
              14.2451326,
              48.2800398
            ],
            [
              14.2452781,
              48.2800581
            ],
            [
              14.2453351,
              48.2800653
            ],
            [
              14.2453776,
              48.28007
            ],
            [
              14.2459376,
              48.2801322
            ],
            [
              14.2461676,
              48.2801563
            ],
            [
              14.2462135,
              48.2801695
            ],
            [
              14.2463268,
              48.2802156
            ],
            [
              14.2463887,
              48.2802408
            ],
            [
              14.2465348,
              48.2803002
            ],
            [
              14.2465693,
              48.2803
            ],
            [
              14.2465995,
              48.2802911
            ],
            [
              14.2466397,
              48.2802634
            ],
            [
              14.2470211,
              48.2798945
            ],
            [
              14.2471419,
              48.2797752
            ],
            [
              14.2471668,
              48.2797493
            ],
            [
              14.2472111,
              48.2797019
            ],
            [
              14.2474611,
              48.2797928
            ],
            [
              14.2476476,
              48.2798583
            ],
            [
              14.2477461,
              48.2798943
            ],
            [
              14.247928,
              48.2799578
            ],
            [
              14.248094,
              48.2800168
            ],
            [
              14.2481622,
              48.2800429
            ],
            [
              14.2482781,
              48.2801178
            ],
            [
              14.2483592,
              48.2801975
            ],
            [
              14.2484005,
              48.2802446
            ],
            [
              14.2486605,
              48.2806531
            ],
            [
              14.2487073,
              48.2807267
            ],
            [
              14.2487197,
              48.2807463
            ],
            [
              14.2487297,
              48.2807619
            ],
            [
              14.2488396,
              48.2809347
            ],
            [
              14.2488707,
              48.2809836
            ],
            [
              14.2489857,
              48.2811589
            ],
            [
              14.2490514,
              48.2812412
            ],
            [
              14.2491379,
              48.2813287
            ],
            [
              14.2492375,
              48.2814165
            ],
            [
              14.2493744,
              48.2815136
            ],
            [
              14.249451,
              48.281564
            ],
            [
              14.2497229,
              48.281743
            ],
            [
              14.2497969,
              48.2816976
            ],
            [
              14.2498105,
              48.2816892
            ],
            [
              14.2498433,
              48.2816604
            ],
            [
              14.2498637,
              48.2816279
            ],
            [
              14.2498781,
              48.2815943
            ],
            [
              14.249878,
              48.28158
            ],
            [
              14.2498779,
              48.2815641
            ],
            [
              14.2498727,
              48.2815239
            ],
            [
              14.2498601,
              48.281467
            ],
            [
              14.2498431,
              48.2813903
            ],
            [
              14.2498354,
              48.2813554
            ],
            [
              14.2497398,
              48.2809236
            ],
            [
              14.2497233,
              48.2808492
            ],
            [
              14.2496915,
              48.2807052
            ],
            [
              14.2496735,
              48.2806241
            ],
            [
              14.2496706,
              48.2805733
            ],
            [
              14.249677,
              48.2805314
            ],
            [
              14.2496937,
              48.2804858
            ],
            [
              14.2497074,
              48.2804661
            ],
            [
              14.2497292,
              48.2804438
            ],
            [
              14.2497578,
              48.2804202
            ],
            [
              14.24982,
              48.2803847
            ],
            [
              14.2498314,
              48.2803796
            ],
            [
              14.2498929,
              48.2803518
            ],
            [
              14.2500753,
              48.2802843
            ],
            [
              14.2500958,
              48.280276
            ],
            [
              14.250145,
              48.2802561
            ],
            [
              14.2501857,
              48.2802318
            ],
            [
              14.2502464,
              48.2801867
            ],
            [
              14.2503214,
              48.2801233
            ],
            [
              14.2503597,
              48.280083
            ],
            [
              14.2505294,
              48.2798984
            ],
            [
              14.2505645,
              48.2798602
            ],
            [
              14.250815,
              48.2795876
            ],
            [
              14.2509032,
              48.2794917
            ],
            [
              14.2509313,
              48.2794557
            ],
            [
              14.2509585,
              48.2794164
            ],
            [
              14.2509944,
              48.279351
            ],
            [
              14.2511283,
              48.2790625
            ],
            [
              14.2511803,
              48.2789548
            ],
            [
              14.2512359,
              48.278868
            ],
            [
              14.2513156,
              48.2787901
            ],
            [
              14.2511812,
              48.2787382
            ],
            [
              14.2510598,
              48.278661
            ],
            [
              14.2509446,
              48.2785534
            ],
            [
              14.2508469,
              48.2784622
            ],
            [
              14.2506657,
              48.278293
            ],
            [
              14.2506259,
              48.2782559
            ],
            [
              14.2505921,
              48.2782243
            ],
            [
              14.2505449,
              48.2781802
            ],
            [
              14.250313,
              48.2779637
            ],
            [
              14.2502585,
              48.2779216
            ],
            [
              14.2502062,
              48.2779582
            ],
            [
              14.250187,
              48.2779716
            ],
            [
              14.2496356,
              48.2783513
            ],
            [
              14.2494584,
              48.278481
            ],
            [
              14.2492875,
              48.2786155
            ],
            [
              14.2491285,
              48.2787682
            ],
            [
              14.2490891,
              48.2788127
            ],
            [
              14.2490682,
              48.2788396
            ],
            [
              14.2490674,
              48.2788699
            ],
            [
              14.2491022,
              48.2789253
            ],
            [
              14.2491547,
              48.2789996
            ],
            [
              14.2491717,
              48.2790394
            ],
            [
              14.2491824,
              48.2790852
            ],
            [
              14.2491874,
              48.2791355
            ],
            [
              14.2491815,
              48.2791825
            ],
            [
              14.2491802,
              48.2791933
            ],
            [
              14.249165,
              48.2792478
            ],
            [
              14.2491357,
              48.2793037
            ],
            [
              14.2490868,
              48.2793655
            ],
            [
              14.2490319,
              48.2794228
            ],
            [
              14.2489687,
              48.2794878
            ],
            [
              14.24889,
              48.2795625
            ],
            [
              14.2488734,
              48.2795783
            ],
            [
              14.2488164,
              48.2796324
            ],
            [
              14.2488057,
              48.2796425
            ],
            [
              14.2487487,
              48.2796967
            ]
          ],
          [
            [
              14.2569127,
              48.3073447
            ],
            [
              14.256939,
              48.307347
            ],
            [
              14.2569658,
              48.3073523
            ],
            [
              14.2569956,
              48.3073617
            ],
            [
              14.257011,
              48.3073691
            ],
            [
              14.2570268,
              48.3073809
            ],
            [
              14.2570483,
              48.3074026
            ],
            [
              14.2570845,
              48.307448
            ],
            [
              14.2569748,
              48.3074538
            ],
            [
              14.2569494,
              48.3074552
            ],
            [
              14.2567733,
              48.3074637
            ],
            [
              14.2567175,
              48.3074665
            ],
            [
              14.2567111,
              48.3074307
            ],
            [
              14.2567109,
              48.3074053
            ],
            [
              14.2567144,
              48.3073934
            ],
            [
              14.2567211,
              48.3073839
            ],
            [
              14.2567299,
              48.3073765
            ],
            [
              14.2567534,
              48.3073622
            ],
            [
              14.2567793,
              48.3073534
            ],
            [
              14.2568058,
              48.3073488
            ],
            [
              14.2568276,
              48.3073463
            ],
            [
              14.2568536,
              48.3073444
            ],
            [
              14.2568805,
              48.3073437
            ],
            [
              14.2569127,
              48.3073447
            ]
          ],
          [
            [
              14.2488062,
              48.2797359
            ],
            [
              14.2488805,
              48.2796657
            ]
          ],
          [
            [
              14.2486697,
              48.2805063
            ],
            [
              14.2487898,
              48.2806846
            ]
          ],
          [
            [
              14.2433001,
              48.2863499
            ],
            [
              14.2435106,
              48.2861652
            ]
          ],
          [
            [
              14.2408408,
              48.2899381
            ],
            [
              14.2408455,
              48.2900416
            ],
            [
              14.2408488,
              48.2901121
            ]
          ],
          [
            [
              14.2847861,
              48.3068985
            ],
            [
              14.2850079,
              48.3069535
            ]
          ],
          [
            [
              14.284187,
              48.3038632
            ],
            [
              14.2841633,
              48.3038809
            ],
            [
              14.2842793,
              48.3039393
            ],
            [
              14.2843059,
              48.3039234
            ]
          ]
        ]
      },
      "id": "relation/1147278"
    },
    {
      "type": "Feature",
      "properties": {
        "@id": "relation/1147289",
        "alternate": "no",
        "colour": "#e4ae44",
        "from": "Stadtplatz Leonding",
        "name": "Bus 192: Stadtplatz Leonding => Theatergasse",
        "name:de": "Bus 192: Stadtplatz Leonding => Theatergasse",
        "name:en": "Bus 192: Town Square Leonding => Theatergasse",
        "network": "Oberösterreichischer Verkehrsverbund",
        "network:short": "OÖVV",
        "network:wikidata": "Q2011605",
        "network:wikipedia": "de:Oberösterreichischer Verkehrsverbund",
        "operator": "Linz Linien GmbH",
        "public_transport:version": "2",
        "ref": "192",
        "route": "bus",
        "to": "Theatergasse",
        "type": "route"
      },
      "geometry": {
        "type": "MultiLineString",
        "coordinates": [
          [
            [
              14.2487487,
              48.2796967
            ],
            [
              14.2487176,
              48.2797262
            ],
            [
              14.2486091,
              48.2798292
            ],
            [
              14.2483999,
              48.2800096
            ],
            [
              14.2483543,
              48.2800489
            ],
            [
              14.2482781,
              48.2801178
            ],
            [
              14.2481622,
              48.2800429
            ],
            [
              14.248094,
              48.2800168
            ],
            [
              14.247928,
              48.2799578
            ],
            [
              14.2477461,
              48.2798943
            ],
            [
              14.2476476,
              48.2798583
            ],
            [
              14.2474611,
              48.2797928
            ],
            [
              14.2472111,
              48.2797019
            ],
            [
              14.2471668,
              48.2797493
            ],
            [
              14.2471419,
              48.2797752
            ],
            [
              14.2470211,
              48.2798945
            ],
            [
              14.2466397,
              48.2802634
            ],
            [
              14.2465995,
              48.2802911
            ],
            [
              14.2465693,
              48.2803
            ],
            [
              14.2465348,
              48.2803002
            ],
            [
              14.2463887,
              48.2802408
            ],
            [
              14.2463268,
              48.2802156
            ],
            [
              14.2462135,
              48.2801695
            ],
            [
              14.2461676,
              48.2801563
            ],
            [
              14.2459376,
              48.2801322
            ],
            [
              14.2453776,
              48.28007
            ],
            [
              14.2453351,
              48.2800653
            ],
            [
              14.2452781,
              48.2800581
            ],
            [
              14.2451326,
              48.2800398
            ],
            [
              14.2450538,
              48.2800354
            ],
            [
              14.2450423,
              48.2801442
            ],
            [
              14.2450335,
              48.2802645
            ],
            [
              14.2450313,
              48.2803475
            ],
            [
              14.2450364,
              48.280447
            ],
            [
              14.2450527,
              48.2806121
            ],
            [
              14.2450747,
              48.2807418
            ],
            [
              14.2450817,
              48.2807727
            ],
            [
              14.2451833,
              48.2812221
            ],
            [
              14.245207,
              48.2813395
            ],
            [
              14.2452251,
              48.2814423
            ],
            [
              14.2452312,
              48.2815204
            ],
            [
              14.2452314,
              48.2816226
            ],
            [
              14.2452219,
              48.2817725
            ],
            [
              14.2451677,
              48.2821357
            ],
            [
              14.2451611,
              48.2821845
            ],
            [
              14.2451387,
              48.2823377
            ],
            [
              14.2451127,
              48.282466
            ],
            [
              14.2450982,
              48.2825353
            ],
            [
              14.2450577,
              48.28265
            ],
            [
              14.2449613,
              48.2828526
            ],
            [
              14.2445621,
              48.2835508
            ],
            [
              14.2444424,
              48.283763
            ],
            [
              14.2443909,
              48.2838543
            ],
            [
              14.24434,
              48.2839464
            ],
            [
              14.2443142,
              48.2840003
            ],
            [
              14.2442736,
              48.2840996
            ],
            [
              14.2442459,
              48.2841839
            ],
            [
              14.244237,
              48.2842291
            ],
            [
              14.2442308,
              48.2842602
            ],
            [
              14.244226,
              48.2843852
            ],
            [
              14.2442298,
              48.2844333
            ],
            [
              14.2442352,
              48.2845008
            ],
            [
              14.2442362,
              48.2845136
            ],
            [
              14.2442549,
              48.284641
            ],
            [
              14.2442755,
              48.2847761
            ],
            [
              14.2442826,
              48.2848682
            ],
            [
              14.244284,
              48.284952
            ],
            [
              14.2442801,
              48.2850273
            ],
            [
              14.2442788,
              48.285051
            ],
            [
              14.2442618,
              48.2851511
            ],
            [
              14.2442213,
              48.2852896
            ],
            [
              14.2441721,
              48.2854315
            ],
            [
              14.2441569,
              48.2854702
            ],
            [
              14.2441265,
              48.2855364
            ],
            [
              14.2441056,
              48.2855818
            ],
            [
              14.2440683,
              48.2856518
            ],
            [
              14.2440229,
              48.2857239
            ],
            [
              14.2439773,
              48.2857874
            ],
            [
              14.2438533,
              48.2859338
            ],
            [
              14.2437597,
              48.2860199
            ],
            [
              14.2436426,
              48.2861195
            ],
            [
              14.2434592,
              48.2862755
            ],
            [
              14.2433498,
              48.2863686
            ],
            [
              14.2432048,
              48.286492
            ],
            [
              14.2430687,
              48.2866058
            ],
            [
              14.2428913,
              48.2867302
            ],
            [
              14.2428913,
              48.2867304
            ],
            [
              14.2427516,
              48.2868177
            ],
            [
              14.2426645,
              48.2868746
            ],
            [
              14.2425929,
              48.2869215
            ],
            [
              14.2420281,
              48.2872296
            ],
            [
              14.2416761,
              48.2874181
            ],
            [
              14.2415697,
              48.2874879
            ],
            [
              14.2414974,
              48.2875454
            ],
            [
              14.2414549,
              48.2875848
            ],
            [
              14.2414313,
              48.2876199
            ],
            [
              14.2413843,
              48.287702
            ],
            [
              14.2412838,
              48.2878669
            ],
            [
              14.2411657,
              48.2880681
            ],
            [
              14.2409429,
              48.2884478
            ],
            [
              14.2409014,
              48.2885474
            ],
            [
              14.2408773,
              48.2886347
            ],
            [
              14.2408667,
              48.2887134
            ],
            [
              14.2408615,
              48.2887854
            ],
            [
              14.2408569,
              48.2889073
            ],
            [
              14.2408581,
              48.2890177
            ],
            [
              14.2408626,
              48.2891678
            ],
            [
              14.240876,
              48.2894471
            ],
            [
              14.2408785,
              48.2894957
            ],
            [
              14.2408807,
              48.28954
            ],
            [
              14.2408841,
              48.2896178
            ],
            [
              14.2409025,
              48.290031
            ],
            [
              14.2409168,
              48.290354
            ],
            [
              14.2409247,
              48.2905028
            ],
            [
              14.240935,
              48.2906974
            ],
            [
              14.240968,
              48.2913491
            ],
            [
              14.2409835,
              48.2916618
            ],
            [
              14.2409815,
              48.291801
            ],
            [
              14.2409751,
              48.2919337
            ],
            [
              14.2409547,
              48.2920512
            ],
            [
              14.2409273,
              48.2921549
            ],
            [
              14.2408904,
              48.2922337
            ],
            [
              14.2408473,
              48.2923142
            ],
            [
              14.2405809,
              48.2926766
            ],
            [
              14.2402703,
              48.2930699
            ],
            [
              14.2400611,
              48.2933386
            ],
            [
              14.2399979,
              48.2934298
            ],
            [
              14.2399512,
              48.2935201
            ],
            [
              14.2399069,
              48.2936308
            ],
            [
              14.2398751,
              48.2937507
            ],
            [
              14.2398501,
              48.2938311
            ],
            [
              14.2398172,
              48.2939127
            ],
            [
              14.239773,
              48.2939843
            ],
            [
              14.239744,
              48.2940294
            ],
            [
              14.2396932,
              48.2940965
            ],
            [
              14.2398664,
              48.2941694
            ],
            [
              14.2400592,
              48.2942039
            ],
            [
              14.2402424,
              48.2941931
            ],
            [
              14.2403724,
              48.2941752
            ],
            [
              14.2408646,
              48.2940879
            ],
            [
              14.2415767,
              48.2939705
            ],
            [
              14.2418942,
              48.2938895
            ],
            [
              14.2420927,
              48.2938564
            ],
            [
              14.2422523,
              48.2938296
            ],
            [
              14.2423354,
              48.2938064
            ],
            [
              14.2425245,
              48.293744
            ],
            [
              14.2427549,
              48.2936737
            ],
            [
              14.2432982,
              48.2935579
            ],
            [
              14.2435685,
              48.2935206
            ],
            [
              14.2438067,
              48.2934695
            ],
            [
              14.2439099,
              48.2934344
            ],
            [
              14.2440144,
              48.2933983
            ],
            [
              14.2441486,
              48.2933246
            ],
            [
              14.2442493,
              48.2932665
            ],
            [
              14.2444692,
              48.2931348
            ],
            [
              14.2446729,
              48.2929994
            ],
            [
              14.2448106,
              48.2928843
            ],
            [
              14.2449479,
              48.2927919
            ],
            [
              14.2450458,
              48.2927313
            ],
            [
              14.2451685,
              48.2926697
            ],
            [
              14.2454059,
              48.2925657
            ],
            [
              14.2456064,
              48.2924935
            ],
            [
              14.2458468,
              48.2924217
            ],
            [
              14.2460261,
              48.2923744
            ],
            [
              14.2462457,
              48.2923229
            ],
            [
              14.2466169,
              48.2922432
            ],
            [
              14.2469066,
              48.2921789
            ],
            [
              14.2471875,
              48.2921067
            ],
            [
              14.2473096,
              48.2920839
            ],
            [
              14.2473804,
              48.2920771
            ],
            [
              14.2474135,
              48.2920799
            ],
            [
              14.2473838,
              48.2921379
            ],
            [
              14.2473477,
              48.2922604
            ],
            [
              14.247328,
              48.292354
            ],
            [
              14.2473167,
              48.2924118
            ],
            [
              14.2473106,
              48.2925252
            ],
            [
              14.247324,
              48.2926136
            ],
            [
              14.2473855,
              48.2927709
            ],
            [
              14.2475696,
              48.2930799
            ],
            [
              14.2476091,
              48.2931679
            ],
            [
              14.247621,
              48.2932617
            ],
            [
              14.2476138,
              48.2933878
            ],
            [
              14.2475745,
              48.2934932
            ],
            [
              14.2474148,
              48.2938654
            ],
            [
              14.2473925,
              48.2939123
            ],
            [
              14.2472601,
              48.2941841
            ],
            [
              14.2472138,
              48.2942924
            ],
            [
              14.2471603,
              48.294427
            ],
            [
              14.2470572,
              48.2947013
            ],
            [
              14.2468755,
              48.2952198
            ],
            [
              14.2467312,
              48.2956398
            ],
            [
              14.2467058,
              48.2957091
            ],
            [
              14.2466323,
              48.2958785
            ],
            [
              14.2465965,
              48.2959492
            ],
            [
              14.2465716,
              48.2959948
            ],
            [
              14.2465509,
              48.2960244
            ],
            [
              14.2465226,
              48.2960523
            ],
            [
              14.2464695,
              48.2960897
            ],
            [
              14.2464212,
              48.2961238
            ],
            [
              14.2463673,
              48.2961606
            ],
            [
              14.2463101,
              48.2961996
            ],
            [
              14.2462647,
              48.2962279
            ],
            [
              14.2461766,
              48.2962772
            ],
            [
              14.2458489,
              48.2964431
            ],
            [
              14.2457771,
              48.2964833
            ],
            [
              14.2457029,
              48.2965325
            ],
            [
              14.2454528,
              48.296753
            ],
            [
              14.245361,
              48.2968438
            ],
            [
              14.245265,
              48.2969651
            ],
            [
              14.2451815,
              48.2970874
            ],
            [
              14.2451271,
              48.2971843
            ],
            [
              14.2450898,
              48.2972597
            ],
            [
              14.2450408,
              48.2973598
            ],
            [
              14.2447907,
              48.2978916
            ],
            [
              14.2446872,
              48.2981055
            ],
            [
              14.2445226,
              48.2984885
            ],
            [
              14.2445114,
              48.2985267
            ],
            [
              14.2445035,
              48.2985674
            ],
            [
              14.2444999,
              48.2986646
            ],
            [
              14.2445029,
              48.2987522
            ],
            [
              14.2445045,
              48.2987983
            ],
            [
              14.2445657,
              48.2991907
            ],
            [
              14.2445766,
              48.2992999
            ],
            [
              14.2446158,
              48.2996374
            ],
            [
              14.2446223,
              48.2997657
            ],
            [
              14.244616,
              48.2998047
            ],
            [
              14.2445753,
              48.299959
            ],
            [
              14.2444093,
              48.3003399
            ],
            [
              14.2443566,
              48.3004984
            ],
            [
              14.2443512,
              48.3005758
            ],
            [
              14.2443466,
              48.3006424
            ],
            [
              14.2443538,
              48.3007604
            ],
            [
              14.24437,
              48.3008356
            ],
            [
              14.2444559,
              48.3009874
            ],
            [
              14.2445573,
              48.3011041
            ],
            [
              14.2446321,
              48.3011786
            ],
            [
              14.2448167,
              48.3013872
            ],
            [
              14.2448976,
              48.3015413
            ],
            [
              14.2449371,
              48.3016826
            ],
            [
              14.2449449,
              48.3017866
            ],
            [
              14.2449461,
              48.3018373
            ],
            [
              14.2449432,
              48.3018905
            ],
            [
              14.2449395,
              48.3019393
            ],
            [
              14.2449354,
              48.3019794
            ],
            [
              14.2449277,
              48.3020324
            ],
            [
              14.2449113,
              48.3021408
            ],
            [
              14.2449028,
              48.3021888
            ],
            [
              14.2448941,
              48.3022497
            ],
            [
              14.2448908,
              48.3022957
            ],
            [
              14.2448933,
              48.3023342
            ],
            [
              14.2448988,
              48.3023659
            ],
            [
              14.2449063,
              48.3023956
            ],
            [
              14.2449175,
              48.3024269
            ],
            [
              14.2449347,
              48.3024649
            ],
            [
              14.2449521,
              48.3024964
            ],
            [
              14.2449605,
              48.3025085
            ],
            [
              14.2449691,
              48.3025198
            ],
            [
              14.2449822,
              48.3025355
            ],
            [
              14.2450012,
              48.3025543
            ],
            [
              14.2450283,
              48.3025774
            ],
            [
              14.2450552,
              48.302596
            ],
            [
              14.2450865,
              48.3026164
            ],
            [
              14.2451127,
              48.302631
            ],
            [
              14.2451288,
              48.3026395
            ],
            [
              14.2451526,
              48.3026501
            ],
            [
              14.2451908,
              48.3026645
            ],
            [
              14.2452659,
              48.3026907
            ],
            [
              14.2453709,
              48.3027229
            ],
            [
              14.2456535,
              48.3028084
            ],
            [
              14.2457024,
              48.302823
            ],
            [
              14.2458293,
              48.3028617
            ],
            [
              14.2459572,
              48.3029034
            ],
            [
              14.2460165,
              48.3029224
            ],
            [
              14.2460707,
              48.3029377
            ],
            [
              14.2461349,
              48.3029528
            ],
            [
              14.2461742,
              48.3029601
            ],
            [
              14.2462352,
              48.3029677
            ],
            [
              14.2463017,
              48.3029719
            ],
            [
              14.2463725,
              48.3029736
            ],
            [
              14.2464449,
              48.3029725
            ],
            [
              14.2465233,
              48.3029674
            ],
            [
              14.2465948,
              48.3029602
            ],
            [
              14.2466595,
              48.3029511
            ],
            [
              14.2467247,
              48.3029415
            ],
            [
              14.2469783,
              48.3029018
            ],
            [
              14.2470483,
              48.3028911
            ],
            [
              14.2471207,
              48.3028801
            ],
            [
              14.2472626,
              48.3028588
            ],
            [
              14.2473943,
              48.3028363
            ],
            [
              14.2474739,
              48.3028188
            ],
            [
              14.2475482,
              48.3027984
            ],
            [
              14.2476132,
              48.302777
            ],
            [
              14.2476721,
              48.3027529
            ],
            [
              14.247715,
              48.3027272
            ],
            [
              14.2477614,
              48.3026944
            ],
            [
              14.2478082,
              48.3026612
            ],
            [
              14.2478531,
              48.3026241
            ],
            [
              14.2479114,
              48.3025735
            ],
            [
              14.2480002,
              48.3024906
            ],
            [
              14.2481412,
              48.3023533
            ],
            [
              14.2483562,
              48.3021389
            ],
            [
              14.2486067,
              48.3018911
            ],
            [
              14.2486515,
              48.3018461
            ],
            [
              14.2487063,
              48.3017888
            ],
            [
              14.2487447,
              48.301751
            ],
            [
              14.248777,
              48.3017228
            ],
            [
              14.2488196,
              48.301694
            ],
            [
              14.2488578,
              48.3016705
            ],
            [
              14.2488987,
              48.3016499
            ],
            [
              14.2489507,
              48.3016314
            ],
            [
              14.2490049,
              48.3016194
            ],
            [
              14.2490554,
              48.3016134
            ],
            [
              14.2491122,
              48.3016117
            ],
            [
              14.2491639,
              48.3016139
            ],
            [
              14.249217,
              48.3016209
            ],
            [
              14.2492739,
              48.3016342
            ],
            [
              14.2493272,
              48.3016527
            ],
            [
              14.2493726,
              48.301675
            ],
            [
              14.2494161,
              48.301704
            ],
            [
              14.2494898,
              48.3017631
            ],
            [
              14.2496089,
              48.3018663
            ],
            [
              14.2497314,
              48.3019744
            ],
            [
              14.2498474,
              48.3020742
            ],
            [
              14.2499226,
              48.3021345
            ],
            [
              14.2500088,
              48.3021991
            ],
            [
              14.2500753,
              48.302249
            ],
            [
              14.2501975,
              48.3023351
            ],
            [
              14.2502957,
              48.3024048
            ],
            [
              14.2503956,
              48.3024852
            ],
            [
              14.2504644,
              48.3025426
            ],
            [
              14.2506564,
              48.3027233
            ],
            [
              14.250859,
              48.3029115
            ],
            [
              14.2510093,
              48.3030539
            ],
            [
              14.2510922,
              48.30313
            ],
            [
              14.2511673,
              48.3031989
            ],
            [
              14.2512396,
              48.3032583
            ],
            [
              14.2513226,
              48.3033166
            ],
            [
              14.2513939,
              48.3033603
            ],
            [
              14.2514516,
              48.3033923
            ],
            [
              14.2515073,
              48.3034203
            ],
            [
              14.2515803,
              48.3034538
            ],
            [
              14.2516867,
              48.3034996
            ],
            [
              14.2518017,
              48.3035449
            ],
            [
              14.2518665,
              48.3035712
            ],
            [
              14.251919,
              48.3035905
            ],
            [
              14.2519642,
              48.3036031
            ],
            [
              14.252003,
              48.3036102
            ],
            [
              14.2520499,
              48.3036149
            ],
            [
              14.2521011,
              48.3036178
            ],
            [
              14.2521737,
              48.3036207
            ],
            [
              14.2524401,
              48.3036337
            ],
            [
              14.252882,
              48.3036632
            ],
            [
              14.2529992,
              48.3036679
            ],
            [
              14.2531373,
              48.3036706
            ],
            [
              14.2533202,
              48.3036711
            ],
            [
              14.253476,
              48.3036708
            ],
            [
              14.2536065,
              48.303665
            ],
            [
              14.2537299,
              48.3036549
            ],
            [
              14.2538197,
              48.30365
            ],
            [
              14.2539193,
              48.3036464
            ],
            [
              14.2540348,
              48.303646
            ],
            [
              14.254144,
              48.3036476
            ],
            [
              14.2542799,
              48.3036522
            ],
            [
              14.2543702,
              48.3036576
            ],
            [
              14.2544629,
              48.3036668
            ],
            [
              14.2545319,
              48.3036747
            ],
            [
              14.2546473,
              48.303688
            ],
            [
              14.2547168,
              48.3036965
            ],
            [
              14.2547726,
              48.3037015
            ],
            [
              14.2548202,
              48.3037041
            ],
            [
              14.254868,
              48.303705
            ],
            [
              14.2549108,
              48.3037032
            ],
            [
              14.2549519,
              48.3036999
            ],
            [
              14.2549964,
              48.3036946
            ],
            [
              14.2550553,
              48.3036844
            ],
            [
              14.255105,
              48.3036749
            ],
            [
              14.2553453,
              48.303614
            ],
            [
              14.2559116,
              48.3034391
            ],
            [
              14.2563663,
              48.303302
            ],
            [
              14.2565959,
              48.3032261
            ],
            [
              14.2567557,
              48.3031695
            ],
            [
              14.2568829,
              48.3031223
            ],
            [
              14.2569509,
              48.3030973
            ],
            [
              14.2570266,
              48.3030695
            ],
            [
              14.2571704,
              48.3030671
            ],
            [
              14.2573642,
              48.3030775
            ],
            [
              14.2575934,
              48.3030937
            ],
            [
              14.257796,
              48.3031053
            ],
            [
              14.2579821,
              48.3031143
            ],
            [
              14.258125,
              48.30313
            ],
            [
              14.2581621,
              48.3031427
            ],
            [
              14.2581832,
              48.3031551
            ],
            [
              14.258199,
              48.3031719
            ],
            [
              14.2582162,
              48.303195
            ],
            [
              14.2582218,
              48.3032085
            ],
            [
              14.2582247,
              48.3032218
            ],
            [
              14.258225,
              48.3032341
            ],
            [
              14.2582245,
              48.303245
            ],
            [
              14.258222,
              48.3032561
            ],
            [
              14.258217,
              48.3032729
            ],
            [
              14.2581984,
              48.3033211
            ],
            [
              14.2581796,
              48.3033728
            ],
            [
              14.2582093,
              48.3033784
            ],
            [
              14.2582483,
              48.3033893
            ],
            [
              14.2582806,
              48.3034013
            ],
            [
              14.2583127,
              48.3034152
            ],
            [
              14.2583403,
              48.3034289
            ],
            [
              14.2583856,
              48.3034557
            ],
            [
              14.2584226,
              48.3034818
            ],
            [
              14.258451,
              48.3035081
            ],
            [
              14.2584815,
              48.3035414
            ],
            [
              14.2585008,
              48.3035669
            ],
            [
              14.2585182,
              48.3035957
            ],
            [
              14.2585267,
              48.3036133
            ],
            [
              14.2585322,
              48.3036298
            ],
            [
              14.2585383,
              48.3036515
            ],
            [
              14.2585419,
              48.3036715
            ],
            [
              14.2585442,
              48.3036889
            ],
            [
              14.2585454,
              48.3037074
            ],
            [
              14.2585453,
              48.3037292
            ],
            [
              14.2585438,
              48.3037568
            ],
            [
              14.2585344,
              48.3038247
            ],
            [
              14.2585174,
              48.303934
            ],
            [
              14.2585083,
              48.3040017
            ],
            [
              14.2585026,
              48.3040674
            ],
            [
              14.2585021,
              48.3041225
            ],
            [
              14.2585075,
              48.3041699
            ],
            [
              14.2585186,
              48.3042242
            ],
            [
              14.2585335,
              48.304286
            ],
            [
              14.2585419,
              48.3043281
            ],
            [
              14.2585484,
              48.3043819
            ],
            [
              14.2585542,
              48.3045073
            ],
            [
              14.2585583,
              48.3046123
            ],
            [
              14.258557,
              48.3046939
            ],
            [
              14.2585544,
              48.3047324
            ],
            [
              14.2585495,
              48.3047714
            ],
            [
              14.258543,
              48.3048013
            ],
            [
              14.25852,
              48.3048464
            ],
            [
              14.2584977,
              48.304877
            ],
            [
              14.2584705,
              48.304908
            ],
            [
              14.2584254,
              48.3049562
            ],
            [
              14.2583897,
              48.3049962
            ],
            [
              14.2583526,
              48.3050409
            ],
            [
              14.2583387,
              48.305059
            ],
            [
              14.2583281,
              48.3050736
            ],
            [
              14.258311,
              48.3051018
            ],
            [
              14.2582998,
              48.3051223
            ],
            [
              14.2582388,
              48.3052575
            ],
            [
              14.2581792,
              48.3053952
            ],
            [
              14.2581544,
              48.305462
            ],
            [
              14.2581401,
              48.3055151
            ],
            [
              14.2581338,
              48.3055571
            ],
            [
              14.2581322,
              48.3055978
            ],
            [
              14.2581369,
              48.3056491
            ],
            [
              14.2581503,
              48.3057107
            ],
            [
              14.2581643,
              48.3057615
            ],
            [
              14.2581828,
              48.3058239
            ],
            [
              14.2582071,
              48.3058963
            ],
            [
              14.2582356,
              48.305969
            ],
            [
              14.2582717,
              48.3060516
            ],
            [
              14.2583146,
              48.3061473
            ],
            [
              14.2583526,
              48.3062297
            ],
            [
              14.2583684,
              48.3062725
            ],
            [
              14.2583801,
              48.3063127
            ],
            [
              14.2583858,
              48.306343
            ],
            [
              14.2583892,
              48.3063669
            ],
            [
              14.2583916,
              48.3064031
            ],
            [
              14.2583928,
              48.306455
            ],
            [
              14.2583898,
              48.3065148
            ],
            [
              14.2583836,
              48.3065561
            ],
            [
              14.2583743,
              48.3065957
            ],
            [
              14.2583631,
              48.3066279
            ],
            [
              14.2583485,
              48.3066622
            ],
            [
              14.2583372,
              48.3066814
            ],
            [
              14.2583244,
              48.3066994
            ],
            [
              14.2583069,
              48.3067187
            ],
            [
              14.258286,
              48.306737
            ],
            [
              14.2582631,
              48.3067532
            ],
            [
              14.2582189,
              48.306779
            ],
            [
              14.2581703,
              48.3068023
            ],
            [
              14.2580905,
              48.3068337
            ],
            [
              14.257943,
              48.3068908
            ],
            [
              14.2578889,
              48.3069132
            ],
            [
              14.2578377,
              48.3069341
            ],
            [
              14.2578115,
              48.3069436
            ],
            [
              14.2577765,
              48.3069552
            ],
            [
              14.2577432,
              48.3069649
            ],
            [
              14.2576981,
              48.3069765
            ],
            [
              14.2576472,
              48.306989
            ],
            [
              14.2575983,
              48.3070005
            ],
            [
              14.2575574,
              48.3070098
            ],
            [
              14.2575328,
              48.3070154
            ],
            [
              14.2574831,
              48.3070275
            ],
            [
              14.2574595,
              48.3070342
            ],
            [
              14.2574391,
              48.3070407
            ],
            [
              14.2574016,
              48.3070567
            ],
            [
              14.2573751,
              48.3070695
            ],
            [
              14.2573481,
              48.3070851
            ],
            [
              14.2573216,
              48.3071017
            ],
            [
              14.2572822,
              48.3071283
            ],
            [
              14.2572573,
              48.3071474
            ],
            [
              14.2572333,
              48.3071686
            ],
            [
              14.257206,
              48.3071966
            ],
            [
              14.257185,
              48.3072216
            ],
            [
              14.257151,
              48.3072609
            ],
            [
              14.2571235,
              48.3072979
            ],
            [
              14.2571049,
              48.3073276
            ],
            [
              14.2570921,
              48.3073583
            ],
            [
              14.2570848,
              48.3073917
            ],
            [
              14.2570831,
              48.3074237
            ],
            [
              14.2570845,
              48.307448
            ],
            [
              14.2571827,
              48.3074466
            ],
            [
              14.2573185,
              48.3074462
            ],
            [
              14.2575351,
              48.3074472
            ],
            [
              14.257634,
              48.3074447
            ],
            [
              14.2577624,
              48.3074363
            ],
            [
              14.2578768,
              48.3074246
            ],
            [
              14.2579954,
              48.3074081
            ],
            [
              14.2580678,
              48.3073948
            ],
            [
              14.2581745,
              48.3073694
            ],
            [
              14.2582712,
              48.3073434
            ],
            [
              14.2583807,
              48.3073092
            ],
            [
              14.2585049,
              48.307269
            ],
            [
              14.2586134,
              48.3072311
            ],
            [
              14.2587182,
              48.3071949
            ],
            [
              14.2589742,
              48.3071063
            ],
            [
              14.259062,
              48.3070748
            ],
            [
              14.2592614,
              48.307005
            ],
            [
              14.2594402,
              48.3069426
            ],
            [
              14.2596107,
              48.3068867
            ],
            [
              14.259689,
              48.306863
            ],
            [
              14.2597766,
              48.306838
            ],
            [
              14.2598544,
              48.3068171
            ],
            [
              14.2599375,
              48.3067958
            ],
            [
              14.260045,
              48.3067694
            ],
            [
              14.2601627,
              48.3067428
            ],
            [
              14.2602419,
              48.3067265
            ],
            [
              14.2603432,
              48.3067095
            ],
            [
              14.2605859,
              48.3066713
            ],
            [
              14.2607597,
              48.3066499
            ],
            [
              14.2609627,
              48.3066284
            ],
            [
              14.2611741,
              48.3066092
            ],
            [
              14.2612914,
              48.3065979
            ],
            [
              14.2614638,
              48.3065778
            ],
            [
              14.261586,
              48.3065603
            ],
            [
              14.2616904,
              48.306544
            ],
            [
              14.2618978,
              48.3065076
            ],
            [
              14.2621624,
              48.3064569
            ],
            [
              14.2623792,
              48.306415
            ],
            [
              14.2627524,
              48.3063454
            ],
            [
              14.2631834,
              48.3062605
            ],
            [
              14.263524,
              48.3061934
            ],
            [
              14.2639081,
              48.30611
            ],
            [
              14.264151,
              48.3060481
            ],
            [
              14.2643822,
              48.3059806
            ],
            [
              14.2646269,
              48.3059003
            ],
            [
              14.2650149,
              48.3057658
            ],
            [
              14.2651729,
              48.305711
            ],
            [
              14.2657843,
              48.3054989
            ],
            [
              14.2659615,
              48.3054322
            ],
            [
              14.2661653,
              48.3053477
            ],
            [
              14.2663112,
              48.3052769
            ],
            [
              14.2665033,
              48.3051778
            ],
            [
              14.2668149,
              48.3050072
            ],
            [
              14.266948,
              48.3049328
            ],
            [
              14.2673215,
              48.3047416
            ],
            [
              14.2677124,
              48.3045959
            ],
            [
              14.268647,
              48.3043234
            ],
            [
              14.2692685,
              48.3041657
            ],
            [
              14.2701604,
              48.3039919
            ],
            [
              14.2704479,
              48.3039393
            ],
            [
              14.2706294,
              48.3039025
            ],
            [
              14.2708151,
              48.3038751
            ],
            [
              14.2710386,
              48.303845
            ],
            [
              14.2712102,
              48.303827
            ],
            [
              14.2714246,
              48.3038096
            ],
            [
              14.2716132,
              48.3038006
            ],
            [
              14.2717564,
              48.303798
            ],
            [
              14.2718615,
              48.3037992
            ],
            [
              14.271905,
              48.3037991
            ],
            [
              14.2719801,
              48.3038
            ],
            [
              14.272108,
              48.3038064
            ],
            [
              14.2722855,
              48.3038219
            ],
            [
              14.2724131,
              48.3038413
            ],
            [
              14.2725332,
              48.3038645
            ],
            [
              14.2726942,
              48.3039025
            ],
            [
              14.273055,
              48.3039882
            ],
            [
              14.2733044,
              48.3040473
            ],
            [
              14.2734111,
              48.3040707
            ],
            [
              14.2735091,
              48.3040888
            ],
            [
              14.2735587,
              48.3040961
            ],
            [
              14.2736043,
              48.3041005
            ],
            [
              14.27375,
              48.3041106
            ],
            [
              14.2739515,
              48.304123
            ],
            [
              14.2743286,
              48.304146
            ],
            [
              14.2747554,
              48.30418
            ],
            [
              14.2751807,
              48.3042231
            ],
            [
              14.2753573,
              48.3042469
            ],
            [
              14.2754852,
              48.3042677
            ],
            [
              14.2757493,
              48.3043171
            ],
            [
              14.2760266,
              48.3043775
            ],
            [
              14.2762857,
              48.3044443
            ],
            [
              14.2765239,
              48.3045191
            ],
            [
              14.2767597,
              48.3046036
            ],
            [
              14.2774128,
              48.3048615
            ],
            [
              14.2786568,
              48.3053272
            ],
            [
              14.2787969,
              48.3053783
            ],
            [
              14.2795278,
              48.3056452
            ],
            [
              14.2797111,
              48.3057152
            ],
            [
              14.2799581,
              48.3058021
            ],
            [
              14.2805422,
              48.3059802
            ],
            [
              14.2811911,
              48.3061409
            ],
            [
              14.2817313,
              48.3062495
            ],
            [
              14.2823731,
              48.3063707
            ],
            [
              14.283063,
              48.3064994
            ],
            [
              14.2835617,
              48.3065924
            ],
            [
              14.2836934,
              48.3066169
            ],
            [
              14.2840706,
              48.306687
            ],
            [
              14.284107,
              48.3066938
            ],
            [
              14.2841377,
              48.3066994
            ],
            [
              14.2841761,
              48.3067064
            ],
            [
              14.284395,
              48.3067461
            ],
            [
              14.2845796,
              48.3067799
            ],
            [
              14.2846688,
              48.3067981
            ],
            [
              14.2847477,
              48.3068142
            ],
            [
              14.2848276,
              48.3068348
            ],
            [
              14.285086,
              48.3069049
            ],
            [
              14.2851211,
              48.3069144
            ],
            [
              14.285438,
              48.3070139
            ],
            [
              14.2859275,
              48.3071746
            ],
            [
              14.286283,
              48.3072959
            ],
            [
              14.2867323,
              48.307473
            ],
            [
              14.2868281,
              48.3075052
            ],
            [
              14.2869002,
              48.3075267
            ],
            [
              14.2870017,
              48.3075521
            ],
            [
              14.287083,
              48.3075653
            ],
            [
              14.2871601,
              48.3075733
            ],
            [
              14.2872656,
              48.3075455
            ],
            [
              14.2873253,
              48.3075365
            ],
            [
              14.2874716,
              48.3075263
            ],
            [
              14.2876097,
              48.3075783
            ],
            [
              14.2877434,
              48.307625
            ],
            [
              14.2878848,
              48.307668
            ],
            [
              14.2882132,
              48.3077629
            ],
            [
              14.2887622,
              48.3079258
            ],
            [
              14.2891719,
              48.3080478
            ],
            [
              14.2892827,
              48.3080327
            ],
            [
              14.2893382,
              48.308011
            ],
            [
              14.2893848,
              48.3079819
            ],
            [
              14.2894136,
              48.3079384
            ],
            [
              14.2894396,
              48.3078722
            ],
            [
              14.2894362,
              48.3077648
            ],
            [
              14.289434,
              48.307592
            ],
            [
              14.2894296,
              48.3073463
            ],
            [
              14.2894289,
              48.3071177
            ],
            [
              14.2894307,
              48.3070358
            ],
            [
              14.2894387,
              48.3069406
            ],
            [
              14.2894513,
              48.3068798
            ],
            [
              14.289474,
              48.3068222
            ],
            [
              14.2895219,
              48.3067272
            ],
            [
              14.2895399,
              48.3066922
            ],
            [
              14.28957,
              48.3066411
            ],
            [
              14.2897984,
              48.3062438
            ],
            [
              14.2900392,
              48.3058089
            ],
            [
              14.2902527,
              48.3055129
            ],
            [
              14.2902699,
              48.305489
            ],
            [
              14.2902944,
              48.3054551
            ],
            [
              14.290327,
              48.3054092
            ],
            [
              14.2903617,
              48.3053602
            ],
            [
              14.2903938,
              48.3053081
            ],
            [
              14.2903883,
              48.305255
            ],
            [
              14.2903653,
              48.3052089
            ],
            [
              14.2903098,
              48.3051742
            ],
            [
              14.2901708,
              48.3051337
            ],
            [
              14.2900904,
              48.3051125
            ],
            [
              14.289941,
              48.3050738
            ],
            [
              14.2898018,
              48.3050377
            ],
            [
              14.289578,
              48.3049671
            ],
            [
              14.2888693,
              48.3047015
            ],
            [
              14.2887438,
              48.3046442
            ],
            [
              14.2886627,
              48.3045939
            ],
            [
              14.2884017,
              48.3043994
            ],
            [
              14.2883463,
              48.3043582
            ],
            [
              14.2882534,
              48.3042857
            ],
            [
              14.2881267,
              48.304195
            ],
            [
              14.2881147,
              48.304187
            ],
            [
              14.2880825,
              48.3041657
            ],
            [
              14.2880316,
              48.304132
            ],
            [
              14.2880181,
              48.3041245
            ],
            [
              14.288004,
              48.3041169
            ],
            [
              14.2879404,
              48.304091
            ],
            [
              14.2878741,
              48.3040786
            ],
            [
              14.2871796,
              48.3040813
            ],
            [
              14.2870836,
              48.3040743
            ],
            [
              14.2869954,
              48.3040595
            ],
            [
              14.2869033,
              48.3040302
            ],
            [
              14.2868704,
              48.3040174
            ],
            [
              14.2857511,
              48.30358
            ],
            [
              14.2856568,
              48.303544
            ],
            [
              14.284949,
              48.3032677
            ],
            [
              14.2848948,
              48.3032568
            ],
            [
              14.2848365,
              48.3032556
            ],
            [
              14.2847928,
              48.3032599
            ],
            [
              14.2847521,
              48.3032735
            ],
            [
              14.2847204,
              48.3032938
            ],
            [
              14.2845276,
              48.303444
            ],
            [
              14.2842165,
              48.3036598
            ],
            [
              14.2840274,
              48.3037875
            ],
            [
              14.2839711,
              48.3038255
            ],
            [
              14.2841106,
              48.3038967
            ],
            [
              14.2842044,
              48.3039445
            ]
          ],
          [
            [
              14.284187,
              48.3038632
            ],
            [
              14.2841633,
              48.3038809
            ],
            [
              14.2842793,
              48.3039393
            ],
            [
              14.2843059,
              48.3039234
            ]
          ],
          [
            [
              14.2882225,
              48.3043254
            ],
            [
              14.2880794,
              48.3042283
            ]
          ],
          [
            [
              14.284637,
              48.3067049
            ],
            [
              14.2848539,
              48.3067539
            ],
            [
              14.2850603,
              48.3068056
            ],
            [
              14.28515,
              48.3068347
            ]
          ],
          [
            [
              14.2409366,
              48.2895692
            ],
            [
              14.2409405,
              48.289661
            ]
          ],
          [
            [
              14.2428412,
              48.2868332
            ],
            [
              14.2429354,
              48.2867649
            ],
            [
              14.2430444,
              48.2866858
            ]
          ],
          [
            [
              14.2488062,
              48.2797359
            ],
            [
              14.2488805,
              48.2796657
            ]
          ]
        ]
      },
      "id": "relation/1147289"
    }
  ]
}