{
  "type": "FeatureCollection",
  "features": [
    {
      "type": "Feature",
      "properties": {
        "@id": "relation/1147445",
        "alternate": "no",
        "colour": "#964c29",
        "from": "Baintwiese",
        "name": "Bus 73: Baintwiese => Fernheizkraftwerk",
        "network": "Oberösterreichischer Verkehrsverbund",
        "network:short": "OÖVV",
        "network:wikidata": "Q2011605",
        "network:wikipedia": "de:Oberösterreichischer Verkehrsverbund",
        "operator": "Linz Linien GmbH",
        "public_transport:version": "2",
        "ref": "73",
        "route": "bus",
        "to": "Fernheizkraftwerk",
        "type": "route"
      },
      "geometry": {
        "type": "MultiLineString",
        "coordinates": [
          [
            [
              14.3217278,
              48.2997895
            ],
            [
              14.3214364,
              48.3000718
            ],
            [
              14.3213142,
              48.3001897
            ],
            [
              14.3211118,
              48.3003929
            ],
            [
              14.3209456,
              48.3005545
            ],
            [
              14.3206933,
              48.300797
            ],
            [
              14.3203012,
              48.3011866
            ],
            [
              14.3202643,
              48.3012227
            ],
            [
              14.3201284,
              48.3013513
            ],
            [
              14.3200122,
              48.3014507
            ],
            [
              14.3194391,
              48.3020219
            ],
            [
              14.3194093,
              48.3020529
            ],
            [
              14.3192856,
              48.3021817
            ],
            [
              14.3191036,
              48.3021357
            ],
            [
              14.319018,
              48.3021141
            ],
            [
              14.3188919,
              48.3020829
            ],
            [
              14.3184455,
              48.3019743
            ],
            [
              14.3181293,
              48.3018972
            ],
            [
              14.3170472,
              48.301629
            ],
            [
              14.3156847,
              48.3012831
            ],
            [
              14.3154736,
              48.301236
            ],
            [
              14.3152703,
              48.3011886
            ],
            [
              14.3148541,
              48.301106
            ],
            [
              14.3147214,
              48.3010878
            ],
            [
              14.3145932,
              48.3010703
            ],
            [
              14.3145245,
              48.3010609
            ],
            [
              14.3142089,
              48.3010178
            ],
            [
              14.3134456,
              48.3009242
            ],
            [
              14.3132186,
              48.3008963
            ],
            [
              14.3131104,
              48.3008842
            ],
            [
              14.312698,
              48.3008348
            ],
            [
              14.3124504,
              48.3008052
            ],
            [
              14.3123997,
              48.3007992
            ],
            [
              14.3121671,
              48.3007726
            ],
            [
              14.311499,
              48.300696
            ],
            [
              14.3114256,
              48.3006876
            ],
            [
              14.3113232,
              48.3006759
            ],
            [
              14.3110392,
              48.3006427
            ],
            [
              14.3109854,
              48.3006364
            ],
            [
              14.3105597,
              48.3005866
            ],
            [
              14.3104752,
              48.3005767
            ],
            [
              14.3101645,
              48.3005404
            ],
            [
              14.3100669,
              48.3005291
            ],
            [
              14.3090426,
              48.3004092
            ],
            [
              14.3087832,
              48.3003789
            ],
            [
              14.3086477,
              48.3003642
            ],
            [
              14.308605,
              48.3003595
            ],
            [
              14.3082818,
              48.3003244
            ],
            [
              14.3080166,
              48.3002955
            ],
            [
              14.3079655,
              48.30029
            ],
            [
              14.3076171,
              48.3002521
            ],
            [
              14.3074834,
              48.3002375
            ],
            [
              14.3072412,
              48.3002112
            ],
            [
              14.3061038,
              48.3000836
            ],
            [
              14.3060233,
              48.3000734
            ],
            [
              14.3059267,
              48.3000612
            ],
            [
              14.3057388,
              48.3000189
            ],
            [
              14.3055842,
              48.2999654
            ],
            [
              14.3055407,
              48.2999491
            ],
            [
              14.3054709,
              48.299923
            ],
            [
              14.3051068,
              48.2997867
            ],
            [
              14.3050859,
              48.2997789
            ],
            [
              14.3045838,
              48.2995909
            ],
            [
              14.3044214,
              48.2995281
            ],
            [
              14.3041186,
              48.299411
            ],
            [
              14.3039758,
              48.2993475
            ],
            [
              14.3038129,
              48.299275
            ],
            [
              14.3033407,
              48.2990655
            ],
            [
              14.3032929,
              48.2990443
            ],
            [
              14.3031606,
              48.2989902
            ],
            [
              14.3030241,
              48.298934
            ],
            [
              14.3029744,
              48.2989044
            ],
            [
              14.3028526,
              48.2988318
            ],
            [
              14.3027652,
              48.2987665
            ],
            [
              14.3026662,
              48.2986781
            ],
            [
              14.3025501,
              48.2985673
            ],
            [
              14.302521,
              48.2985396
            ],
            [
              14.3024759,
              48.2984976
            ],
            [
              14.3023775,
              48.2983867
            ],
            [
              14.3023075,
              48.2983059
            ],
            [
              14.3021877,
              48.2981614
            ],
            [
              14.3021079,
              48.2980574
            ],
            [
              14.302045,
              48.2979519
            ],
            [
              14.3019895,
              48.2978494
            ],
            [
              14.3019374,
              48.2977635
            ],
            [
              14.3018819,
              48.2976944
            ],
            [
              14.3018218,
              48.2976324
            ],
            [
              14.3017606,
              48.2975804
            ],
            [
              14.3016969,
              48.2975366
            ],
            [
              14.3016406,
              48.2975026
            ],
            [
              14.301187,
              48.297335
            ],
            [
              14.3010626,
              48.2972891
            ],
            [
              14.3008097,
              48.2971955
            ],
            [
              14.3007575,
              48.2971297
            ],
            [
              14.3007386,
              48.2971226
            ],
            [
              14.3005142,
              48.2970387
            ],
            [
              14.3003861,
              48.2970408
            ],
            [
              14.2996825,
              48.2967846
            ],
            [
              14.2994164,
              48.2966933
            ],
            [
              14.2993407,
              48.2966673
            ],
            [
              14.2992158,
              48.2966244
            ],
            [
              14.2991659,
              48.2966059
            ],
            [
              14.2991054,
              48.2965851
            ],
            [
              14.2990443,
              48.2965655
            ],
            [
              14.2988844,
              48.2965114
            ],
            [
              14.2982824,
              48.2962971
            ],
            [
              14.2978142,
              48.2961301
            ],
            [
              14.2973977,
              48.2959783
            ],
            [
              14.2971575,
              48.2958907
            ],
            [
              14.2969078,
              48.2957996
            ],
            [
              14.2967227,
              48.2957363
            ],
            [
              14.2966435,
              48.2957092
            ],
            [
              14.2965275,
              48.2956739
            ],
            [
              14.2964246,
              48.2956426
            ],
            [
              14.2963177,
              48.2955823
            ],
            [
              14.2961688,
              48.2954893
            ],
            [
              14.2961252,
              48.2954581
            ],
            [
              14.2960275,
              48.295368
            ],
            [
              14.2958842,
              48.2952359
            ],
            [
              14.295653,
              48.2950708
            ],
            [
              14.2955269,
              48.2949854
            ],
            [
              14.2954686,
              48.2949448
            ],
            [
              14.2951866,
              48.2947427
            ],
            [
              14.2951207,
              48.2946895
            ],
            [
              14.2950676,
              48.2946467
            ],
            [
              14.2949255,
              48.2945319
            ],
            [
              14.2946923,
              48.2943117
            ],
            [
              14.2946465,
              48.2942726
            ],
            [
              14.2945938,
              48.2942393
            ],
            [
              14.2945178,
              48.2942062
            ],
            [
              14.2944108,
              48.2941745
            ],
            [
              14.294295,
              48.2941546
            ],
            [
              14.2942374,
              48.2941492
            ],
            [
              14.2940624,
              48.2941409
            ],
            [
              14.2938607,
              48.2941411
            ],
            [
              14.2938058,
              48.2941412
            ],
            [
              14.2937414,
              48.2941435
            ],
            [
              14.2933082,
              48.294159
            ],
            [
              14.2931404,
              48.2941547
            ],
            [
              14.2929974,
              48.2941268
            ],
            [
              14.2928843,
              48.2940837
            ],
            [
              14.2927875,
              48.2940237
            ],
            [
              14.2927045,
              48.2939549
            ],
            [
              14.292616,
              48.2938671
            ],
            [
              14.2924901,
              48.2937115
            ],
            [
              14.2924002,
              48.2935727
            ],
            [
              14.2923422,
              48.2934915
            ],
            [
              14.2921216,
              48.2933496
            ],
            [
              14.2920222,
              48.2932314
            ],
            [
              14.2919681,
              48.293167
            ],
            [
              14.2916737,
              48.292817
            ],
            [
              14.2913042,
              48.2923777
            ],
            [
              14.291022,
              48.2920416
            ],
            [
              14.2909653,
              48.2919717
            ],
            [
              14.290963,
              48.2919594
            ],
            [
              14.2909639,
              48.2919481
            ],
            [
              14.2909689,
              48.2919291
            ],
            [
              14.2909863,
              48.2918814
            ],
            [
              14.2909871,
              48.2918616
            ],
            [
              14.2909872,
              48.2918409
            ],
            [
              14.2909659,
              48.2918075
            ],
            [
              14.2905788,
              48.2913499
            ],
            [
              14.2904739,
              48.2912259
            ],
            [
              14.2901896,
              48.2908899
            ],
            [
              14.2901344,
              48.290832
            ],
            [
              14.290076,
              48.2907847
            ],
            [
              14.2900077,
              48.2907428
            ],
            [
              14.2899265,
              48.2907013
            ],
            [
              14.2897448,
              48.2906272
            ],
            [
              14.2897091,
              48.2906224
            ],
            [
              14.2895209,
              48.2906481
            ],
            [
              14.2893375,
              48.2906029
            ],
            [
              14.2892542,
              48.2905863
            ],
            [
              14.289157,
              48.2905673
            ],
            [
              14.2890849,
              48.2905398
            ],
            [
              14.2888147,
              48.2904369
            ],
            [
              14.2882996,
              48.2902419
            ],
            [
              14.2881649,
              48.2901643
            ],
            [
              14.2880855,
              48.2901073
            ],
            [
              14.2880431,
              48.2900765
            ],
            [
              14.2879571,
              48.2900101
            ],
            [
              14.2879226,
              48.2899829
            ],
            [
              14.2878535,
              48.2899141
            ],
            [
              14.2877862,
              48.2898483
            ],
            [
              14.2877742,
              48.2898288
            ],
            [
              14.2877348,
              48.2897604
            ],
            [
              14.2876971,
              48.2896823
            ],
            [
              14.287657,
              48.2895813
            ],
            [
              14.2876389,
              48.2894921
            ],
            [
              14.2876373,
              48.2894265
            ],
            [
              14.2876366,
              48.2894003
            ],
            [
              14.287636,
              48.2893439
            ],
            [
              14.2876356,
              48.2893006
            ],
            [
              14.287636,
              48.2892835
            ],
            [
              14.2876346,
              48.2891054
            ],
            [
              14.2876312,
              48.2889209
            ],
            [
              14.2876519,
              48.2887552
            ],
            [
              14.2876616,
              48.2886958
            ],
            [
              14.2876689,
              48.2886508
            ],
            [
              14.2876821,
              48.2885693
            ],
            [
              14.2877062,
              48.2883692
            ],
            [
              14.2877186,
              48.2882462
            ],
            [
              14.2877212,
              48.2881684
            ],
            [
              14.287723,
              48.2880972
            ],
            [
              14.2877235,
              48.2879584
            ],
            [
              14.2876924,
              48.2878444
            ],
            [
              14.2876203,
              48.2877147
            ],
            [
              14.2876106,
              48.2876972
            ],
            [
              14.287489,
              48.2874956
            ],
            [
              14.2873536,
              48.2873639
            ],
            [
              14.2872198,
              48.287143
            ],
            [
              14.2867281,
              48.2863311
            ],
            [
              14.2864889,
              48.2859562
            ],
            [
              14.286291,
              48.2856461
            ],
            [
              14.2862697,
              48.2856127
            ],
            [
              14.2862341,
              48.285557
            ],
            [
              14.286048,
              48.2852654
            ],
            [
              14.2860215,
              48.2852242
            ],
            [
              14.2859219,
              48.2851133
            ],
            [
              14.2858979,
              48.2850312
            ],
            [
              14.2858837,
              48.2849956
            ],
            [
              14.2857948,
              48.2849097
            ],
            [
              14.2857229,
              48.2848537
            ],
            [
              14.2856461,
              48.2847982
            ],
            [
              14.2855691,
              48.2847482
            ],
            [
              14.2854738,
              48.2846919
            ],
            [
              14.2854583,
              48.284683
            ],
            [
              14.28536,
              48.2846266
            ],
            [
              14.2845929,
              48.2842704
            ],
            [
              14.2845191,
              48.2842273
            ],
            [
              14.2844588,
              48.2841866
            ],
            [
              14.2844115,
              48.2841434
            ],
            [
              14.2843741,
              48.2840996
            ],
            [
              14.2843505,
              48.2840573
            ],
            [
              14.2843384,
              48.2840077
            ],
            [
              14.2843339,
              48.2839612
            ],
            [
              14.284338,
              48.2839069
            ],
            [
              14.2843465,
              48.2838582
            ],
            [
              14.2843603,
              48.2838242
            ],
            [
              14.2843799,
              48.2837759
            ],
            [
              14.2844295,
              48.2836927
            ],
            [
              14.2844907,
              48.2836029
            ],
            [
              14.2847174,
              48.2833097
            ],
            [
              14.2848011,
              48.2832037
            ],
            [
              14.2850716,
              48.2828922
            ],
            [
              14.2853504,
              48.2825936
            ],
            [
              14.2855348,
              48.2824188
            ],
            [
              14.285815,
              48.2821632
            ],
            [
              14.2860759,
              48.2819432
            ],
            [
              14.2862408,
              48.2818084
            ],
            [
              14.2864378,
              48.281668
            ],
            [
              14.286634,
              48.2815375
            ],
            [
              14.2868304,
              48.2814179
            ],
            [
              14.287023,
              48.2813064
            ],
            [
              14.2872447,
              48.2811891
            ],
            [
              14.287581,
              48.2810296
            ],
            [
              14.2880187,
              48.2808545
            ],
            [
              14.2883878,
              48.2807216
            ],
            [
              14.2886886,
              48.2806209
            ],
            [
              14.2889476,
              48.2805422
            ],
            [
              14.2892232,
              48.2804586
            ],
            [
              14.2894636,
              48.2804267
            ],
            [
              14.2898665,
              48.2803149
            ],
            [
              14.2907858,
              48.280069
            ],
            [
              14.2910492,
              48.2799979
            ],
            [
              14.2912458,
              48.2799478
            ],
            [
              14.2915133,
              48.2799059
            ],
            [
              14.2918958,
              48.2798589
            ],
            [
              14.2922372,
              48.2798245
            ],
            [
              14.2925383,
              48.2797889
            ],
            [
              14.2928439,
              48.2797425
            ],
            [
              14.2931326,
              48.279675
            ],
            [
              14.2933914,
              48.2795988
            ],
            [
              14.2936814,
              48.2794868
            ],
            [
              14.2938908,
              48.2793777
            ],
            [
              14.2940803,
              48.2792598
            ],
            [
              14.2942187,
              48.2791601
            ],
            [
              14.2943845,
              48.2790107
            ],
            [
              14.2944896,
              48.2789048
            ],
            [
              14.2946033,
              48.2787515
            ],
            [
              14.2947104,
              48.278575
            ],
            [
              14.2947635,
              48.2784564
            ],
            [
              14.2948208,
              48.278286
            ],
            [
              14.2948807,
              48.2780024
            ],
            [
              14.2949196,
              48.2777751
            ],
            [
              14.2949403,
              48.2774935
            ],
            [
              14.2949638,
              48.276693
            ],
            [
              14.295046,
              48.2764019
            ],
            [
              14.2950476,
              48.2762174
            ],
            [
              14.2950661,
              48.2759793
            ],
            [
              14.2950987,
              48.2757195
            ],
            [
              14.2952001,
              48.2751309
            ],
            [
              14.2954069,
              48.2741869
            ],
            [
              14.2954521,
              48.2738145
            ],
            [
              14.2954855,
              48.2733674
            ],
            [
              14.2955704,
              48.2711019
            ],
            [
              14.2956453,
              48.270456
            ],
            [
              14.2957653,
              48.2698905
            ],
            [
              14.2957941,
              48.269794
            ],
            [
              14.2958687,
              48.2695439
            ],
            [
              14.2959421,
              48.269348
            ],
            [
              14.2959882,
              48.2692247
            ],
            [
              14.2960079,
              48.2691845
            ],
            [
              14.2960865,
              48.2690326
            ],
            [
              14.2962602,
              48.2687581
            ],
            [
              14.2962804,
              48.2687226
            ],
            [
              14.2965175,
              48.2683149
            ],
            [
              14.2971212,
              48.267301
            ],
            [
              14.2973614,
              48.2668634
            ],
            [
              14.2973818,
              48.2667912
            ],
            [
              14.2974439,
              48.2665823
            ],
            [
              14.2974587,
              48.2665323
            ],
            [
              14.2975612,
              48.2663034
            ],
            [
              14.2976687,
              48.2660433
            ],
            [
              14.29775,
              48.2658007
            ],
            [
              14.297807,
              48.2655866
            ],
            [
              14.2978575,
              48.2653427
            ],
            [
              14.2978915,
              48.2650614
            ],
            [
              14.2978979,
              48.2648254
            ],
            [
              14.2978897,
              48.2645869
            ],
            [
              14.297847,
              48.2642627
            ],
            [
              14.2977864,
              48.2639509
            ],
            [
              14.2976559,
              48.2634507
            ],
            [
              14.2974683,
              48.2629056
            ],
            [
              14.2973509,
              48.2626373
            ],
            [
              14.2972541,
              48.2624105
            ],
            [
              14.297061,
              48.262024
            ],
            [
              14.2968469,
              48.2616646
            ],
            [
              14.296628,
              48.2613477
            ],
            [
              14.2963102,
              48.260934
            ],
            [
              14.2960341,
              48.2606068
            ],
            [
              14.2956548,
              48.2602408
            ],
            [
              14.2952962,
              48.2599117
            ],
            [
              14.2948679,
              48.2595805
            ],
            [
              14.2944566,
              48.2592899
            ],
            [
              14.2941584,
              48.2590928
            ],
            [
              14.2938492,
              48.2588943
            ],
            [
              14.2935984,
              48.2587422
            ],
            [
              14.2934286,
              48.258595
            ],
            [
              14.2930996,
              48.2584018
            ],
            [
              14.2924714,
              48.2580708
            ],
            [
              14.2910476,
              48.2572434
            ],
            [
              14.2887541,
              48.2559328
            ],
            [
              14.288287,
              48.2556718
            ],
            [
              14.2880231,
              48.2555329
            ],
            [
              14.2877427,
              48.2553948
            ],
            [
              14.2875286,
              48.2553057
            ],
            [
              14.2875848,
              48.255228
            ],
            [
              14.2876208,
              48.2551709
            ],
            [
              14.2876548,
              48.2551211
            ],
            [
              14.2878078,
              48.2549205
            ],
            [
              14.2880057,
              48.2546829
            ],
            [
              14.2882885,
              48.2543595
            ],
            [
              14.288391,
              48.2542298
            ],
            [
              14.2884813,
              48.2540933
            ],
            [
              14.2885176,
              48.2540223
            ],
            [
              14.2885435,
              48.2539449
            ],
            [
              14.288553,
              48.2538927
            ],
            [
              14.2885571,
              48.2538123
            ],
            [
              14.2885475,
              48.2537332
            ],
            [
              14.2885298,
              48.2536571
            ],
            [
              14.2884521,
              48.2534424
            ],
            [
              14.2884494,
              48.253436
            ],
            [
              14.2884362,
              48.2534049
            ],
            [
              14.2883933,
              48.2532992
            ],
            [
              14.2885837,
              48.2532677
            ],
            [
              14.2886233,
              48.2532611
            ],
            [
              14.2887683,
              48.2532367
            ],
            [
              14.2888289,
              48.2532265
            ],
            [
              14.2890813,
              48.2531842
            ],
            [
              14.2891706,
              48.2531693
            ],
            [
              14.2895414,
              48.2531075
            ],
            [
              14.2895921,
              48.2530984
            ],
            [
              14.2900793,
              48.2530031
            ],
            [
              14.2910901,
              48.2528201
            ],
            [
              14.2913751,
              48.2527685
            ],
            [
              14.2916161,
              48.2527248
            ],
            [
              14.291688,
              48.2527118
            ],
            [
              14.2917572,
              48.2526993
            ],
            [
              14.2917942,
              48.2526926
            ],
            [
              14.291939,
              48.2526664
            ],
            [
              14.2920411,
              48.2526497
            ],
            [
              14.2920834,
              48.2526428
            ],
            [
              14.2922442,
              48.2526165
            ],
            [
              14.2922943,
              48.2526084
            ],
            [
              14.2925638,
              48.2525644
            ],
            [
              14.2928765,
              48.2525138
            ],
            [
              14.2930542,
              48.2525211
            ],
            [
              14.2932093,
              48.2524974
            ],
            [
              14.2933554,
              48.252475
            ],
            [
              14.2934579,
              48.2524593
            ],
            [
              14.293908,
              48.2523904
            ],
            [
              14.2940403,
              48.2523292
            ],
            [
              14.2940983,
              48.2523224
            ],
            [
              14.294131,
              48.2522044
            ],
            [
              14.294143,
              48.2521455
            ],
            [
              14.2941432,
              48.2518512
            ],
            [
              14.2941433,
              48.2516562
            ],
            [
              14.2941436,
              48.2512253
            ],
            [
              14.2941437,
              48.2509895
            ],
            [
              14.2941437,
              48.2509111
            ],
            [
              14.2941437,
              48.2508592
            ],
            [
              14.2941443,
              48.2502089
            ],
            [
              14.2941463,
              48.2501245
            ],
            [
              14.2941462,
              48.2500938
            ],
            [
              14.2941464,
              48.2500108
            ],
            [
              14.2941466,
              48.2499593
            ],
            [
              14.294134,
              48.2499048
            ],
            [
              14.2940487,
              48.2498043
            ],
            [
              14.2939524,
              48.2497143
            ],
            [
              14.2939221,
              48.249686
            ],
            [
              14.2937557,
              48.2495305
            ],
            [
              14.293557,
              48.2493449
            ],
            [
              14.2933513,
              48.2491527
            ],
            [
              14.2934649,
              48.2490934
            ],
            [
              14.2934793,
              48.249062
            ],
            [
              14.2937211,
              48.2485339
            ],
            [
              14.2937441,
              48.2484827
            ],
            [
              14.2938926,
              48.2481395
            ],
            [
              14.2939213,
              48.2480695
            ],
            [
              14.293953,
              48.2479556
            ],
            [
              14.2939596,
              48.2478603
            ],
            [
              14.2939509,
              48.2477021
            ],
            [
              14.2939399,
              48.2475036
            ],
            [
              14.2939321,
              48.2473629
            ],
            [
              14.2939224,
              48.2471875
            ],
            [
              14.2939179,
              48.2471056
            ],
            [
              14.2939059,
              48.246888
            ],
            [
              14.2939056,
              48.246882
            ],
            [
              14.2938969,
              48.2467254
            ],
            [
              14.293896,
              48.2467094
            ],
            [
              14.2938932,
              48.2466593
            ],
            [
              14.2938796,
              48.2464123
            ],
            [
              14.2938689,
              48.2462188
            ],
            [
              14.2938496,
              48.2458761
            ],
            [
              14.2938362,
              48.2456152
            ],
            [
              14.2938004,
              48.244937
            ],
            [
              14.2937983,
              48.2448972
            ],
            [
              14.2937804,
              48.2445578
            ],
            [
              14.2937758,
              48.2444698
            ],
            [
              14.2937739,
              48.2444334
            ],
            [
              14.2937559,
              48.2440924
            ],
            [
              14.293754,
              48.2440566
            ],
            [
              14.2936033,
              48.2440594
            ],
            [
              14.2935763,
              48.2440605
            ],
            [
              14.2934516,
              48.2440655
            ],
            [
              14.2929527,
              48.2440854
            ],
            [
              14.2928765,
              48.2440884
            ],
            [
              14.2926286,
              48.2441133
            ],
            [
              14.2923221,
              48.2441542
            ],
            [
              14.2922839,
              48.2441584
            ],
            [
              14.2919171,
              48.2442066
            ],
            [
              14.2918321,
              48.2442178
            ],
            [
              14.2916954,
              48.2442292
            ],
            [
              14.2914957,
              48.2442459
            ],
            [
              14.2913426,
              48.24425
            ],
            [
              14.2910836,
              48.2442536
            ],
            [
              14.2909301,
              48.2442558
            ],
            [
              14.2908009,
              48.2442574
            ],
            [
              14.2906517,
              48.2442597
            ],
            [
              14.2904903,
              48.2442619
            ],
            [
              14.2902855,
              48.2442652
            ],
            [
              14.2898906,
              48.2442715
            ],
            [
              14.2897322,
              48.244274
            ],
            [
              14.2895196,
              48.2442774
            ],
            [
              14.289473,
              48.2442781
            ],
            [
              14.2893266,
              48.2442804
            ],
            [
              14.2889031,
              48.2442865
            ],
            [
              14.2888095,
              48.2442831
            ],
            [
              14.2885683,
              48.2442737
            ],
            [
              14.2885233,
              48.2442689
            ],
            [
              14.2884065,
              48.2442558
            ],
            [
              14.288423,
              48.2441942
            ],
            [
              14.2884369,
              48.2441426
            ],
            [
              14.2885063,
              48.2437338
            ],
            [
              14.288517,
              48.2436233
            ],
            [
              14.2885264,
              48.2435263
            ],
            [
              14.2885059,
              48.2432053
            ],
            [
              14.2883885,
              48.2425771
            ],
            [
              14.288391,
              48.2425173
            ],
            [
              14.2883936,
              48.2424543
            ],
            [
              14.2882582,
              48.242453
            ],
            [
              14.2880757,
              48.2424475
            ],
            [
              14.2878093,
              48.2424328
            ],
            [
              14.2875052,
              48.2424069
            ],
            [
              14.2872606,
              48.242378
            ],
            [
              14.2870648,
              48.2423547
            ],
            [
              14.2868843,
              48.2423239
            ],
            [
              14.2867102,
              48.2422865
            ],
            [
              14.2866171,
              48.2422629
            ],
            [
              14.2864563,
              48.2422101
            ],
            [
              14.2863128,
              48.2421474
            ],
            [
              14.2861769,
              48.2420794
            ],
            [
              14.2860579,
              48.2420062
            ],
            [
              14.2859526,
              48.2419235
            ],
            [
              14.2858459,
              48.2418322
            ],
            [
              14.2857496,
              48.2417314
            ],
            [
              14.2856692,
              48.2416296
            ],
            [
              14.2855894,
              48.2415022
            ],
            [
              14.2854709,
              48.2412695
            ],
            [
              14.2853993,
              48.2411047
            ],
            [
              14.2853372,
              48.240948
            ],
            [
              14.2852119,
              48.2405452
            ],
            [
              14.2850956,
              48.2401342
            ],
            [
              14.284806,
              48.2391213
            ],
            [
              14.2847422,
              48.2389046
            ],
            [
              14.284685,
              48.2387281
            ],
            [
              14.2846288,
              48.2386035
            ],
            [
              14.2845692,
              48.2384948
            ],
            [
              14.2844851,
              48.2383839
            ],
            [
              14.2843549,
              48.2382443
            ],
            [
              14.284259,
              48.2382769
            ],
            [
              14.2842158,
              48.2382927
            ],
            [
              14.284104,
              48.2383382
            ],
            [
              14.2837957,
              48.238467
            ],
            [
              14.2837266,
              48.2384957
            ],
            [
              14.2836166,
              48.2385431
            ],
            [
              14.2834778,
              48.2386047
            ],
            [
              14.2832938,
              48.2387042
            ],
            [
              14.2831276,
              48.2388146
            ],
            [
              14.2830906,
              48.2388395
            ],
            [
              14.2830414,
              48.2388726
            ],
            [
              14.2829668,
              48.2389196
            ],
            [
              14.2829476,
              48.2389317
            ],
            [
              14.2827851,
              48.2390464
            ],
            [
              14.2827356,
              48.2390918
            ],
            [
              14.2827193,
              48.2391067
            ],
            [
              14.2826638,
              48.2391552
            ],
            [
              14.282565,
              48.2392633
            ],
            [
              14.2825546,
              48.2392748
            ],
            [
              14.2824285,
              48.2394128
            ],
            [
              14.282274,
              48.239582
            ],
            [
              14.2822466,
              48.239612
            ],
            [
              14.2821301,
              48.2397395
            ],
            [
              14.2821219,
              48.2397485
            ],
            [
              14.2820625,
              48.2398359
            ],
            [
              14.2820043,
              48.2398947
            ],
            [
              14.2819023,
              48.2399979
            ],
            [
              14.2818595,
              48.2400412
            ],
            [
              14.2817916,
              48.2401099
            ]
          ],
          [
            [
              14.321303,
              48.3000545
            ],
            [
              14.321661,
              48.2997026
            ]
          ],
          [
            [
              14.3190686,
              48.3020074
            ],
            [
              14.319057,
              48.3020264
            ],
            [
              14.3186392,
              48.3019275
            ],
            [
              14.3186147,
              48.3019142
            ]
          ],
          [
            [
              14.3105023,
              48.3005025
            ],
            [
              14.3101806,
              48.3004596
            ]
          ],
          [
            [
              14.303924,
              48.2991895
            ],
            [
              14.303906,
              48.2992075
            ],
            [
              14.3034988,
              48.299011
            ]
          ],
          [
            [
              14.2938103,
              48.2940478
            ],
            [
              14.2938104,
              48.2940632
            ],
            [
              14.2936045,
              48.2940643
            ],
            [
              14.2934489,
              48.294079
            ],
            [
              14.2934466,
              48.2940671
            ]
          ],
          [
            [
              14.2902328,
              48.2908133
            ],
            [
              14.2902412,
              48.2908624
            ],
            [
              14.2902796,
              48.2908946
            ],
            [
              14.2903734,
              48.2909894
            ],
            [
              14.2905946,
              48.2912475
            ],
            [
              14.2906501,
              48.2912521
            ]
          ],
          [
            [
              14.288873,
              48.2533586
            ],
            [
              14.2888663,
              48.2533413
            ],
            [
              14.2892319,
              48.2532786
            ],
            [
              14.2892391,
              48.2532972
            ]
          ],
          [
            [
              14.2940381,
              48.2473566
            ],
            [
              14.2940066,
              48.2473577
            ],
            [
              14.2939932,
              48.2471823
            ],
            [
              14.2940258,
              48.2471812
            ]
          ]
        ]
      },
      "id": "relation/1147445"
    },
    {
      "type": "Feature",
      "properties": {
        "@id": "relation/1147447",
        "alternate": "no",
        "colour": "#964c29",
        "from": "Fernheizkraftwerk",
        "name": "Bus 73: Fernheizkraftwerk => Baintwiese",
        "network": "Oberösterreichischer Verkehrsverbund",
        "network:short": "OÖVV",
        "network:wikidata": "Q2011605",
        "network:wikipedia": "de:Oberösterreichischer Verkehrsverbund",
        "operator": "Linz Linien GmbH",
        "public_transport:version": "2",
        "ref": "73",
        "route": "bus",
        "to": "Baintwiese",
        "type": "route"
      },
      "geometry": {
        "type": "MultiLineString",
        "coordinates": [
          [
            [
              14.3217278,
              48.2997895
            ],
            [
              14.3217772,
              48.2997402
            ],
            [
              14.3218222,
              48.2996952
            ],
            [
              14.3219069,
              48.2996106
            ],
            [
              14.321923,
              48.2995946
            ],
            [
              14.3220021,
              48.2995124
            ],
            [
              14.3221256,
              48.2993793
            ],
            [
              14.3221963,
              48.2992983
            ],
            [
              14.3223038,
              48.2991702
            ],
            [
              14.3223431,
              48.2990926
            ],
            [
              14.3223933,
              48.2990118
            ],
            [
              14.3224645,
              48.2989207
            ],
            [
              14.3225326,
              48.2988411
            ],
            [
              14.3225636,
              48.2988005
            ],
            [
              14.322581,
              48.2987774
            ],
            [
              14.3226003,
              48.2987513
            ],
            [
              14.3226206,
              48.2987168
            ],
            [
              14.3226395,
              48.2986816
            ],
            [
              14.3226432,
              48.2986632
            ],
            [
              14.3226537,
              48.2986428
            ],
            [
              14.3226634,
              48.2986311
            ],
            [
              14.3227247,
              48.2985291
            ],
            [
              14.3227657,
              48.2984664
            ],
            [
              14.3228318,
              48.2983655
            ],
            [
              14.3229628,
              48.2982038
            ],
            [
              14.3229817,
              48.2981711
            ],
            [
              14.3230781,
              48.2980038
            ],
            [
              14.3230956,
              48.2979703
            ],
            [
              14.3232516,
              48.2976722
            ],
            [
              14.3232966,
              48.2975826
            ],
            [
              14.3233403,
              48.2974908
            ],
            [
              14.323371,
              48.2974246
            ],
            [
              14.3234215,
              48.2973154
            ],
            [
              14.3235268,
              48.2973472
            ],
            [
              14.3235823,
              48.2973639
            ],
            [
              14.3236242,
              48.2973763
            ],
            [
              14.3237129,
              48.2974055
            ],
            [
              14.323811,
              48.2974433
            ],
            [
              14.323909,
              48.2974858
            ],
            [
              14.3240199,
              48.2975369
            ],
            [
              14.3241246,
              48.29759
            ],
            [
              14.3242673,
              48.2976712
            ],
            [
              14.3244216,
              48.2977687
            ],
            [
              14.3245121,
              48.2978323
            ],
            [
              14.3246169,
              48.2979187
            ],
            [
              14.3247746,
              48.2980623
            ],
            [
              14.324887,
              48.2981689
            ],
            [
              14.32505,
              48.2983271
            ],
            [
              14.3251226,
              48.2983988
            ],
            [
              14.3251766,
              48.2984486
            ],
            [
              14.3252294,
              48.2984921
            ],
            [
              14.3252747,
              48.2985273
            ],
            [
              14.3253311,
              48.2985662
            ],
            [
              14.3253842,
              48.2985981
            ],
            [
              14.3254471,
              48.2986331
            ],
            [
              14.3255117,
              48.2986644
            ],
            [
              14.3255617,
              48.2986866
            ],
            [
              14.3256153,
              48.2987074
            ],
            [
              14.3256816,
              48.29873
            ],
            [
              14.3257395,
              48.2987477
            ],
            [
              14.3258093,
              48.2987658
            ],
            [
              14.3258475,
              48.298776
            ],
            [
              14.3258866,
              48.2987842
            ],
            [
              14.3259174,
              48.2987886
            ],
            [
              14.3259581,
              48.298793
            ],
            [
              14.326007,
              48.2987978
            ],
            [
              14.3261211,
              48.2988043
            ],
            [
              14.3262179,
              48.2988098
            ],
            [
              14.3263654,
              48.2988149
            ],
            [
              14.3266973,
              48.2988264
            ],
            [
              14.3268625,
              48.2988322
            ],
            [
              14.3273319,
              48.2988484
            ],
            [
              14.3274002,
              48.2988508
            ],
            [
              14.3274865,
              48.2988538
            ],
            [
              14.3277042,
              48.2988613
            ],
            [
              14.3277972,
              48.2988436
            ],
            [
              14.3278548,
              48.298829
            ],
            [
              14.3278991,
              48.2988135
            ],
            [
              14.3279471,
              48.2987968
            ],
            [
              14.3279534,
              48.2987878
            ],
            [
              14.3279595,
              48.2987808
            ],
            [
              14.3279654,
              48.298775
            ],
            [
              14.3279754,
              48.2987668
            ],
            [
              14.3279877,
              48.2987587
            ],
            [
              14.328004,
              48.2987502
            ],
            [
              14.3280152,
              48.2987457
            ],
            [
              14.3280294,
              48.298741
            ],
            [
              14.3280464,
              48.2987368
            ],
            [
              14.3280643,
              48.298734
            ],
            [
              14.3280831,
              48.2987325
            ],
            [
              14.3280983,
              48.2987325
            ],
            [
              14.3281177,
              48.2987338
            ],
            [
              14.3281367,
              48.2987368
            ],
            [
              14.3281515,
              48.2987403
            ],
            [
              14.3281632,
              48.2987439
            ],
            [
              14.328177,
              48.2987493
            ],
            [
              14.3281911,
              48.2987561
            ],
            [
              14.3282023,
              48.2987629
            ],
            [
              14.3282152,
              48.2987727
            ],
            [
              14.3282275,
              48.2987849
            ],
            [
              14.3282349,
              48.2987948
            ],
            [
              14.3282419,
              48.2988076
            ],
            [
              14.3282459,
              48.2988193
            ],
            [
              14.3282477,
              48.2988302
            ],
            [
              14.3282477,
              48.2988417
            ],
            [
              14.3282457,
              48.2988539
            ],
            [
              14.3282412,
              48.2988666
            ],
            [
              14.3282347,
              48.2988782
            ],
            [
              14.3282244,
              48.2988912
            ],
            [
              14.3282145,
              48.2989006
            ],
            [
              14.3282043,
              48.2989084
            ],
            [
              14.3281911,
              48.2989165
            ],
            [
              14.3281796,
              48.2989223
            ],
            [
              14.328168,
              48.2989271
            ],
            [
              14.3281544,
              48.2989316
            ],
            [
              14.3281288,
              48.2989612
            ],
            [
              14.3281106,
              48.2989914
            ],
            [
              14.3280995,
              48.2990205
            ],
            [
              14.3280858,
              48.2990695
            ],
            [
              14.328083,
              48.2991088
            ],
            [
              14.3280749,
              48.2992271
            ],
            [
              14.3280642,
              48.2993932
            ],
            [
              14.328054,
              48.2995223
            ],
            [
              14.3280213,
              48.299867
            ],
            [
              14.3280007,
              48.3001064
            ],
            [
              14.327995,
              48.3001803
            ],
            [
              14.3279837,
              48.3003273
            ],
            [
              14.3279767,
              48.3004405
            ],
            [
              14.3279759,
              48.3004537
            ],
            [
              14.327977,
              48.3004901
            ],
            [
              14.3279856,
              48.3005404
            ],
            [
              14.3280026,
              48.3005918
            ],
            [
              14.3280213,
              48.3006398
            ],
            [
              14.3280411,
              48.3006794
            ],
            [
              14.3280876,
              48.3007539
            ],
            [
              14.3281294,
              48.300814
            ],
            [
              14.3281556,
              48.3008497
            ],
            [
              14.32819,
              48.3008936
            ],
            [
              14.3282448,
              48.3009527
            ],
            [
              14.3283031,
              48.3010068
            ],
            [
              14.3283544,
              48.3010496
            ],
            [
              14.328449,
              48.3011204
            ],
            [
              14.3285459,
              48.3011889
            ],
            [
              14.3286519,
              48.3012658
            ],
            [
              14.328775,
              48.3013627
            ],
            [
              14.3288915,
              48.3014679
            ],
            [
              14.3289078,
              48.3014836
            ],
            [
              14.3289809,
              48.3015541
            ],
            [
              14.3290649,
              48.3016477
            ],
            [
              14.3291464,
              48.3017557
            ],
            [
              14.3292153,
              48.3018553
            ],
            [
              14.3292782,
              48.3019636
            ],
            [
              14.3293463,
              48.3021038
            ],
            [
              14.3293858,
              48.302207
            ],
            [
              14.3294209,
              48.3023198
            ],
            [
              14.3294461,
              48.3024226
            ],
            [
              14.3294647,
              48.3025957
            ],
            [
              14.3294662,
              48.3027418
            ],
            [
              14.3294582,
              48.3028511
            ],
            [
              14.3294393,
              48.3029678
            ],
            [
              14.3294132,
              48.3030869
            ],
            [
              14.3293852,
              48.3031658
            ],
            [
              14.3293408,
              48.3032735
            ],
            [
              14.329282,
              48.3034032
            ],
            [
              14.3292497,
              48.3034751
            ],
            [
              14.3292387,
              48.3034996
            ],
            [
              14.3291968,
              48.3036169
            ],
            [
              14.3291691,
              48.3037212
            ],
            [
              14.3291534,
              48.303815
            ],
            [
              14.3291484,
              48.3039179
            ],
            [
              14.3291517,
              48.3040346
            ],
            [
              14.3291569,
              48.3040822
            ],
            [
              14.3291617,
              48.3041315
            ],
            [
              14.3291782,
              48.3042361
            ],
            [
              14.3291837,
              48.3043074
            ],
            [
              14.3291805,
              48.3043849
            ],
            [
              14.3291771,
              48.3044611
            ],
            [
              14.3291706,
              48.3045826
            ],
            [
              14.3291071,
              48.3053257
            ],
            [
              14.3290696,
              48.3058959
            ],
            [
              14.3290613,
              48.3060036
            ],
            [
              14.3290489,
              48.306124
            ],
            [
              14.3290377,
              48.3061861
            ],
            [
              14.3290147,
              48.3062919
            ],
            [
              14.3289854,
              48.3063933
            ],
            [
              14.3289811,
              48.3064043
            ],
            [
              14.3289746,
              48.3064145
            ],
            [
              14.328882,
              48.3065983
            ],
            [
              14.328841,
              48.306694
            ],
            [
              14.3287564,
              48.3068923
            ],
            [
              14.328698,
              48.3070236
            ],
            [
              14.3282583,
              48.3080508
            ],
            [
              14.328226,
              48.308126
            ],
            [
              14.3277752,
              48.3080301
            ],
            [
              14.3277038,
              48.3080149
            ],
            [
              14.3269424,
              48.3078532
            ],
            [
              14.3268929,
              48.3078425
            ],
            [
              14.3259597,
              48.3076435
            ],
            [
              14.3255335,
              48.3075537
            ],
            [
              14.3252132,
              48.3074856
            ],
            [
              14.3247824,
              48.3073941
            ],
            [
              14.3245501,
              48.3073447
            ],
            [
              14.3243128,
              48.3072938
            ],
            [
              14.3240048,
              48.3072277
            ],
            [
              14.3239376,
              48.3072133
            ],
            [
              14.3236268,
              48.3071466
            ],
            [
              14.3235363,
              48.3071266
            ],
            [
              14.3234369,
              48.3071047
            ],
            [
              14.3231169,
              48.3070357
            ],
            [
              14.3228901,
              48.3069867
            ],
            [
              14.3228126,
              48.30697
            ],
            [
              14.3224163,
              48.3068844
            ],
            [
              14.3220484,
              48.306805
            ],
            [
              14.3219328,
              48.30678
            ],
            [
              14.3215951,
              48.3067086
            ],
            [
              14.3214257,
              48.3066728
            ],
            [
              14.3212018,
              48.3066255
            ],
            [
              14.3211158,
              48.3066077
            ],
            [
              14.3207889,
              48.3065402
            ],
            [
              14.3206679,
              48.3065152
            ],
            [
              14.3204639,
              48.306473
            ],
            [
              14.3203537,
              48.3064502
            ],
            [
              14.319701,
              48.3063153
            ],
            [
              14.3196507,
              48.3063049
            ],
            [
              14.3195354,
              48.3062811
            ],
            [
              14.3184773,
              48.3060317
            ],
            [
              14.3184254,
              48.3060191
            ],
            [
              14.3183058,
              48.30599
            ],
            [
              14.3178884,
              48.3058854
            ],
            [
              14.3177335,
              48.3058453
            ],
            [
              14.3174354,
              48.305768
            ],
            [
              14.3170573,
              48.305665
            ],
            [
              14.3169871,
              48.305648
            ],
            [
              14.3168217,
              48.305608
            ],
            [
              14.3167576,
              48.3057266
            ],
            [
              14.3167402,
              48.3057588
            ],
            [
              14.316437,
              48.3063196
            ],
            [
              14.3163387,
              48.3065015
            ],
            [
              14.3162328,
              48.3066869
            ],
            [
              14.3160388,
              48.3070264
            ],
            [
              14.31601,
              48.3070769
            ],
            [
              14.315923,
              48.3072291
            ],
            [
              14.315831,
              48.3073902
            ],
            [
              14.3157628,
              48.3075096
            ],
            [
              14.3157281,
              48.3075703
            ],
            [
              14.3156984,
              48.3076231
            ],
            [
              14.3156865,
              48.3076444
            ],
            [
              14.3155783,
              48.3078324
            ],
            [
              14.3154704,
              48.3080455
            ],
            [
              14.315466,
              48.308054
            ],
            [
              14.3153936,
              48.3081862
            ],
            [
              14.3152244,
              48.3084954
            ],
            [
              14.3151986,
              48.3085376
            ],
            [
              14.3151605,
              48.3086071
            ],
            [
              14.3150289,
              48.3088506
            ],
            [
              14.3149187,
              48.3090535
            ],
            [
              14.3148227,
              48.3092328
            ],
            [
              14.3147792,
              48.3093141
            ],
            [
              14.3146231,
              48.3096053
            ],
            [
              14.3145944,
              48.3096552
            ],
            [
              14.3145738,
              48.3096964
            ],
            [
              14.3145592,
              48.3097289
            ],
            [
              14.3144764,
              48.3099338
            ],
            [
              14.3143222,
              48.3098695
            ],
            [
              14.3142525,
              48.3098348
            ],
            [
              14.3140426,
              48.309729
            ],
            [
              14.3139619,
              48.3096884
            ],
            [
              14.313937,
              48.3096751
            ],
            [
              14.3137615,
              48.3095848
            ],
            [
              14.3135159,
              48.3094648
            ],
            [
              14.3128269,
              48.3091017
            ],
            [
              14.3123696,
              48.3088669
            ],
            [
              14.3117841,
              48.3085653
            ],
            [
              14.3114006,
              48.3083683
            ],
            [
              14.310565,
              48.3079416
            ],
            [
              14.3103091,
              48.307813
            ],
            [
              14.3102091,
              48.307763
            ],
            [
              14.3097967,
              48.3075566
            ],
            [
              14.3097538,
              48.3075352
            ],
            [
              14.309604,
              48.3074426
            ],
            [
              14.309479,
              48.3073649
            ],
            [
              14.3094125,
              48.3073295
            ],
            [
              14.3088413,
              48.3070354
            ],
            [
              14.3086346,
              48.306929
            ],
            [
              14.3084767,
              48.3068477
            ],
            [
              14.3082494,
              48.3067313
            ],
            [
              14.3074523,
              48.3063205
            ],
            [
              14.3073952,
              48.3062891
            ],
            [
              14.3072232,
              48.3062024
            ],
            [
              14.3069265,
              48.3060495
            ],
            [
              14.3066106,
              48.3058867
            ],
            [
              14.3062441,
              48.3056978
            ],
            [
              14.3060393,
              48.3055922
            ],
            [
              14.305987,
              48.3055653
            ],
            [
              14.3058543,
              48.3054969
            ],
            [
              14.3057208,
              48.3054421
            ],
            [
              14.3056868,
              48.3054281
            ],
            [
              14.3056387,
              48.3054101
            ],
            [
              14.3053729,
              48.3053109
            ],
            [
              14.3051616,
              48.305232
            ],
            [
              14.3047834,
              48.3050908
            ],
            [
              14.3039123,
              48.3047656
            ],
            [
              14.3039093,
              48.3047645
            ],
            [
              14.3036423,
              48.3046651
            ],
            [
              14.3029267,
              48.3043986
            ],
            [
              14.3026603,
              48.3042994
            ],
            [
              14.302567,
              48.3042647
            ],
            [
              14.3017214,
              48.3039471
            ],
            [
              14.30139,
              48.3038267
            ],
            [
              14.3010058,
              48.3036839
            ],
            [
              14.3005724,
              48.3035209
            ],
            [
              14.3005132,
              48.3034987
            ],
            [
              14.3003813,
              48.3034484
            ],
            [
              14.3002213,
              48.3033952
            ],
            [
              14.3001637,
              48.303376
            ],
            [
              14.2999872,
              48.3033173
            ],
            [
              14.2997,
              48.3032218
            ],
            [
              14.2995298,
              48.3031653
            ],
            [
              14.299296,
              48.3030874
            ],
            [
              14.2991011,
              48.3030225
            ],
            [
              14.2990125,
              48.3029937
            ],
            [
              14.2989251,
              48.3029689
            ],
            [
              14.2986581,
              48.3028931
            ],
            [
              14.2984709,
              48.302847
            ],
            [
              14.2975344,
              48.3026167
            ],
            [
              14.2974531,
              48.3025967
            ],
            [
              14.2974154,
              48.3025874
            ],
            [
              14.2970292,
              48.3024924
            ],
            [
              14.2964478,
              48.3023493
            ],
            [
              14.2964103,
              48.3023401
            ],
            [
              14.2963356,
              48.3023214
            ],
            [
              14.296208,
              48.3022894
            ],
            [
              14.2961444,
              48.3022735
            ],
            [
              14.2960518,
              48.3022503
            ],
            [
              14.2959465,
              48.3022241
            ],
            [
              14.2959104,
              48.3022152
            ],
            [
              14.2957208,
              48.3021681
            ],
            [
              14.2952219,
              48.3020441
            ],
            [
              14.2945289,
              48.3018718
            ],
            [
              14.2944644,
              48.3018558
            ],
            [
              14.2943891,
              48.3018378
            ],
            [
              14.2940636,
              48.3017591
            ],
            [
              14.2934529,
              48.3016118
            ],
            [
              14.292729,
              48.3014378
            ],
            [
              14.2926837,
              48.3014264
            ],
            [
              14.2925738,
              48.3013986
            ],
            [
              14.2924344,
              48.3013634
            ],
            [
              14.2924022,
              48.3013552
            ],
            [
              14.2919763,
              48.3012475
            ],
            [
              14.2908272,
              48.3009571
            ],
            [
              14.2908142,
              48.3009538
            ],
            [
              14.290746,
              48.3009366
            ],
            [
              14.2906858,
              48.3009214
            ],
            [
              14.2906255,
              48.3009061
            ],
            [
              14.2906083,
              48.3009018
            ],
            [
              14.2905906,
              48.3008973
            ],
            [
              14.2905878,
              48.3008966
            ],
            [
              14.2905282,
              48.3008863
            ],
            [
              14.2905246,
              48.3008857
            ],
            [
              14.2904632,
              48.3008752
            ],
            [
              14.2904472,
              48.3008725
            ],
            [
              14.2904409,
              48.3008714
            ],
            [
              14.2892698,
              48.3006913
            ],
            [
              14.2892309,
              48.3006853
            ],
            [
              14.2891474,
              48.3006725
            ],
            [
              14.2887599,
              48.3006129
            ],
            [
              14.2880439,
              48.3005028
            ],
            [
              14.2877905,
              48.3004638
            ],
            [
              14.2875303,
              48.3004238
            ],
            [
              14.2874587,
              48.3004059
            ],
            [
              14.2874121,
              48.3003879
            ],
            [
              14.2873703,
              48.3003471
            ],
            [
              14.2873657,
              48.300329
            ],
            [
              14.2873585,
              48.3003011
            ],
            [
              14.2874282,
              48.2996805
            ],
            [
              14.2874335,
              48.2996443
            ],
            [
              14.287445,
              48.2995659
            ],
            [
              14.2874751,
              48.2993612
            ],
            [
              14.2875389,
              48.2989275
            ],
            [
              14.287561,
              48.2987772
            ],
            [
              14.2876007,
              48.2985075
            ],
            [
              14.2876115,
              48.2984522
            ],
            [
              14.2876536,
              48.298236
            ],
            [
              14.2876606,
              48.2982002
            ],
            [
              14.2876659,
              48.2981736
            ],
            [
              14.2876796,
              48.298104
            ],
            [
              14.2877064,
              48.2979485
            ],
            [
              14.2877174,
              48.2978595
            ],
            [
              14.2877202,
              48.2977639
            ],
            [
              14.287706,
              48.2976444
            ],
            [
              14.2876596,
              48.2974623
            ],
            [
              14.2876503,
              48.2974258
            ],
            [
              14.2876441,
              48.2974017
            ],
            [
              14.2876221,
              48.2973261
            ],
            [
              14.2875826,
              48.2972301
            ],
            [
              14.2875717,
              48.2972036
            ],
            [
              14.2874905,
              48.2970216
            ],
            [
              14.2874691,
              48.2969735
            ],
            [
              14.2873819,
              48.296766
            ],
            [
              14.2872531,
              48.2964595
            ],
            [
              14.2870763,
              48.2960574
            ],
            [
              14.2870351,
              48.2959638
            ],
            [
              14.2870213,
              48.2959274
            ],
            [
              14.2870075,
              48.2958909
            ],
            [
              14.2869645,
              48.295893
            ],
            [
              14.2869219,
              48.2958881
            ],
            [
              14.2868825,
              48.2958766
            ],
            [
              14.2868483,
              48.295859
            ],
            [
              14.2868216,
              48.2958365
            ],
            [
              14.2868038,
              48.2958103
            ],
            [
              14.286796,
              48.2957821
            ],
            [
              14.2867988,
              48.2957534
            ],
            [
              14.2868118,
              48.295726
            ],
            [
              14.2868313,
              48.2957042
            ],
            [
              14.2868574,
              48.2956856
            ],
            [
              14.2868889,
              48.2956712
            ],
            [
              14.2869243,
              48.2956616
            ],
            [
              14.2869602,
              48.2956573
            ],
            [
              14.2869966,
              48.2956581
            ],
            [
              14.2870321,
              48.2956637
            ],
            [
              14.2870651,
              48.2956741
            ],
            [
              14.2870942,
              48.2956887
            ],
            [
              14.2871288,
              48.2956719
            ],
            [
              14.2871842,
              48.2956426
            ],
            [
              14.2876029,
              48.295424
            ],
            [
              14.288176,
              48.2951232
            ],
            [
              14.2883159,
              48.2950496
            ],
            [
              14.2883907,
              48.2950117
            ],
            [
              14.2890811,
              48.294659
            ],
            [
              14.2891576,
              48.29462
            ],
            [
              14.2892355,
              48.2945796
            ],
            [
              14.2902681,
              48.2940442
            ],
            [
              14.2903029,
              48.2940268
            ],
            [
              14.2903777,
              48.2939893
            ],
            [
              14.2904362,
              48.2939674
            ],
            [
              14.2904569,
              48.2939596
            ],
            [
              14.2907097,
              48.2938646
            ],
            [
              14.2912747,
              48.2936524
            ],
            [
              14.2917781,
              48.2934632
            ],
            [
              14.2918506,
              48.293436
            ],
            [
              14.2919069,
              48.2934149
            ],
            [
              14.2919903,
              48.2933865
            ],
            [
              14.2921216,
              48.2933496
            ],
            [
              14.2920222,
              48.2932314
            ],
            [
              14.2919681,
              48.293167
            ],
            [
              14.2916737,
              48.292817
            ],
            [
              14.2913042,
              48.2923777
            ],
            [
              14.291022,
              48.2920416
            ],
            [
              14.2909653,
              48.2919717
            ],
            [
              14.2908578,
              48.2918505
            ],
            [
              14.290813,
              48.2918006
            ],
            [
              14.2905937,
              48.2915567
            ],
            [
              14.2902324,
              48.2911546
            ],
            [
              14.2900172,
              48.2909395
            ],
            [
              14.2898888,
              48.2908323
            ],
            [
              14.2897626,
              48.2907591
            ],
            [
              14.2896934,
              48.2907234
            ],
            [
              14.2896364,
              48.290694
            ],
            [
              14.2895209,
              48.2906481
            ],
            [
              14.2893375,
              48.2906029
            ],
            [
              14.2892542,
              48.2905863
            ],
            [
              14.289157,
              48.2905673
            ],
            [
              14.2889577,
              48.2905643
            ],
            [
              14.2888014,
              48.2905442
            ],
            [
              14.2885122,
              48.2905038
            ],
            [
              14.2881607,
              48.2904671
            ],
            [
              14.2879021,
              48.2904442
            ],
            [
              14.2878634,
              48.2904399
            ],
            [
              14.2878135,
              48.2904365
            ],
            [
              14.2877186,
              48.2904236
            ],
            [
              14.2876388,
              48.2904052
            ],
            [
              14.287549,
              48.2903726
            ],
            [
              14.2874923,
              48.2903443
            ],
            [
              14.2874528,
              48.2903082
            ],
            [
              14.287428,
              48.2902608
            ],
            [
              14.2874331,
              48.2902028
            ],
            [
              14.2874546,
              48.2899595
            ],
            [
              14.2874673,
              48.2898446
            ],
            [
              14.2874851,
              48.2895895
            ],
            [
              14.2874856,
              48.2894191
            ],
            [
              14.2874856,
              48.289394
            ],
            [
              14.287492,
              48.289326
            ],
            [
              14.287495,
              48.2892945
            ],
            [
              14.2875047,
              48.2892334
            ],
            [
              14.2875369,
              48.2891223
            ],
            [
              14.2875496,
              48.2890863
            ],
            [
              14.2876312,
              48.2889209
            ],
            [
              14.2876519,
              48.2887552
            ],
            [
              14.2876616,
              48.2886958
            ],
            [
              14.2876689,
              48.2886508
            ],
            [
              14.2876821,
              48.2885693
            ],
            [
              14.2877062,
              48.2883692
            ],
            [
              14.2877186,
              48.2882462
            ],
            [
              14.2877212,
              48.2881684
            ],
            [
              14.287723,
              48.2880972
            ],
            [
              14.2875979,
              48.2878996
            ],
            [
              14.287551,
              48.2878113
            ],
            [
              14.2875129,
              48.2877433
            ],
            [
              14.2874317,
              48.2875983
            ],
            [
              14.2873904,
              48.2875228
            ],
            [
              14.2873536,
              48.2873639
            ],
            [
              14.2872198,
              48.287143
            ],
            [
              14.2867281,
              48.2863311
            ],
            [
              14.2864889,
              48.2859562
            ],
            [
              14.286291,
              48.2856461
            ],
            [
              14.2862697,
              48.2856127
            ],
            [
              14.2862341,
              48.285557
            ],
            [
              14.286048,
              48.2852654
            ],
            [
              14.2860215,
              48.2852242
            ],
            [
              14.2859219,
              48.2851133
            ],
            [
              14.2857999,
              48.285062
            ],
            [
              14.2857684,
              48.2850382
            ],
            [
              14.2856752,
              48.2849591
            ],
            [
              14.2855625,
              48.2848726
            ],
            [
              14.2854911,
              48.2848181
            ],
            [
              14.2854596,
              48.2847952
            ],
            [
              14.2853901,
              48.2847447
            ],
            [
              14.2852886,
              48.2846858
            ],
            [
              14.2851893,
              48.2846373
            ],
            [
              14.2846742,
              48.284399
            ],
            [
              14.2844999,
              48.2843184
            ],
            [
              14.2844047,
              48.2842663
            ],
            [
              14.2843782,
              48.2842515
            ],
            [
              14.2842996,
              48.2841991
            ],
            [
              14.2842282,
              48.2841243
            ],
            [
              14.2841616,
              48.2840037
            ],
            [
              14.2841551,
              48.2839806
            ],
            [
              14.2841479,
              48.2839484
            ],
            [
              14.2841556,
              48.2838949
            ],
            [
              14.2841749,
              48.2838364
            ],
            [
              14.2842067,
              48.2837732
            ],
            [
              14.2842477,
              48.2837148
            ],
            [
              14.2846101,
              48.2832674
            ],
            [
              14.2846958,
              48.2831611
            ],
            [
              14.2849746,
              48.282841
            ],
            [
              14.2852427,
              48.2825566
            ],
            [
              14.2854314,
              48.282375
            ],
            [
              14.285715,
              48.2821141
            ],
            [
              14.2860021,
              48.2818685
            ],
            [
              14.2861701,
              48.2817372
            ],
            [
              14.2863745,
              48.2815906
            ],
            [
              14.2866126,
              48.2814344
            ],
            [
              14.2866621,
              48.2814054
            ],
            [
              14.2869124,
              48.2812599
            ],
            [
              14.2872936,
              48.281068
            ],
            [
              14.2876537,
              48.2809045
            ],
            [
              14.2880589,
              48.2807454
            ],
            [
              14.2883799,
              48.2806334
            ],
            [
              14.2885942,
              48.2805628
            ],
            [
              14.2889156,
              48.2804629
            ],
            [
              14.2896164,
              48.2802564
            ],
            [
              14.291405,
              48.2797783
            ],
            [
              14.2918558,
              48.2796562
            ],
            [
              14.2923236,
              48.2794878
            ],
            [
              14.2925684,
              48.2793955
            ],
            [
              14.2928385,
              48.27928
            ],
            [
              14.2930317,
              48.2791859
            ],
            [
              14.293235,
              48.2790649
            ],
            [
              14.2935138,
              48.2788693
            ],
            [
              14.2937061,
              48.2786977
            ],
            [
              14.2939105,
              48.2784829
            ],
            [
              14.2939574,
              48.2784188
            ],
            [
              14.294057,
              48.2782893
            ],
            [
              14.2941592,
              48.2781251
            ],
            [
              14.2942449,
              48.2779563
            ],
            [
              14.2942618,
              48.2779205
            ],
            [
              14.2943321,
              48.2777152
            ],
            [
              14.2943781,
              48.2775623
            ],
            [
              14.2944678,
              48.2773338
            ],
            [
              14.2945449,
              48.2769528
            ],
            [
              14.2946375,
              48.2764477
            ],
            [
              14.2946913,
              48.2761928
            ],
            [
              14.2947432,
              48.2759511
            ],
            [
              14.2947995,
              48.2756737
            ],
            [
              14.294931,
              48.275025
            ],
            [
              14.2949685,
              48.2748152
            ],
            [
              14.2949767,
              48.2747691
            ],
            [
              14.2949959,
              48.2746078
            ],
            [
              14.2950755,
              48.2739395
            ],
            [
              14.2952231,
              48.2710258
            ],
            [
              14.2952938,
              48.27048
            ],
            [
              14.295353,
              48.2702557
            ],
            [
              14.2957125,
              48.2692881
            ],
            [
              14.2961809,
              48.2684853
            ],
            [
              14.2966154,
              48.2677682
            ],
            [
              14.296934,
              48.2670422
            ],
            [
              14.2970483,
              48.2667302
            ],
            [
              14.2971114,
              48.2665256
            ],
            [
              14.2971203,
              48.2664968
            ],
            [
              14.2971628,
              48.2663159
            ],
            [
              14.297207,
              48.2660862
            ],
            [
              14.2972526,
              48.2657663
            ],
            [
              14.2972876,
              48.2654472
            ],
            [
              14.2972941,
              48.2650517
            ],
            [
              14.2972785,
              48.2643806
            ],
            [
              14.2972264,
              48.2635734
            ],
            [
              14.297205,
              48.2632139
            ],
            [
              14.2970629,
              48.2629044
            ],
            [
              14.2969994,
              48.2627106
            ],
            [
              14.2968999,
              48.2624595
            ],
            [
              14.2967473,
              48.2621679
            ],
            [
              14.2966103,
              48.2619389
            ],
            [
              14.2964368,
              48.2616907
            ],
            [
              14.2961292,
              48.261311
            ],
            [
              14.2958927,
              48.2610454
            ],
            [
              14.2955685,
              48.2606968
            ],
            [
              14.2952074,
              48.2603395
            ],
            [
              14.2947275,
              48.2598961
            ],
            [
              14.294483,
              48.2596873
            ],
            [
              14.294004,
              48.259296
            ],
            [
              14.2933498,
              48.2587979
            ],
            [
              14.292947,
              48.2585318
            ],
            [
              14.29252,
              48.2582586
            ],
            [
              14.2921443,
              48.2580138
            ],
            [
              14.2917878,
              48.2578025
            ],
            [
              14.2909508,
              48.2573234
            ],
            [
              14.2904106,
              48.2570142
            ],
            [
              14.2887634,
              48.2560861
            ],
            [
              14.28848,
              48.2559305
            ],
            [
              14.2880752,
              48.2557013
            ],
            [
              14.287767,
              48.2555408
            ],
            [
              14.2876584,
              48.2554843
            ],
            [
              14.2874696,
              48.2554042
            ],
            [
              14.2875286,
              48.2553057
            ],
            [
              14.2875848,
              48.255228
            ],
            [
              14.2876208,
              48.2551709
            ],
            [
              14.2876548,
              48.2551211
            ],
            [
              14.2878078,
              48.2549205
            ],
            [
              14.2880057,
              48.2546829
            ],
            [
              14.2882885,
              48.2543595
            ],
            [
              14.288391,
              48.2542298
            ],
            [
              14.2884813,
              48.2540933
            ],
            [
              14.2885176,
              48.2540223
            ],
            [
              14.2885435,
              48.2539449
            ],
            [
              14.288553,
              48.2538927
            ],
            [
              14.2885571,
              48.2538123
            ],
            [
              14.2885475,
              48.2537332
            ],
            [
              14.2885298,
              48.2536571
            ],
            [
              14.2884521,
              48.2534424
            ],
            [
              14.2884494,
              48.253436
            ],
            [
              14.2884362,
              48.2534049
            ],
            [
              14.2883933,
              48.2532992
            ],
            [
              14.288345,
              48.2531858
            ],
            [
              14.28833,
              48.2531448
            ],
            [
              14.2882182,
              48.252838
            ],
            [
              14.288214,
              48.2528263
            ],
            [
              14.2882042,
              48.2527993
            ],
            [
              14.2881159,
              48.2525559
            ],
            [
              14.2880969,
              48.2524972
            ],
            [
              14.2880767,
              48.2524352
            ],
            [
              14.2880451,
              48.2523206
            ],
            [
              14.2879985,
              48.2521573
            ],
            [
              14.2879728,
              48.2520384
            ],
            [
              14.2879585,
              48.2519656
            ],
            [
              14.2879473,
              48.2519081
            ],
            [
              14.2879149,
              48.2515764
            ],
            [
              14.287892,
              48.2511858
            ],
            [
              14.287888,
              48.2511227
            ],
            [
              14.287884,
              48.2510548
            ],
            [
              14.2879322,
              48.2506508
            ],
            [
              14.2879692,
              48.2503689
            ],
            [
              14.2879949,
              48.2501617
            ],
            [
              14.2879932,
              48.2501212
            ],
            [
              14.2879911,
              48.2500697
            ],
            [
              14.2878865,
              48.2500585
            ],
            [
              14.2878233,
              48.2500517
            ],
            [
              14.287081,
              48.2499432
            ],
            [
              14.2869994,
              48.2499313
            ],
            [
              14.2869185,
              48.249917
            ],
            [
              14.2859992,
              48.2497547
            ],
            [
              14.2859352,
              48.2497434
            ],
            [
              14.2858468,
              48.2497278
            ],
            [
              14.2851295,
              48.2496015
            ],
            [
              14.2848941,
              48.24956
            ],
            [
              14.2848092,
              48.249545
            ],
            [
              14.284722,
              48.2495296
            ],
            [
              14.2847358,
              48.2494689
            ],
            [
              14.2847935,
              48.249216
            ],
            [
              14.2848718,
              48.2488723
            ],
            [
              14.2848803,
              48.2488349
            ],
            [
              14.2849286,
              48.2486485
            ],
            [
              14.2849396,
              48.2486058
            ],
            [
              14.2849827,
              48.2484529
            ],
            [
              14.2850193,
              48.2483497
            ],
            [
              14.2850561,
              48.2482823
            ],
            [
              14.2850981,
              48.2482215
            ],
            [
              14.2851384,
              48.2481633
            ],
            [
              14.2851517,
              48.248144
            ],
            [
              14.2851823,
              48.2480998
            ],
            [
              14.2853108,
              48.2479425
            ],
            [
              14.2853876,
              48.2478511
            ],
            [
              14.2857414,
              48.2474853
            ],
            [
              14.2859585,
              48.2472609
            ],
            [
              14.285992,
              48.2472272
            ],
            [
              14.2864918,
              48.2467268
            ],
            [
              14.2865817,
              48.2466247
            ],
            [
              14.2866598,
              48.2465093
            ],
            [
              14.2867024,
              48.2464387
            ],
            [
              14.2867297,
              48.2463934
            ],
            [
              14.2867419,
              48.2463721
            ],
            [
              14.2867582,
              48.2463344
            ],
            [
              14.2867575,
              48.2463188
            ],
            [
              14.2867531,
              48.2462853
            ],
            [
              14.2867307,
              48.2462639
            ],
            [
              14.2866892,
              48.24624
            ],
            [
              14.286608,
              48.2462103
            ],
            [
              14.2864579,
              48.2461747
            ],
            [
              14.2857212,
              48.2460028
            ],
            [
              14.2856163,
              48.2459737
            ],
            [
              14.2852209,
              48.245864
            ],
            [
              14.2851029,
              48.2458313
            ],
            [
              14.2849827,
              48.2457984
            ],
            [
              14.2845652,
              48.2456732
            ],
            [
              14.2843498,
              48.2456086
            ],
            [
              14.2839312,
              48.245483
            ],
            [
              14.2829549,
              48.24519
            ],
            [
              14.2826463,
              48.2450974
            ],
            [
              14.28226,
              48.2449759
            ],
            [
              14.2820163,
              48.2448946
            ],
            [
              14.2818496,
              48.2448306
            ],
            [
              14.2817737,
              48.2448015
            ],
            [
              14.2816657,
              48.2447548
            ],
            [
              14.2816393,
              48.2447434
            ],
            [
              14.2815763,
              48.2447162
            ],
            [
              14.2813975,
              48.2446172
            ],
            [
              14.2812141,
              48.2445076
            ],
            [
              14.2810775,
              48.2444149
            ],
            [
              14.281045,
              48.2443899
            ],
            [
              14.2809467,
              48.2443142
            ],
            [
              14.2808305,
              48.2442214
            ],
            [
              14.2807283,
              48.2441279
            ],
            [
              14.280614,
              48.2440091
            ],
            [
              14.280514,
              48.2438802
            ],
            [
              14.2804349,
              48.2437531
            ],
            [
              14.2803684,
              48.2436167
            ],
            [
              14.2803391,
              48.2435573
            ],
            [
              14.2802987,
              48.2434764
            ],
            [
              14.280231,
              48.2433407
            ],
            [
              14.2801079,
              48.2431353
            ],
            [
              14.2800802,
              48.2430891
            ],
            [
              14.2800452,
              48.2430307
            ],
            [
              14.2800197,
              48.2429965
            ],
            [
              14.2799502,
              48.2429036
            ],
            [
              14.2799034,
              48.2428409
            ],
            [
              14.2797638,
              48.2426802
            ],
            [
              14.2796225,
              48.2425272
            ],
            [
              14.2795257,
              48.2424414
            ],
            [
              14.2794494,
              48.2423738
            ],
            [
              14.2795654,
              48.2423049
            ],
            [
              14.2797351,
              48.2421515
            ],
            [
              14.2802211,
              48.241712
            ],
            [
              14.2806552,
              48.2412675
            ],
            [
              14.2808038,
              48.2411154
            ],
            [
              14.280861,
              48.2410568
            ],
            [
              14.2809294,
              48.2409864
            ],
            [
              14.2809926,
              48.2409221
            ],
            [
              14.2810876,
              48.2408248
            ],
            [
              14.2811298,
              48.2407817
            ],
            [
              14.2812729,
              48.240636
            ],
            [
              14.281335,
              48.2405727
            ],
            [
              14.2814301,
              48.2404757
            ],
            [
              14.2815072,
              48.2403971
            ],
            [
              14.281546,
              48.240358
            ],
            [
              14.2816634,
              48.2402396
            ],
            [
              14.2817916,
              48.2401099
            ]
          ],
          [
            [
              14.2847218,
              48.2458245
            ],
            [
              14.2847478,
              48.2457864
            ],
            [
              14.2845318,
              48.2457211
            ],
            [
              14.2845059,
              48.2457591
            ]
          ],
          [
            [
              14.2878736,
              48.2503686
            ],
            [
              14.2878976,
              48.2503698
            ],
            [
              14.287921,
              48.2501648
            ],
            [
              14.2878989,
              48.2501637
            ]
          ],
          [
            [
              14.2903912,
              48.2915043
            ],
            [
              14.2902529,
              48.2913412
            ],
            [
              14.2900966,
              48.2911569
            ]
          ],
          [
            [
              14.2904615,
              48.2938838
            ],
            [
              14.2904752,
              48.2938993
            ],
            [
              14.2906788,
              48.2938201
            ],
            [
              14.2906662,
              48.2938057
            ]
          ],
          [
            [
              14.287571,
              48.2974741
            ],
            [
              14.2875981,
              48.2975784
            ]
          ],
          [
            [
              14.2911132,
              48.3010892
            ],
            [
              14.2908025,
              48.3010122
            ]
          ],
          [
            [
              14.2994444,
              48.3032578
            ],
            [
              14.2994641,
              48.3032305
            ],
            [
              14.2992339,
              48.3031558
            ],
            [
              14.2992205,
              48.303174
            ],
            [
              14.2992278,
              48.303188
            ]
          ],
          [
            [
              14.3052807,
              48.3053882
            ],
            [
              14.3053081,
              48.3053571
            ],
            [
              14.3055014,
              48.3054325
            ],
            [
              14.3054759,
              48.3054614
            ]
          ],
          [
            [
              14.3086555,
              48.3070127
            ],
            [
              14.3086746,
              48.3069967
            ],
            [
              14.3089813,
              48.3071583
            ],
            [
              14.3089643,
              48.3071725
            ]
          ],
          [
            [
              14.3138705,
              48.3097311
            ],
            [
              14.3140213,
              48.3098063
            ]
          ],
          [
            [
              14.3166418,
              48.3062116
            ],
            [
              14.3166137,
              48.3062043
            ],
            [
              14.316525,
              48.3063565
            ],
            [
              14.3165554,
              48.3063644
            ]
          ],
          [
            [
              14.3205327,
              48.3065515
            ],
            [
              14.3205408,
              48.3065349
            ],
            [
              14.3203075,
              48.3064847
            ],
            [
              14.3202993,
              48.3065015
            ]
          ],
          [
            [
              14.3289292,
              48.3067094
            ],
            [
              14.328836,
              48.3069253
            ]
          ],
          [
            [
              14.3293282,
              48.303486
            ],
            [
              14.3292727,
              48.3036475
            ]
          ],
          [
            [
              14.321303,
              48.3000545
            ],
            [
              14.321661,
              48.2997026
            ]
          ]
        ]
      },
      "id": "relation/1147447"
    }
  ]
}