{
  "type": "FeatureCollection",
  "features": [
    {
      "type": "Feature",
      "properties": {
        "@id": "relation/6576219",
        "alternate": "no",
        "colour": "#C31553",
        "colour:text": "#FFFFFF",
        "from": "Landgutstraße",
        "name": "4: Landgutstraße – Schloss Traun",
        "network": "OÖVV",
        "network:wikidata": "Q2011605",
        "network:wikipedia": "de:Oberösterreichischer Verkehrsverbund",
        "operator": "Linz Linien GmbH",
        "public_transport:version": "2",
        "ref": "4",
        "route": "tram",
        "to": "Schloss Traun",
        "type": "route",
        "wikidata": "Q121368141"
      },
      "geometry": {
        "type": "MultiLineString",
        "coordinates": [
          [
            [
              14.2775865,
              48.3110432
            ],
            [
              14.2774967,
              48.3110223
            ],
            [
              14.2773167,
              48.3109848
            ],
            [
              14.2772341,
              48.3109654
            ],
            [
              14.2771895,
              48.3109427
            ],
            [
              14.2771532,
              48.3109173
            ],
            [
              14.2771174,
              48.3108793
            ],
            [
              14.2771004,
              48.3108392
            ],
            [
              14.2770945,
              48.310791
            ],
            [
              14.2771091,
              48.3107532
            ],
            [
              14.2771371,
              48.3107157
            ],
            [
              14.2771727,
              48.3106897
            ],
            [
              14.2772132,
              48.3106658
            ],
            [
              14.2772898,
              48.3106432
            ],
            [
              14.2773737,
              48.3106381
            ],
            [
              14.2774456,
              48.3106513
            ],
            [
              14.2775029,
              48.3106722
            ],
            [
              14.2775523,
              48.3107005
            ],
            [
              14.2775872,
              48.3107416
            ],
            [
              14.2776139,
              48.3107962
            ],
            [
              14.2776429,
              48.3108738
            ],
            [
              14.2776629,
              48.3109103
            ],
            [
              14.2776839,
              48.3109345
            ],
            [
              14.2777341,
              48.3109792
            ],
            [
              14.277794,
              48.3110184
            ],
            [
              14.278052,
              48.3111144
            ],
            [
              14.2785736,
              48.3113084
            ],
            [
              14.278988,
              48.3114625
            ],
            [
              14.2798188,
              48.3117715
            ],
            [
              14.2799678,
              48.3118278
            ],
            [
              14.2801019,
              48.3118786
            ],
            [
              14.2802103,
              48.3119195
            ],
            [
              14.280291,
              48.31195
            ],
            [
              14.2808927,
              48.3121758
            ],
            [
              14.2810199,
              48.3122235
            ],
            [
              14.2818312,
              48.3125278
            ],
            [
              14.2818779,
              48.3125403
            ],
            [
              14.2819123,
              48.3125445
            ],
            [
              14.281929,
              48.3125466
            ],
            [
              14.2819818,
              48.3125459
            ],
            [
              14.2819971,
              48.3125428
            ],
            [
              14.28203,
              48.3125358
            ],
            [
              14.2820593,
              48.312524
            ],
            [
              14.2820731,
              48.3125185
            ],
            [
              14.2821085,
              48.3124978
            ],
            [
              14.2821394,
              48.3124725
            ],
            [
              14.2821652,
              48.312439
            ],
            [
              14.2821863,
              48.3124025
            ],
            [
              14.2823339,
              48.312067
            ],
            [
              14.2823943,
              48.3119399
            ],
            [
              14.2824609,
              48.3118129
            ],
            [
              14.2825074,
              48.3117366
            ],
            [
              14.2825853,
              48.3116291
            ],
            [
              14.2826482,
              48.3115424
            ],
            [
              14.2827042,
              48.3114611
            ],
            [
              14.2827469,
              48.3113935
            ],
            [
              14.2827614,
              48.3113696
            ],
            [
              14.2827892,
              48.3113039
            ],
            [
              14.2828096,
              48.3112455
            ],
            [
              14.2828283,
              48.3111812
            ],
            [
              14.2828322,
              48.3111598
            ],
            [
              14.2828457,
              48.3111015
            ],
            [
              14.2828505,
              48.3110767
            ],
            [
              14.2828557,
              48.3110522
            ],
            [
              14.282864,
              48.3110245
            ],
            [
              14.2828746,
              48.3109977
            ],
            [
              14.2828871,
              48.3109702
            ],
            [
              14.2829035,
              48.3109405
            ],
            [
              14.2829405,
              48.3108785
            ],
            [
              14.2830853,
              48.3106578
            ],
            [
              14.2832298,
              48.310433
            ],
            [
              14.2833033,
              48.3103199
            ],
            [
              14.28338,
              48.3102054
            ],
            [
              14.2834543,
              48.3101039
            ],
            [
              14.2835257,
              48.310004
            ],
            [
              14.2836743,
              48.3098041
            ],
            [
              14.2839034,
              48.3094795
            ],
            [
              14.2840691,
              48.3092589
            ],
            [
              14.2855689,
              48.3072158
            ],
            [
              14.2857598,
              48.3069528
            ],
            [
              14.2858165,
              48.3068769
            ],
            [
              14.2858632,
              48.3068136
            ],
            [
              14.2860032,
              48.3066176
            ],
            [
              14.2860731,
              48.3065263
            ],
            [
              14.286105,
              48.3064835
            ],
            [
              14.2861318,
              48.3064474
            ],
            [
              14.2863368,
              48.3061723
            ],
            [
              14.2863418,
              48.3061655
            ],
            [
              14.2864368,
              48.3060358
            ],
            [
              14.2865047,
              48.3059396
            ],
            [
              14.2866385,
              48.3057559
            ],
            [
              14.2867145,
              48.3056481
            ],
            [
              14.2868082,
              48.3055035
            ],
            [
              14.2870655,
              48.3050796
            ],
            [
              14.2870967,
              48.3050343
            ],
            [
              14.2871126,
              48.3050125
            ],
            [
              14.287138,
              48.3049776
            ],
            [
              14.287144,
              48.3049694
            ],
            [
              14.2871579,
              48.3049504
            ],
            [
              14.2871954,
              48.3049053
            ],
            [
              14.2874251,
              48.304673
            ],
            [
              14.2876494,
              48.3044379
            ],
            [
              14.2878676,
              48.3042277
            ],
            [
              14.2879243,
              48.3041771
            ],
            [
              14.288004,
              48.3041169
            ],
            [
              14.2880926,
              48.3040473
            ],
            [
              14.2881082,
              48.304035
            ],
            [
              14.288196,
              48.303967
            ],
            [
              14.2882833,
              48.3038887
            ],
            [
              14.2883713,
              48.3037983
            ],
            [
              14.2885189,
              48.3036426
            ],
            [
              14.2886717,
              48.3034744
            ],
            [
              14.2888224,
              48.3033041
            ],
            [
              14.2890199,
              48.3030694
            ],
            [
              14.2890806,
              48.302993
            ],
            [
              14.289257,
              48.3027749
            ],
            [
              14.2895861,
              48.3023454
            ],
            [
              14.2897348,
              48.3021567
            ],
            [
              14.2899373,
              48.3019018
            ],
            [
              14.2901347,
              48.3016362
            ],
            [
              14.2903602,
              48.301284
            ],
            [
              14.2904448,
              48.30114
            ],
            [
              14.2905425,
              48.3009737
            ],
            [
              14.2905878,
              48.3008966
            ],
            [
              14.2906075,
              48.3008636
            ],
            [
              14.2906277,
              48.3008299
            ],
            [
              14.2907022,
              48.3007043
            ],
            [
              14.2908892,
              48.3003931
            ],
            [
              14.2909109,
              48.3003543
            ],
            [
              14.2909869,
              48.3002046
            ],
            [
              14.2910337,
              48.3000991
            ],
            [
              14.2910626,
              48.3000342
            ],
            [
              14.2911634,
              48.2997554
            ],
            [
              14.2912176,
              48.299603
            ],
            [
              14.2912392,
              48.2995034
            ],
            [
              14.2912516,
              48.2994239
            ],
            [
              14.2912575,
              48.2993953
            ],
            [
              14.2912671,
              48.2993488
            ],
            [
              14.2913191,
              48.2989799
            ],
            [
              14.2913852,
              48.2986336
            ],
            [
              14.2914063,
              48.2985275
            ],
            [
              14.2914333,
              48.298383
            ],
            [
              14.2914484,
              48.2983002
            ],
            [
              14.2915177,
              48.2979342
            ],
            [
              14.2916077,
              48.2974592
            ],
            [
              14.2916167,
              48.2974116
            ],
            [
              14.291657,
              48.2972263
            ],
            [
              14.2916684,
              48.2971736
            ],
            [
              14.2918203,
              48.2964752
            ],
            [
              14.2918405,
              48.2964079
            ],
            [
              14.291861,
              48.2963552
            ],
            [
              14.2918877,
              48.2962974
            ],
            [
              14.291912,
              48.2962489
            ],
            [
              14.2919618,
              48.2961691
            ],
            [
              14.2919984,
              48.2961199
            ],
            [
              14.2920286,
              48.2960795
            ],
            [
              14.2920336,
              48.2960728
            ],
            [
              14.292086,
              48.296009
            ],
            [
              14.2923263,
              48.2957529
            ],
            [
              14.2925561,
              48.295508
            ],
            [
              14.2927139,
              48.2953398
            ],
            [
              14.2927765,
              48.2952675
            ],
            [
              14.2928264,
              48.2951959
            ],
            [
              14.2928674,
              48.2951256
            ],
            [
              14.2928984,
              48.2950521
            ],
            [
              14.2929163,
              48.2949909
            ],
            [
              14.2929232,
              48.2949344
            ],
            [
              14.2929234,
              48.2948072
            ],
            [
              14.292899,
              48.2946994
            ],
            [
              14.2928534,
              48.2945817
            ],
            [
              14.2927918,
              48.2944372
            ],
            [
              14.2927035,
              48.2942661
            ],
            [
              14.2926136,
              48.2941121
            ],
            [
              14.2923727,
              48.2937546
            ],
            [
              14.2921407,
              48.2933866
            ],
            [
              14.292049,
              48.2932515
            ],
            [
              14.2909539,
              48.2919847
            ],
            [
              14.2908851,
              48.2918833
            ],
            [
              14.2908194,
              48.2917895
            ],
            [
              14.2907966,
              48.2917464
            ],
            [
              14.2907852,
              48.2917107
            ],
            [
              14.2907774,
              48.2916742
            ],
            [
              14.2907825,
              48.291617
            ],
            [
              14.2907925,
              48.2915684
            ],
            [
              14.290809,
              48.2915278
            ],
            [
              14.2908395,
              48.2914798
            ],
            [
              14.291043,
              48.2912708
            ],
            [
              14.2913472,
              48.2909995
            ],
            [
              14.2913754,
              48.2909746
            ],
            [
              14.291635,
              48.2907459
            ],
            [
              14.2916552,
              48.2907227
            ],
            [
              14.2917142,
              48.2906451
            ],
            [
              14.2917189,
              48.2906094
            ],
            [
              14.2917176,
              48.2905692
            ],
            [
              14.291686,
              48.2905014
            ],
            [
              14.291617,
              48.2904015
            ],
            [
              14.2915513,
              48.2903163
            ],
            [
              14.2907399,
              48.2893916
            ],
            [
              14.2896649,
              48.2881597
            ],
            [
              14.2893291,
              48.2877747
            ],
            [
              14.2890796,
              48.2875041
            ],
            [
              14.2887944,
              48.287234
            ],
            [
              14.2879572,
              48.2865358
            ],
            [
              14.287655,
              48.2862839
            ],
            [
              14.287013,
              48.2857475
            ],
            [
              14.2865268,
              48.2852816
            ],
            [
              14.2863035,
              48.2850469
            ],
            [
              14.2859974,
              48.2847116
            ],
            [
              14.2857597,
              48.2844588
            ],
            [
              14.2854372,
              48.2841589
            ],
            [
              14.2851508,
              48.2839122
            ],
            [
              14.2848109,
              48.2836498
            ],
            [
              14.2845457,
              48.2834537
            ],
            [
              14.2840632,
              48.2831211
            ],
            [
              14.2838781,
              48.283005
            ],
            [
              14.2836662,
              48.282889
            ],
            [
              14.2831466,
              48.2825941
            ],
            [
              14.2822252,
              48.2820693
            ],
            [
              14.2819148,
              48.2818627
            ],
            [
              14.2816445,
              48.2816606
            ],
            [
              14.2814172,
              48.2814705
            ],
            [
              14.2812462,
              48.2813134
            ],
            [
              14.2809294,
              48.2810251
            ],
            [
              14.2807527,
              48.2808566
            ],
            [
              14.2805643,
              48.280687
            ],
            [
              14.280346,
              48.2805039
            ],
            [
              14.280244,
              48.2804244
            ],
            [
              14.2801993,
              48.280388
            ],
            [
              14.2801526,
              48.2803547
            ],
            [
              14.2797013,
              48.2800471
            ],
            [
              14.2796448,
              48.2800078
            ],
            [
              14.2796169,
              48.2799884
            ],
            [
              14.2794432,
              48.2798732
            ],
            [
              14.2788613,
              48.2794795
            ],
            [
              14.2780247,
              48.2789644
            ],
            [
              14.2768641,
              48.2782571
            ],
            [
              14.2766066,
              48.2780939
            ],
            [
              14.2761223,
              48.2777869
            ],
            [
              14.2760409,
              48.2777446
            ],
            [
              14.2759394,
              48.2776919
            ],
            [
              14.275847,
              48.2776435
            ],
            [
              14.2757572,
              48.2776003
            ],
            [
              14.2756868,
              48.2775618
            ],
            [
              14.2755748,
              48.277507
            ],
            [
              14.275372,
              48.2774248
            ],
            [
              14.2751658,
              48.2773517
            ],
            [
              14.2749506,
              48.2772763
            ],
            [
              14.2747623,
              48.2772075
            ],
            [
              14.2746395,
              48.2771517
            ],
            [
              14.2745197,
              48.2770871
            ],
            [
              14.2744131,
              48.2770154
            ],
            [
              14.2743255,
              48.2769382
            ],
            [
              14.2742347,
              48.2768411
            ],
            [
              14.2741719,
              48.2767489
            ],
            [
              14.2741337,
              48.2766594
            ],
            [
              14.2740974,
              48.2765715
            ],
            [
              14.2740873,
              48.2765149
            ],
            [
              14.2740892,
              48.2764159
            ],
            [
              14.2741613,
              48.2760438
            ],
            [
              14.2741671,
              48.2759562
            ],
            [
              14.2741731,
              48.2758916
            ],
            [
              14.2741631,
              48.2758135
            ],
            [
              14.2741563,
              48.2757706
            ],
            [
              14.2741356,
              48.2757107
            ],
            [
              14.2741178,
              48.2756567
            ],
            [
              14.2741028,
              48.2756268
            ],
            [
              14.2740831,
              48.2755803
            ],
            [
              14.2740495,
              48.2755206
            ],
            [
              14.2740118,
              48.275455
            ],
            [
              14.2739561,
              48.2754056
            ],
            [
              14.2739136,
              48.2753695
            ],
            [
              14.2738678,
              48.2753306
            ],
            [
              14.2737731,
              48.2752709
            ],
            [
              14.2737175,
              48.2752378
            ],
            [
              14.2735673,
              48.2751451
            ],
            [
              14.2734112,
              48.2750366
            ],
            [
              14.2733,
              48.2749561
            ],
            [
              14.2732664,
              48.2749257
            ],
            [
              14.2730315,
              48.274735
            ],
            [
              14.2729235,
              48.2746454
            ],
            [
              14.2727939,
              48.2745289
            ],
            [
              14.2722516,
              48.2740154
            ],
            [
              14.2717008,
              48.2734939
            ],
            [
              14.2711571,
              48.2729985
            ],
            [
              14.2704041,
              48.272311
            ],
            [
              14.269953,
              48.2718995
            ],
            [
              14.2695027,
              48.2714743
            ],
            [
              14.2694355,
              48.2714214
            ],
            [
              14.269298,
              48.2713235
            ],
            [
              14.2691635,
              48.2712278
            ],
            [
              14.2691009,
              48.271178
            ],
            [
              14.2690557,
              48.2711395
            ],
            [
              14.2686876,
              48.2708186
            ],
            [
              14.268467,
              48.2706046
            ],
            [
              14.2681665,
              48.2703573
            ],
            [
              14.2676662,
              48.2699681
            ],
            [
              14.2671536,
              48.2695715
            ],
            [
              14.2666554,
              48.2691809
            ],
            [
              14.2661853,
              48.2688091
            ],
            [
              14.265956,
              48.268639
            ],
            [
              14.2657676,
              48.2684882
            ],
            [
              14.2653093,
              48.2681343
            ],
            [
              14.2651365,
              48.2680007
            ],
            [
              14.2649689,
              48.2678711
            ],
            [
              14.2645173,
              48.2675008
            ],
            [
              14.2644093,
              48.2674017
            ],
            [
              14.2632912,
              48.2664843
            ],
            [
              14.2626953,
              48.2660051
            ],
            [
              14.261625,
              48.2651513
            ],
            [
              14.2611916,
              48.2647793
            ],
            [
              14.2610602,
              48.2646495
            ],
            [
              14.2609067,
              48.2644978
            ],
            [
              14.2596857,
              48.2633952
            ],
            [
              14.2593954,
              48.2631311
            ],
            [
              14.2591752,
              48.26293
            ],
            [
              14.2587977,
              48.2626006
            ],
            [
              14.2587719,
              48.2625748
            ],
            [
              14.2585886,
              48.2624248
            ],
            [
              14.2583717,
              48.2622471
            ],
            [
              14.257933,
              48.2618523
            ],
            [
              14.2575075,
              48.261454
            ],
            [
              14.2568322,
              48.2608636
            ],
            [
              14.2564747,
              48.2605562
            ],
            [
              14.2561171,
              48.2602405
            ],
            [
              14.2558108,
              48.2599868
            ],
            [
              14.2556815,
              48.259894
            ],
            [
              14.2556057,
              48.2598396
            ],
            [
              14.2552384,
              48.2595361
            ],
            [
              14.2539962,
              48.2584651
            ],
            [
              14.2537121,
              48.2582348
            ],
            [
              14.2527293,
              48.2575199
            ],
            [
              14.2523787,
              48.2572758
            ],
            [
              14.252295,
              48.2572229
            ],
            [
              14.2520718,
              48.2570997
            ],
            [
              14.251888,
              48.2569974
            ],
            [
              14.2513695,
              48.2566208
            ],
            [
              14.2511839,
              48.2565102
            ],
            [
              14.2511114,
              48.2564724
            ],
            [
              14.2510211,
              48.2564349
            ],
            [
              14.2509278,
              48.2564016
            ],
            [
              14.2507798,
              48.2563556
            ],
            [
              14.250529,
              48.2562776
            ],
            [
              14.2504617,
              48.256255
            ],
            [
              14.2504089,
              48.2562338
            ],
            [
              14.2502934,
              48.256181
            ],
            [
              14.2501635,
              48.2561096
            ],
            [
              14.2500518,
              48.2560382
            ],
            [
              14.2492368,
              48.2555246
            ],
            [
              14.2489841,
              48.255361
            ],
            [
              14.2489131,
              48.2553117
            ],
            [
              14.2486479,
              48.2551508
            ],
            [
              14.2484134,
              48.2549859
            ],
            [
              14.2482089,
              48.254827
            ],
            [
              14.2480428,
              48.2546864
            ],
            [
              14.2477318,
              48.2544038
            ],
            [
              14.247605,
              48.2542756
            ],
            [
              14.2474649,
              48.2541219
            ],
            [
              14.2473402,
              48.2539718
            ],
            [
              14.2472851,
              48.2538919
            ],
            [
              14.2472193,
              48.2538105
            ],
            [
              14.2470982,
              48.253631
            ],
            [
              14.2469655,
              48.2534072
            ],
            [
              14.2468134,
              48.253142
            ],
            [
              14.246276,
              48.2522281
            ],
            [
              14.2461738,
              48.2521189
            ],
            [
              14.2460455,
              48.2519898
            ],
            [
              14.2458305,
              48.2518187
            ],
            [
              14.2455449,
              48.2516205
            ],
            [
              14.2452662,
              48.251413
            ],
            [
              14.2450255,
              48.2512224
            ],
            [
              14.2448178,
              48.2510435
            ],
            [
              14.2446303,
              48.2508613
            ],
            [
              14.2444934,
              48.2507128
            ],
            [
              14.2441539,
              48.2503585
            ],
            [
              14.2440703,
              48.2502792
            ],
            [
              14.2439713,
              48.2501995
            ],
            [
              14.243937,
              48.2501718
            ],
            [
              14.2438094,
              48.2500688
            ],
            [
              14.2437941,
              48.2500565
            ],
            [
              14.2435762,
              48.2498979
            ],
            [
              14.2433381,
              48.2497259
            ],
            [
              14.2431531,
              48.2495893
            ],
            [
              14.2429953,
              48.2494668
            ],
            [
              14.2428203,
              48.2493379
            ],
            [
              14.2426505,
              48.2492005
            ],
            [
              14.2425199,
              48.2490714
            ],
            [
              14.2423884,
              48.2489405
            ],
            [
              14.2422624,
              48.2488124
            ],
            [
              14.2421522,
              48.2486791
            ],
            [
              14.2419964,
              48.2484986
            ],
            [
              14.241814,
              48.2483079
            ],
            [
              14.2415429,
              48.2480143
            ],
            [
              14.2415009,
              48.2479696
            ],
            [
              14.2414267,
              48.2478907
            ],
            [
              14.2414119,
              48.2478748
            ],
            [
              14.2412493,
              48.2476992
            ],
            [
              14.2409845,
              48.2474149
            ],
            [
              14.2407865,
              48.2471975
            ],
            [
              14.2406345,
              48.2470139
            ],
            [
              14.2405651,
              48.24693
            ],
            [
              14.2405273,
              48.2468825
            ],
            [
              14.2404596,
              48.2467975
            ],
            [
              14.2404295,
              48.2467598
            ],
            [
              14.2403256,
              48.2466357
            ],
            [
              14.2401661,
              48.2464556
            ],
            [
              14.239935,
              48.2462014
            ],
            [
              14.2395373,
              48.2457731
            ],
            [
              14.2390966,
              48.2453221
            ],
            [
              14.2386881,
              48.2449009
            ],
            [
              14.2384301,
              48.2446051
            ],
            [
              14.2383904,
              48.2445618
            ],
            [
              14.2383069,
              48.2444708
            ],
            [
              14.2382697,
              48.2444292
            ],
            [
              14.238151,
              48.2442961
            ],
            [
              14.2378841,
              48.2439879
            ],
            [
              14.2377306,
              48.2438104
            ],
            [
              14.2375298,
              48.2435902
            ],
            [
              14.237157,
              48.2432037
            ],
            [
              14.2368955,
              48.2429131
            ],
            [
              14.2368754,
              48.2428928
            ],
            [
              14.236575,
              48.2425704
            ],
            [
              14.236467,
              48.2424693
            ],
            [
              14.2362696,
              48.2422895
            ],
            [
              14.2360958,
              48.2421378
            ],
            [
              14.2359221,
              48.2419626
            ],
            [
              14.2357028,
              48.2417412
            ],
            [
              14.2355425,
              48.2415716
            ],
            [
              14.2354351,
              48.2414309
            ],
            [
              14.2353147,
              48.2412794
            ],
            [
              14.2351961,
              48.241102
            ],
            [
              14.2350901,
              48.2409299
            ],
            [
              14.2349659,
              48.2406953
            ],
            [
              14.2348597,
              48.2404935
            ],
            [
              14.2347898,
              48.2403189
            ],
            [
              14.2346939,
              48.240058
            ],
            [
              14.2346455,
              48.2398629
            ],
            [
              14.2345879,
              48.2395629
            ],
            [
              14.2345572,
              48.239327
            ],
            [
              14.234547,
              48.2388292
            ],
            [
              14.2345476,
              48.2386469
            ],
            [
              14.2345838,
              48.23837
            ],
            [
              14.2346255,
              48.2382053
            ],
            [
              14.2346625,
              48.2381216
            ],
            [
              14.2347009,
              48.2380344
            ],
            [
              14.2347303,
              48.2379724
            ],
            [
              14.2348258,
              48.2377715
            ],
            [
              14.2349397,
              48.2375205
            ],
            [
              14.2349721,
              48.2374488
            ],
            [
              14.2351075,
              48.2371535
            ],
            [
              14.2353351,
              48.2367108
            ],
            [
              14.2354495,
              48.2364638
            ],
            [
              14.2355139,
              48.2362327
            ],
            [
              14.2355431,
              48.2360709
            ],
            [
              14.2355587,
              48.235926
            ],
            [
              14.2355539,
              48.2357868
            ],
            [
              14.235553,
              48.2357136
            ],
            [
              14.2355527,
              48.2356696
            ],
            [
              14.2355404,
              48.2355411
            ],
            [
              14.2355378,
              48.2355262
            ],
            [
              14.2355112,
              48.2353783
            ],
            [
              14.235494,
              48.2352832
            ],
            [
              14.2354353,
              48.2349748
            ],
            [
              14.2354036,
              48.2348457
            ],
            [
              14.2353712,
              48.2347294
            ],
            [
              14.2353285,
              48.2346098
            ],
            [
              14.235287,
              48.2344936
            ],
            [
              14.2352363,
              48.2343968
            ],
            [
              14.2352168,
              48.2343547
            ],
            [
              14.2351624,
              48.2342384
            ],
            [
              14.2350849,
              48.2340971
            ],
            [
              14.2348425,
              48.2336473
            ],
            [
              14.2348238,
              48.2336077
            ],
            [
              14.2347435,
              48.2334591
            ],
            [
              14.2346941,
              48.2333098
            ],
            [
              14.2346709,
              48.2332316
            ],
            [
              14.2345922,
              48.2329243
            ],
            [
              14.2345311,
              48.2327175
            ],
            [
              14.2344792,
              48.2325489
            ],
            [
              14.2344229,
              48.2323381
            ],
            [
              14.2343997,
              48.2321699
            ],
            [
              14.2343956,
              48.23213
            ],
            [
              14.2343839,
              48.2319802
            ],
            [
              14.234354,
              48.2318158
            ],
            [
              14.2343402,
              48.2316614
            ],
            [
              14.2343213,
              48.2315198
            ],
            [
              14.2343016,
              48.2314093
            ],
            [
              14.2342679,
              48.2312841
            ],
            [
              14.2342006,
              48.2311038
            ],
            [
              14.2341602,
              48.2310104
            ],
            [
              14.2341007,
              48.2308602
            ],
            [
              14.2339808,
              48.2304875
            ],
            [
              14.2339249,
              48.2302931
            ],
            [
              14.2338769,
              48.2300815
            ],
            [
              14.2338442,
              48.2299175
            ],
            [
              14.2338087,
              48.2297192
            ],
            [
              14.2337857,
              48.2295671
            ],
            [
              14.2337747,
              48.2294942
            ],
            [
              14.2337427,
              48.229224
            ],
            [
              14.2337287,
              48.229035
            ],
            [
              14.2337267,
              48.2288513
            ],
            [
              14.2337264,
              48.2287795
            ],
            [
              14.2337406,
              48.2286919
            ],
            [
              14.2337652,
              48.228608
            ],
            [
              14.2337801,
              48.228578
            ],
            [
              14.233807,
              48.2284877
            ],
            [
              14.2338593,
              48.2283898
            ],
            [
              14.2338972,
              48.2283264
            ],
            [
              14.233937,
              48.2282599
            ],
            [
              14.2340585,
              48.2280801
            ],
            [
              14.2342436,
              48.2278147
            ],
            [
              14.2343425,
              48.2276565
            ],
            [
              14.2345106,
              48.2273562
            ],
            [
              14.234594,
              48.2272094
            ],
            [
              14.234618,
              48.2271379
            ],
            [
              14.2346251,
              48.2270635
            ],
            [
              14.2346194,
              48.2269976
            ],
            [
              14.2345191,
              48.2266352
            ],
            [
              14.2345091,
              48.2265998
            ],
            [
              14.2344614,
              48.2264663
            ],
            [
              14.2344385,
              48.2264021
            ],
            [
              14.2344285,
              48.2263741
            ],
            [
              14.2344165,
              48.2263406
            ],
            [
              14.2344011,
              48.2262613
            ],
            [
              14.2344011,
              48.2261904
            ],
            [
              14.2344088,
              48.2261443
            ],
            [
              14.2344142,
              48.226129
            ],
            [
              14.234428,
              48.2260897
            ],
            [
              14.234487,
              48.225972
            ],
            [
              14.2345856,
              48.2257774
            ],
            [
              14.234665,
              48.2256135
            ],
            [
              14.2347317,
              48.2254573
            ],
            [
              14.2347855,
              48.2253148
            ],
            [
              14.2348239,
              48.2251791
            ],
            [
              14.2348598,
              48.2250502
            ],
            [
              14.2349366,
              48.22472
            ],
            [
              14.2349981,
              48.2244486
            ],
            [
              14.2350545,
              48.2242215
            ],
            [
              14.2351185,
              48.2240073
            ],
            [
              14.2351903,
              48.2238426
            ],
            [
              14.235376,
              48.2235072
            ],
            [
              14.2354311,
              48.2233706
            ],
            [
              14.2354802,
              48.2232139
            ],
            [
              14.2355269,
              48.2230754
            ],
            [
              14.2355986,
              48.2229098
            ],
            [
              14.2356703,
              48.2227511
            ],
            [
              14.2357587,
              48.2225906
            ],
            [
              14.2358484,
              48.2224318
            ],
            [
              14.2359214,
              48.2223072
            ],
            [
              14.2360085,
              48.2221826
            ],
            [
              14.2360867,
              48.2220776
            ],
            [
              14.2361873,
              48.2219397
            ],
            [
              14.2363116,
              48.2217844
            ],
            [
              14.2363518,
              48.2217368
            ],
            [
              14.2364371,
              48.2216359
            ],
            [
              14.2366203,
              48.2214302
            ],
            [
              14.2367178,
              48.2213227
            ],
            [
              14.2367984,
              48.2212339
            ],
            [
              14.2368406,
              48.2211912
            ],
            [
              14.2369329,
              48.2210811
            ],
            [
              14.2369794,
              48.2210302
            ],
            [
              14.2370085,
              48.2209983
            ],
            [
              14.2371078,
              48.2208908
            ],
            [
              14.2371685,
              48.2208251
            ],
            [
              14.2373717,
              48.2205903
            ],
            [
              14.2374076,
              48.2205507
            ],
            [
              14.2374344,
              48.2205211
            ],
            [
              14.2375254,
              48.2204093
            ],
            [
              14.2376305,
              48.2202967
            ],
            [
              14.2377176,
              48.2201891
            ],
            [
              14.2377778,
              48.2201166
            ],
            [
              14.2378686,
              48.2199813
            ],
            [
              14.23788,
              48.2199592
            ],
            [
              14.2379237,
              48.2198738
            ],
            [
              14.2379364,
              48.2198462
            ],
            [
              14.2379711,
              48.2197705
            ],
            [
              14.2380159,
              48.2196237
            ],
            [
              14.238121,
              48.2192874
            ],
            [
              14.2381785,
              48.219131
            ],
            [
              14.2382114,
              48.2190329
            ],
            [
              14.2382297,
              48.2189782
            ],
            [
              14.2382556,
              48.2189242
            ],
            [
              14.2382861,
              48.2188604
            ],
            [
              14.2383048,
              48.2188221
            ],
            [
              14.2383476,
              48.2187341
            ],
            [
              14.2384629,
              48.2185387
            ],
            [
              14.2385703,
              48.2183935
            ]
          ],
          [
            [
              14.2382719,
              48.2188137
            ],
            [
              14.2383168,
              48.2187299
            ],
            [
              14.2384321,
              48.2185335
            ],
            [
              14.2385449,
              48.2183697
            ],
            [
              14.2385867,
              48.2183096
            ]
          ],
          [
            [
              14.2363171,
              48.2217215
            ],
            [
              14.2366852,
              48.2213092
            ]
          ],
          [
            [
              14.2345874,
              48.2270456
            ],
            [
              14.2345845,
              48.2270033
            ],
            [
              14.2345732,
              48.2269543
            ],
            [
              14.2344667,
              48.2266066
            ]
          ],
          [
            [
              14.2350483,
              48.2341087
            ],
            [
              14.2348067,
              48.2336292
            ]
          ],
          [
            [
              14.2346841,
              48.2379633
            ],
            [
              14.2349153,
              48.2374687
            ]
          ],
          [
            [
              14.2371411,
              48.2432019
            ],
            [
              14.2367939,
              48.2428354
            ],
            [
              14.2367816,
              48.2428219
            ]
          ],
          [
            [
              14.2409309,
              48.2474067
            ],
            [
              14.2413684,
              48.2478929
            ]
          ],
          [
            [
              14.2444618,
              48.250733
            ],
            [
              14.2442439,
              48.2505103
            ],
            [
              14.2440437,
              48.2503146
            ],
            [
              14.2438987,
              48.2501909
            ]
          ],
          [
            [
              14.2513592,
              48.2566489
            ],
            [
              14.2518722,
              48.2570077
            ]
          ],
          [
            [
              14.2560833,
              48.2602573
            ],
            [
              14.2557859,
              48.2600025
            ],
            [
              14.2556512,
              48.259909
            ]
          ],
          [
            [
              14.2591432,
              48.2629399
            ],
            [
              14.2587338,
              48.2625939
            ]
          ],
          [
            [
              14.2644928,
              48.2675199
            ],
            [
              14.2649396,
              48.2678877
            ]
          ],
          [
            [
              14.2686519,
              48.2708227
            ],
            [
              14.2687727,
              48.2709306
            ],
            [
              14.2689327,
              48.2710742
            ],
            [
              14.2690671,
              48.2711947
            ]
          ],
          [
            [
              14.2732452,
              48.2749543
            ],
            [
              14.2733845,
              48.2750557
            ],
            [
              14.2735473,
              48.2751637
            ],
            [
              14.2736958,
              48.2752576
            ],
            [
              14.2737493,
              48.2752883
            ]
          ],
          [
            [
              14.2760123,
              48.2777679
            ],
            [
              14.2761297,
              48.2778233
            ],
            [
              14.2764893,
              48.2780432
            ],
            [
              14.2765812,
              48.2781112
            ]
          ],
          [
            [
              14.2795952,
              48.2800022
            ],
            [
              14.2801652,
              48.2803977
            ]
          ],
          [
            [
              14.2916439,
              48.2907218
            ],
            [
              14.2915331,
              48.2908197
            ],
            [
              14.2912632,
              48.2910582
            ],
            [
              14.2910648,
              48.2912366
            ],
            [
              14.2910163,
              48.2912147
            ],
            [
              14.2909957,
              48.2912052
            ],
            [
              14.2911829,
              48.2910246
            ],
            [
              14.2911274,
              48.2909616
            ],
            [
              14.2911823,
              48.2909405
            ],
            [
              14.2911965,
              48.2909572
            ],
            [
              14.2912081,
              48.2909704
            ],
            [
              14.291222,
              48.2909864
            ],
            [
              14.2912217,
              48.2909859
            ],
            [
              14.2914575,
              48.2907512
            ],
            [
              14.2914207,
              48.2907083
            ],
            [
              14.2913976,
              48.2906828
            ],
            [
              14.291453,
              48.2906607
            ],
            [
              14.2914985,
              48.2907122
            ],
            [
              14.2915399,
              48.2906708
            ],
            [
              14.2916439,
              48.2907218
            ]
          ],
          [
            [
              14.2919965,
              48.2960677
            ],
            [
              14.2921768,
              48.2958683
            ],
            [
              14.2924486,
              48.2955791
            ],
            [
              14.2924583,
              48.2955675
            ],
            [
              14.2925201,
              48.2954936
            ]
          ],
          [
            [
              14.2913462,
              48.2982874
            ],
            [
              14.2914125,
              48.2982929
            ],
            [
              14.291457,
              48.2980545
            ],
            [
              14.2913957,
              48.2980494
            ]
          ],
          [
            [
              14.2902851,
              48.3013137
            ],
            [
              14.2904064,
              48.3011158
            ]
          ],
          [
            [
              14.2882971,
              48.3037849
            ],
            [
              14.28833,
              48.3037986
            ],
            [
              14.2882528,
              48.30388
            ],
            [
              14.2881001,
              48.3040173
            ],
            [
              14.2880807,
              48.3040066
            ]
          ],
          [
            [
              14.286109,
              48.3064409
            ],
            [
              14.2863091,
              48.3061556
            ]
          ],
          [
            [
              14.2830436,
              48.310649
            ],
            [
              14.2828768,
              48.310886
            ]
          ],
          [
            [
              14.2816558,
              48.312407
            ],
            [
              14.2818666,
              48.3124867
            ]
          ],
          [
            [
              14.2785331,
              48.311364
            ],
            [
              14.2784996,
              48.3113512
            ],
            [
              14.2784385,
              48.3113378
            ],
            [
              14.2783483,
              48.311317
            ],
            [
              14.2782447,
              48.3112898
            ],
            [
              14.2781474,
              48.3112597
            ],
            [
              14.2779174,
              48.3111776
            ],
            [
              14.2776964,
              48.3110939
            ],
            [
              14.2775677,
              48.3110548
            ],
            [
              14.2774424,
              48.3110231
            ],
            [
              14.277436,
              48.311035
            ],
            [
              14.2774299,
              48.311045
            ],
            [
              14.2775563,
              48.3110758
            ],
            [
              14.2776818,
              48.3111125
            ],
            [
              14.2779025,
              48.3111944
            ],
            [
              14.2781357,
              48.3112791
            ],
            [
              14.2782281,
              48.3113093
            ],
            [
              14.2783397,
              48.3113385
            ],
            [
              14.2784314,
              48.3113565
            ],
            [
              14.2784917,
              48.3113642
            ],
            [
              14.2785331,
              48.311364
            ]
          ]
        ]
      },
      "id": "relation/6576219"
    },
    {
      "type": "Feature",
      "properties": {
        "@id": "relation/6576220",
        "alternate": "no",
        "colour": "#C31553",
        "colour:text": "#FFFFFF",
        "from": "Schloss Traun",
        "name": "4: Schloss Traun - Landgutstraße",
        "network": "OÖVV",
        "network:wikidata": "Q2011605",
        "network:wikipedia": "de:Oberösterreichischer Verkehrsverbund",
        "operator": "Linz Linien GmbH",
        "public_transport:version": "2",
        "ref": "4",
        "route": "tram",
        "to": "Landgutstraße",
        "type": "route",
        "wikidata": "Q121368141"
      },
      "geometry": {
        "type": "MultiLineString",
        "coordinates": [
          [
            [
              14.2383937,
              48.2187418
            ],
            [
              14.238348,
              48.2188331
            ],
            [
              14.2383284,
              48.2188724
            ],
            [
              14.2382989,
              48.2189351
            ],
            [
              14.2382759,
              48.2189842
            ],
            [
              14.2382579,
              48.2190406
            ],
            [
              14.2382272,
              48.219137
            ],
            [
              14.2381671,
              48.219296
            ],
            [
              14.2380621,
              48.2196297
            ],
            [
              14.2380121,
              48.2197748
            ],
            [
              14.2379824,
              48.2198527
            ],
            [
              14.2379724,
              48.2198789
            ],
            [
              14.2379228,
              48.2199691
            ],
            [
              14.2379109,
              48.2199907
            ],
            [
              14.2378188,
              48.2201302
            ],
            [
              14.2377573,
              48.2202096
            ],
            [
              14.2376663,
              48.2203095
            ],
            [
              14.237551,
              48.2204161
            ],
            [
              14.2374344,
              48.2205211
            ],
            [
              14.2374076,
              48.2205507
            ],
            [
              14.2373717,
              48.2205903
            ],
            [
              14.2371685,
              48.2208251
            ],
            [
              14.2371078,
              48.2208908
            ],
            [
              14.2370085,
              48.2209983
            ],
            [
              14.2369794,
              48.2210302
            ],
            [
              14.2369329,
              48.2210811
            ],
            [
              14.2368406,
              48.2211912
            ],
            [
              14.2367984,
              48.2212339
            ],
            [
              14.2367178,
              48.2213227
            ],
            [
              14.2366203,
              48.2214302
            ],
            [
              14.2364371,
              48.2216359
            ],
            [
              14.2363518,
              48.2217368
            ],
            [
              14.2363116,
              48.2217844
            ],
            [
              14.2361873,
              48.2219397
            ],
            [
              14.2360867,
              48.2220776
            ],
            [
              14.2360085,
              48.2221826
            ],
            [
              14.2359214,
              48.2223072
            ],
            [
              14.2358484,
              48.2224318
            ],
            [
              14.2357587,
              48.2225906
            ],
            [
              14.2356703,
              48.2227511
            ],
            [
              14.2355986,
              48.2229098
            ],
            [
              14.2355269,
              48.2230754
            ],
            [
              14.2354802,
              48.2232139
            ],
            [
              14.2354311,
              48.2233706
            ],
            [
              14.235376,
              48.2235072
            ],
            [
              14.2352377,
              48.2238503
            ],
            [
              14.2351698,
              48.2240201
            ],
            [
              14.235098,
              48.2242249
            ],
            [
              14.2350429,
              48.2244511
            ],
            [
              14.2349815,
              48.2247225
            ],
            [
              14.234902,
              48.2250596
            ],
            [
              14.2348662,
              48.2251868
            ],
            [
              14.2348252,
              48.2253233
            ],
            [
              14.2347752,
              48.2254625
            ],
            [
              14.2347086,
              48.2256212
            ],
            [
              14.2346343,
              48.2257782
            ],
            [
              14.2345331,
              48.2259805
            ],
            [
              14.234478,
              48.2260795
            ],
            [
              14.2344652,
              48.2261196
            ],
            [
              14.2344615,
              48.2261385
            ],
            [
              14.2344511,
              48.2261921
            ],
            [
              14.2344485,
              48.2262561
            ],
            [
              14.2344575,
              48.2263056
            ],
            [
              14.2344697,
              48.2263406
            ],
            [
              14.2344896,
              48.2263975
            ],
            [
              14.2345119,
              48.226461
            ],
            [
              14.2345577,
              48.2265919
            ],
            [
              14.2345686,
              48.2266277
            ],
            [
              14.2346731,
              48.2269901
            ],
            [
              14.234676,
              48.2270626
            ],
            [
              14.2346689,
              48.2271379
            ],
            [
              14.2346449,
              48.2272132
            ],
            [
              14.2345544,
              48.2273741
            ],
            [
              14.2343863,
              48.227665
            ],
            [
              14.2342817,
              48.2278354
            ],
            [
              14.2340938,
              48.2281008
            ],
            [
              14.2339808,
              48.2282693
            ],
            [
              14.2339378,
              48.2283383
            ],
            [
              14.2338988,
              48.2284011
            ],
            [
              14.2338564,
              48.2284933
            ],
            [
              14.2338197,
              48.2285818
            ],
            [
              14.2338141,
              48.228611
            ],
            [
              14.2337886,
              48.2286966
            ],
            [
              14.2337787,
              48.2287814
            ],
            [
              14.2337747,
              48.2288526
            ],
            [
              14.2337727,
              48.229031
            ],
            [
              14.2337887,
              48.2292174
            ],
            [
              14.2338266,
              48.2294889
            ],
            [
              14.233836,
              48.2295642
            ],
            [
              14.2338546,
              48.2297139
            ],
            [
              14.2338902,
              48.2299135
            ],
            [
              14.2339169,
              48.2300788
            ],
            [
              14.2339668,
              48.2302852
            ],
            [
              14.2340188,
              48.2304822
            ],
            [
              14.2341387,
              48.2308535
            ],
            [
              14.2342043,
              48.2310029
            ],
            [
              14.2342426,
              48.2310931
            ],
            [
              14.2343093,
              48.2312817
            ],
            [
              14.234339,
              48.2314062
            ],
            [
              14.2343619,
              48.2315202
            ],
            [
              14.2343837,
              48.2316607
            ],
            [
              14.2343979,
              48.2318152
            ],
            [
              14.2344259,
              48.2319791
            ],
            [
              14.2344406,
              48.2321269
            ],
            [
              14.2344451,
              48.2321664
            ],
            [
              14.2344718,
              48.2323299
            ],
            [
              14.2345246,
              48.2325419
            ],
            [
              14.2345748,
              48.2327082
            ],
            [
              14.2346362,
              48.2329234
            ],
            [
              14.2346889,
              48.233134
            ],
            [
              14.2347123,
              48.2332274
            ],
            [
              14.2347447,
              48.2333308
            ],
            [
              14.2347934,
              48.2334602
            ],
            [
              14.2348653,
              48.2336002
            ],
            [
              14.2350639,
              48.2339731
            ],
            [
              14.2351236,
              48.2340865
            ],
            [
              14.2351617,
              48.2341606
            ],
            [
              14.2352007,
              48.2342298
            ],
            [
              14.2352587,
              48.2343464
            ],
            [
              14.2352792,
              48.2343879
            ],
            [
              14.2353297,
              48.2344827
            ],
            [
              14.2353787,
              48.2346115
            ],
            [
              14.2354126,
              48.2347253
            ],
            [
              14.2354464,
              48.2348424
            ],
            [
              14.2354767,
              48.234969
            ],
            [
              14.2355368,
              48.2352792
            ],
            [
              14.2355567,
              48.2353936
            ],
            [
              14.2355685,
              48.2354614
            ],
            [
              14.2355825,
              48.2355422
            ],
            [
              14.2355856,
              48.2355606
            ],
            [
              14.2355954,
              48.2356664
            ],
            [
              14.2356,
              48.2357056
            ],
            [
              14.2355972,
              48.235722
            ],
            [
              14.2355991,
              48.2357786
            ],
            [
              14.2356057,
              48.2359277
            ],
            [
              14.2355874,
              48.2360733
            ],
            [
              14.2355642,
              48.2362403
            ],
            [
              14.2354997,
              48.2364715
            ],
            [
              14.235377,
              48.2367266
            ],
            [
              14.2352356,
              48.2369926
            ],
            [
              14.2351126,
              48.237231
            ],
            [
              14.2350115,
              48.2374579
            ],
            [
              14.2349844,
              48.2375187
            ],
            [
              14.2348427,
              48.2378333
            ],
            [
              14.2348009,
              48.2379233
            ],
            [
              14.2347741,
              48.237981
            ],
            [
              14.2347431,
              48.2380479
            ],
            [
              14.2347111,
              48.2381218
            ],
            [
              14.2346812,
              48.2381907
            ],
            [
              14.2346229,
              48.2384705
            ],
            [
              14.2345991,
              48.2386889
            ],
            [
              14.2345896,
              48.2388229
            ],
            [
              14.234596,
              48.2391863
            ],
            [
              14.2346068,
              48.2393957
            ],
            [
              14.2346372,
              48.2395899
            ],
            [
              14.2346759,
              48.2397633
            ],
            [
              14.2347293,
              48.2399757
            ],
            [
              14.2347881,
              48.2401753
            ],
            [
              14.2348474,
              48.2403332
            ],
            [
              14.2349008,
              48.2404717
            ],
            [
              14.2350182,
              48.2407184
            ],
            [
              14.2351171,
              48.2409016
            ],
            [
              14.2352295,
              48.2410809
            ],
            [
              14.2353602,
              48.2412722
            ],
            [
              14.235504,
              48.2414597
            ],
            [
              14.2356893,
              48.2416671
            ],
            [
              14.235858,
              48.2418378
            ],
            [
              14.2360621,
              48.2420401
            ],
            [
              14.2363101,
              48.2422749
            ],
            [
              14.2365041,
              48.2424547
            ],
            [
              14.2366897,
              48.2426299
            ],
            [
              14.2370133,
              48.2429859
            ],
            [
              14.2371992,
              48.2431835
            ],
            [
              14.2377542,
              48.2437778
            ],
            [
              14.2379668,
              48.2440171
            ],
            [
              14.2381878,
              48.2442784
            ],
            [
              14.2383057,
              48.2444083
            ],
            [
              14.2383411,
              48.2444472
            ],
            [
              14.2384273,
              48.2445463
            ],
            [
              14.2384659,
              48.2445907
            ],
            [
              14.2386791,
              48.2448198
            ],
            [
              14.2392309,
              48.2454044
            ],
            [
              14.2396752,
              48.2458733
            ],
            [
              14.240107,
              48.2463315
            ],
            [
              14.2404528,
              48.2467109
            ],
            [
              14.2405239,
              48.2467983
            ],
            [
              14.2405752,
              48.2468613
            ],
            [
              14.2406135,
              48.2469084
            ],
            [
              14.2407055,
              48.2470295
            ],
            [
              14.2409636,
              48.2473342
            ],
            [
              14.2410618,
              48.2474351
            ],
            [
              14.2412632,
              48.2476545
            ],
            [
              14.2413374,
              48.2477354
            ],
            [
              14.2414203,
              48.2478257
            ],
            [
              14.2414504,
              48.2478588
            ],
            [
              14.2415291,
              48.2479454
            ],
            [
              14.2415619,
              48.2479814
            ],
            [
              14.2418266,
              48.2482657
            ],
            [
              14.2420407,
              48.2484952
            ],
            [
              14.2421915,
              48.2486715
            ],
            [
              14.2423781,
              48.2488738
            ],
            [
              14.2425477,
              48.2490453
            ],
            [
              14.242729,
              48.2492112
            ],
            [
              14.2428952,
              48.2493429
            ],
            [
              14.2430588,
              48.2494627
            ],
            [
              14.243181,
              48.2495622
            ],
            [
              14.2433685,
              48.2496989
            ],
            [
              14.2436142,
              48.2498726
            ],
            [
              14.243852,
              48.2500458
            ],
            [
              14.2439386,
              48.2501088
            ],
            [
              14.2439848,
              48.2501479
            ],
            [
              14.2440256,
              48.2501823
            ],
            [
              14.2441185,
              48.2502607
            ],
            [
              14.2442831,
              48.250426
            ],
            [
              14.2444238,
              48.2505702
            ],
            [
              14.2445441,
              48.2506943
            ],
            [
              14.244686,
              48.2508546
            ],
            [
              14.244871,
              48.25103
            ],
            [
              14.2450686,
              48.2511987
            ],
            [
              14.2453042,
              48.2513961
            ],
            [
              14.2455981,
              48.251607
            ],
            [
              14.2458635,
              48.2518019
            ],
            [
              14.246084,
              48.251972
            ],
            [
              14.2462127,
              48.2521023
            ],
            [
              14.2463157,
              48.2522223
            ],
            [
              14.2468432,
              48.2531343
            ],
            [
              14.2469976,
              48.2534005
            ],
            [
              14.2471308,
              48.2536243
            ],
            [
              14.247253,
              48.2537986
            ],
            [
              14.2473137,
              48.2538781
            ],
            [
              14.2473165,
              48.2538815
            ],
            [
              14.2475034,
              48.2541081
            ],
            [
              14.247643,
              48.2542595
            ],
            [
              14.2477772,
              48.2543996
            ],
            [
              14.2479912,
              48.2545955
            ],
            [
              14.2480746,
              48.2546679
            ],
            [
              14.2482326,
              48.2547983
            ],
            [
              14.2484469,
              48.2549618
            ],
            [
              14.24868,
              48.2551299
            ],
            [
              14.2489425,
              48.2552951
            ],
            [
              14.2492762,
              48.2555144
            ],
            [
              14.2500885,
              48.2560289
            ],
            [
              14.250202,
              48.2560954
            ],
            [
              14.2503183,
              48.2561596
            ],
            [
              14.2504334,
              48.2562094
            ],
            [
              14.2504847,
              48.2562317
            ],
            [
              14.2505328,
              48.2562466
            ],
            [
              14.2508694,
              48.2563591
            ],
            [
              14.2509826,
              48.2563979
            ],
            [
              14.2510663,
              48.2564285
            ],
            [
              14.2511912,
              48.2564835
            ],
            [
              14.2514053,
              48.2566139
            ],
            [
              14.2519181,
              48.2569777
            ],
            [
              14.2521061,
              48.2570795
            ],
            [
              14.2523315,
              48.2572005
            ],
            [
              14.2524101,
              48.2572537
            ],
            [
              14.2527666,
              48.2574944
            ],
            [
              14.253749,
              48.2582136
            ],
            [
              14.2540284,
              48.2584487
            ],
            [
              14.2552764,
              48.2595139
            ],
            [
              14.2556458,
              48.2598194
            ],
            [
              14.2557195,
              48.2598752
            ],
            [
              14.255843,
              48.2599686
            ],
            [
              14.256148,
              48.2602229
            ],
            [
              14.2565076,
              48.2605412
            ],
            [
              14.2568655,
              48.2608447
            ],
            [
              14.2575428,
              48.2614376
            ],
            [
              14.2579671,
              48.2618356
            ],
            [
              14.2584034,
              48.2622287
            ],
            [
              14.2586137,
              48.2624036
            ],
            [
              14.2588014,
              48.26256
            ],
            [
              14.25883,
              48.2625839
            ],
            [
              14.2592106,
              48.2629101
            ],
            [
              14.2594303,
              48.2631134
            ],
            [
              14.2597158,
              48.2633795
            ],
            [
              14.2609397,
              48.2644808
            ],
            [
              14.2611001,
              48.2646302
            ],
            [
              14.2612416,
              48.264762
            ],
            [
              14.2616603,
              48.2651307
            ],
            [
              14.2627319,
              48.2659881
            ],
            [
              14.2633248,
              48.2664714
            ],
            [
              14.2644429,
              48.2673881
            ],
            [
              14.2645481,
              48.2674838
            ],
            [
              14.2650046,
              48.267851
            ],
            [
              14.2651734,
              48.2679823
            ],
            [
              14.2653438,
              48.2681147
            ],
            [
              14.2657982,
              48.2684714
            ],
            [
              14.2659882,
              48.2686223
            ],
            [
              14.266218,
              48.2687914
            ],
            [
              14.2666932,
              48.2691611
            ],
            [
              14.2671874,
              48.269552
            ],
            [
              14.2676961,
              48.2699512
            ],
            [
              14.2681908,
              48.2703435
            ],
            [
              14.2685008,
              48.2705914
            ],
            [
              14.2687213,
              48.2707992
            ],
            [
              14.2690896,
              48.2711201
            ],
            [
              14.2691355,
              48.2711608
            ],
            [
              14.2691968,
              48.2712077
            ],
            [
              14.2693283,
              48.2713035
            ],
            [
              14.2694658,
              48.2714036
            ],
            [
              14.26953,
              48.2714585
            ],
            [
              14.2699814,
              48.2718863
            ],
            [
              14.270431,
              48.2722974
            ],
            [
              14.2711841,
              48.2729861
            ],
            [
              14.2717327,
              48.2734811
            ],
            [
              14.2722787,
              48.274003
            ],
            [
              14.2728231,
              48.2745154
            ],
            [
              14.2729485,
              48.2746342
            ],
            [
              14.2730567,
              48.2747211
            ],
            [
              14.2733333,
              48.2749363
            ],
            [
              14.2734448,
              48.2750136
            ],
            [
              14.2736014,
              48.2751213
            ],
            [
              14.273755,
              48.2752086
            ],
            [
              14.2738059,
              48.2752471
            ],
            [
              14.2738964,
              48.2753076
            ],
            [
              14.2739804,
              48.2753793
            ],
            [
              14.274026,
              48.2754236
            ],
            [
              14.2740729,
              48.2754818
            ],
            [
              14.2740951,
              48.2755187
            ],
            [
              14.2741301,
              48.2755968
            ],
            [
              14.2741559,
              48.2756498
            ],
            [
              14.2741783,
              48.2757082
            ],
            [
              14.2741959,
              48.275768
            ],
            [
              14.2742043,
              48.2758076
            ],
            [
              14.2742119,
              48.2758867
            ],
            [
              14.2742149,
              48.2759603
            ],
            [
              14.2742034,
              48.2760556
            ],
            [
              14.2741381,
              48.2764304
            ],
            [
              14.2741372,
              48.2765153
            ],
            [
              14.2741579,
              48.2765808
            ],
            [
              14.2741778,
              48.2766558
            ],
            [
              14.2742221,
              48.27674
            ],
            [
              14.2742816,
              48.2768288
            ],
            [
              14.2743738,
              48.2769257
            ],
            [
              14.2744623,
              48.276999
            ],
            [
              14.2745531,
              48.2770639
            ],
            [
              14.2746627,
              48.2771222
            ],
            [
              14.2747863,
              48.277178
            ],
            [
              14.2749754,
              48.2772482
            ],
            [
              14.2751966,
              48.2773249
            ],
            [
              14.2753967,
              48.2773997
            ],
            [
              14.2755966,
              48.2774794
            ],
            [
              14.2757096,
              48.2775348
            ],
            [
              14.2757848,
              48.2775707
            ],
            [
              14.2758844,
              48.2776198
            ],
            [
              14.275978,
              48.2776697
            ],
            [
              14.2760702,
              48.2777207
            ],
            [
              14.2761537,
              48.2777669
            ],
            [
              14.2766068,
              48.2780509
            ],
            [
              14.2766387,
              48.2780724
            ],
            [
              14.2780684,
              48.2789455
            ],
            [
              14.2788939,
              48.2794577
            ],
            [
              14.2794766,
              48.2798516
            ],
            [
              14.2796454,
              48.2799702
            ],
            [
              14.2797285,
              48.2800283
            ],
            [
              14.280181,
              48.2803397
            ],
            [
              14.28023,
              48.2803713
            ],
            [
              14.2802401,
              48.2803773
            ],
            [
              14.2802846,
              48.2804083
            ],
            [
              14.2803854,
              48.2804786
            ],
            [
              14.2806063,
              48.2806591
            ],
            [
              14.2807961,
              48.2808341
            ],
            [
              14.2809836,
              48.2810093
            ],
            [
              14.281275,
              48.2812857
            ],
            [
              14.2815057,
              48.281499
            ],
            [
              14.2816854,
              48.2816476
            ],
            [
              14.2819946,
              48.2818743
            ],
            [
              14.2822608,
              48.2820465
            ],
            [
              14.2835234,
              48.2827601
            ],
            [
              14.2840689,
              48.2830769
            ],
            [
              14.2846337,
              48.2833709
            ],
            [
              14.2853787,
              48.2838419
            ],
            [
              14.2859519,
              48.2842806
            ],
            [
              14.2866296,
              48.2848688
            ],
            [
              14.2872629,
              48.285431
            ],
            [
              14.2877854,
              48.2858949
            ],
            [
              14.2880362,
              48.2860888
            ],
            [
              14.2884854,
              48.2864237
            ],
            [
              14.2895228,
              48.2871859
            ],
            [
              14.2900211,
              48.2875603
            ],
            [
              14.2903905,
              48.2878708
            ],
            [
              14.2906125,
              48.288081
            ],
            [
              14.2908143,
              48.2882894
            ],
            [
              14.2911934,
              48.2887103
            ],
            [
              14.2915298,
              48.2891589
            ],
            [
              14.2916632,
              48.2893544
            ],
            [
              14.2918326,
              48.2896294
            ],
            [
              14.2918953,
              48.289741
            ],
            [
              14.2921048,
              48.2901581
            ],
            [
              14.2921481,
              48.290236
            ],
            [
              14.2921755,
              48.2902739
            ],
            [
              14.2921906,
              48.2903109
            ],
            [
              14.2921967,
              48.2903357
            ],
            [
              14.2921977,
              48.2903714
            ],
            [
              14.2921864,
              48.2904123
            ],
            [
              14.2921675,
              48.2904354
            ],
            [
              14.292147,
              48.2904557
            ],
            [
              14.2920488,
              48.2904923
            ],
            [
              14.2919754,
              48.2905255
            ],
            [
              14.291912,
              48.2905603
            ],
            [
              14.2918389,
              48.2906032
            ],
            [
              14.2917913,
              48.2906355
            ],
            [
              14.2917739,
              48.2906558
            ],
            [
              14.2917484,
              48.2906926
            ],
            [
              14.2917285,
              48.2907159
            ],
            [
              14.2916463,
              48.2907912
            ],
            [
              14.2910971,
              48.2912755
            ],
            [
              14.2909473,
              48.2914238
            ],
            [
              14.2908974,
              48.2914857
            ],
            [
              14.2908626,
              48.291541
            ],
            [
              14.2908448,
              48.291584
            ],
            [
              14.2908314,
              48.2916313
            ],
            [
              14.2908264,
              48.2916715
            ],
            [
              14.2908324,
              48.2917156
            ],
            [
              14.2908432,
              48.2917455
            ],
            [
              14.2909297,
              48.2918722
            ],
            [
              14.2909887,
              48.2919407
            ],
            [
              14.2920888,
              48.2932409
            ],
            [
              14.2921823,
              48.2933759
            ],
            [
              14.2924107,
              48.2937344
            ],
            [
              14.2925547,
              48.2939498
            ],
            [
              14.2926527,
              48.2940963
            ],
            [
              14.2927462,
              48.2942513
            ],
            [
              14.2928301,
              48.294423
            ],
            [
              14.2928941,
              48.2945703
            ],
            [
              14.2929411,
              48.2946963
            ],
            [
              14.2929644,
              48.2948138
            ],
            [
              14.2929678,
              48.2949344
            ],
            [
              14.2929604,
              48.2949951
            ],
            [
              14.2929418,
              48.2950589
            ],
            [
              14.2929096,
              48.2951348
            ],
            [
              14.2928654,
              48.2952068
            ],
            [
              14.2928117,
              48.295281
            ],
            [
              14.2927478,
              48.2953536
            ],
            [
              14.2925914,
              48.295522
            ],
            [
              14.292123,
              48.2960266
            ],
            [
              14.2920701,
              48.296085
            ],
            [
              14.2920641,
              48.2960925
            ],
            [
              14.2920259,
              48.2961487
            ],
            [
              14.2920153,
              48.2961668
            ],
            [
              14.2920071,
              48.2961809
            ],
            [
              14.2919628,
              48.2962623
            ],
            [
              14.2919365,
              48.2963061
            ],
            [
              14.2919094,
              48.296364
            ],
            [
              14.2918885,
              48.2964155
            ],
            [
              14.2918676,
              48.2964803
            ],
            [
              14.2917053,
              48.2971852
            ],
            [
              14.2916936,
              48.2972361
            ],
            [
              14.2916526,
              48.2974143
            ],
            [
              14.2916435,
              48.2974624
            ],
            [
              14.2914847,
              48.2983037
            ],
            [
              14.2914693,
              48.2983869
            ],
            [
              14.2914424,
              48.2985304
            ],
            [
              14.2914214,
              48.2986369
            ],
            [
              14.291357,
              48.2989807
            ],
            [
              14.2913078,
              48.2993275
            ],
            [
              14.2913044,
              48.2993513
            ],
            [
              14.2912958,
              48.2993976
            ],
            [
              14.2912758,
              48.2995048
            ],
            [
              14.29125,
              48.2996111
            ],
            [
              14.2911962,
              48.2997621
            ],
            [
              14.291096,
              48.3000464
            ],
            [
              14.2910698,
              48.3001067
            ],
            [
              14.2910358,
              48.3001851
            ],
            [
              14.2910203,
              48.3002155
            ],
            [
              14.2909636,
              48.3003277
            ],
            [
              14.2909438,
              48.3003623
            ],
            [
              14.2909223,
              48.3003999
            ],
            [
              14.2907421,
              48.3007131
            ],
            [
              14.2906645,
              48.30084
            ],
            [
              14.2906454,
              48.3008724
            ],
            [
              14.2906255,
              48.3009061
            ],
            [
              14.2905785,
              48.300984
            ],
            [
              14.2903914,
              48.3012942
            ],
            [
              14.2901738,
              48.3016474
            ],
            [
              14.2899765,
              48.3019137
            ],
            [
              14.2897701,
              48.3021678
            ],
            [
              14.2896215,
              48.3023565
            ],
            [
              14.2892966,
              48.3027899
            ],
            [
              14.289118,
              48.3030072
            ],
            [
              14.2890567,
              48.3030814
            ],
            [
              14.2889046,
              48.3032594
            ],
            [
              14.2888547,
              48.3033178
            ],
            [
              14.2887063,
              48.3034878
            ],
            [
              14.2885531,
              48.3036564
            ],
            [
              14.2884039,
              48.3038115
            ],
            [
              14.2883161,
              48.3039034
            ],
            [
              14.2882259,
              48.303983
            ],
            [
              14.2881374,
              48.3040515
            ],
            [
              14.2881222,
              48.3040632
            ],
            [
              14.2880861,
              48.304091
            ],
            [
              14.2880316,
              48.304132
            ],
            [
              14.2879543,
              48.3041929
            ],
            [
              14.2878999,
              48.3042418
            ],
            [
              14.2876882,
              48.3044537
            ],
            [
              14.2874525,
              48.3046865
            ],
            [
              14.2872238,
              48.3049184
            ],
            [
              14.287187,
              48.3049631
            ],
            [
              14.2871746,
              48.3049798
            ],
            [
              14.2871681,
              48.3049887
            ],
            [
              14.2871388,
              48.3050286
            ],
            [
              14.2871276,
              48.3050437
            ],
            [
              14.2870973,
              48.3050895
            ],
            [
              14.2868431,
              48.305513
            ],
            [
              14.2867506,
              48.3056598
            ],
            [
              14.2866767,
              48.3057692
            ],
            [
              14.2865476,
              48.3059495
            ],
            [
              14.2864745,
              48.3060466
            ],
            [
              14.2863792,
              48.3061769
            ],
            [
              14.2862834,
              48.3063108
            ],
            [
              14.2861768,
              48.3064602
            ],
            [
              14.286149,
              48.3064991
            ],
            [
              14.2860566,
              48.3066204
            ],
            [
              14.2860481,
              48.3066315
            ],
            [
              14.2859026,
              48.3068258
            ],
            [
              14.2858538,
              48.3068914
            ],
            [
              14.2857997,
              48.3069658
            ],
            [
              14.285607,
              48.3072282
            ],
            [
              14.2848669,
              48.3082236
            ],
            [
              14.2841081,
              48.3092715
            ],
            [
              14.2839436,
              48.3094904
            ],
            [
              14.2837121,
              48.3098128
            ],
            [
              14.283559,
              48.3100162
            ],
            [
              14.2834892,
              48.3101158
            ],
            [
              14.2834174,
              48.3102149
            ],
            [
              14.2833403,
              48.3103294
            ],
            [
              14.2832668,
              48.3104428
            ],
            [
              14.283121,
              48.3106674
            ],
            [
              14.2830433,
              48.3107833
            ],
            [
              14.2830017,
              48.3108493
            ],
            [
              14.2829739,
              48.3108924
            ],
            [
              14.2829464,
              48.3109378
            ],
            [
              14.2829247,
              48.3109737
            ],
            [
              14.2829123,
              48.3109998
            ],
            [
              14.2829055,
              48.3110164
            ],
            [
              14.2829001,
              48.3110356
            ],
            [
              14.2828938,
              48.3110643
            ],
            [
              14.2828865,
              48.3110986
            ],
            [
              14.2828779,
              48.3111482
            ],
            [
              14.2828638,
              48.311217
            ],
            [
              14.28285,
              48.3112663
            ],
            [
              14.2828449,
              48.3112814
            ],
            [
              14.2828382,
              48.3112996
            ],
            [
              14.2828138,
              48.3113555
            ],
            [
              14.2827858,
              48.311412
            ],
            [
              14.282681,
              48.311554
            ],
            [
              14.2826202,
              48.3116399
            ],
            [
              14.2825408,
              48.3117472
            ],
            [
              14.2824985,
              48.3118208
            ],
            [
              14.2824317,
              48.311948
            ],
            [
              14.2823722,
              48.312075
            ],
            [
              14.2822281,
              48.3124108
            ],
            [
              14.2821995,
              48.3124652
            ],
            [
              14.2821732,
              48.3125049
            ],
            [
              14.2821462,
              48.3125318
            ],
            [
              14.2821116,
              48.312556
            ],
            [
              14.2820676,
              48.3125741
            ],
            [
              14.2820328,
              48.3125831
            ],
            [
              14.2820036,
              48.3125871
            ],
            [
              14.2819834,
              48.3125878
            ],
            [
              14.2819568,
              48.3125868
            ],
            [
              14.2819139,
              48.3125845
            ],
            [
              14.2818571,
              48.3125703
            ],
            [
              14.280999,
              48.3122487
            ],
            [
              14.2808714,
              48.3122009
            ],
            [
              14.2804535,
              48.3120442
            ],
            [
              14.2801889,
              48.3119451
            ],
            [
              14.2800804,
              48.3119044
            ],
            [
              14.2799455,
              48.3118539
            ],
            [
              14.2797975,
              48.3117989
            ],
            [
              14.278812,
              48.31143
            ],
            [
              14.2785369,
              48.3113506
            ],
            [
              14.2785088,
              48.3113437
            ],
            [
              14.2784186,
              48.3113245
            ],
            [
              14.2783526,
              48.3113091
            ],
            [
              14.2782934,
              48.3112945
            ],
            [
              14.2781823,
              48.3112617
            ],
            [
              14.2776798,
              48.3110704
            ],
            [
              14.2775865,
              48.3110432
            ]
          ],
          [
            [
              14.2785331,
              48.311364
            ],
            [
              14.2784996,
              48.3113512
            ],
            [
              14.2784385,
              48.3113378
            ],
            [
              14.2783483,
              48.311317
            ],
            [
              14.2782447,
              48.3112898
            ],
            [
              14.2781474,
              48.3112597
            ],
            [
              14.2779174,
              48.3111776
            ],
            [
              14.2776964,
              48.3110939
            ],
            [
              14.2775677,
              48.3110548
            ],
            [
              14.2774424,
              48.3110231
            ],
            [
              14.277436,
              48.311035
            ],
            [
              14.2774299,
              48.311045
            ],
            [
              14.2775563,
              48.3110758
            ],
            [
              14.2776818,
              48.3111125
            ],
            [
              14.2779025,
              48.3111944
            ],
            [
              14.2781357,
              48.3112791
            ],
            [
              14.2782281,
              48.3113093
            ],
            [
              14.2783397,
              48.3113385
            ],
            [
              14.2784314,
              48.3113565
            ],
            [
              14.2784917,
              48.3113642
            ],
            [
              14.2785331,
              48.311364
            ]
          ],
          [
            [
              14.2801164,
              48.3119457
            ],
            [
              14.2805972,
              48.3121284
            ]
          ],
          [
            [
              14.2829454,
              48.3109886
            ],
            [
              14.282967,
              48.3109557
            ],
            [
              14.2830044,
              48.310898
            ],
            [
              14.2830496,
              48.3108298
            ],
            [
              14.2831417,
              48.3106909
            ]
          ],
          [
            [
              14.2861414,
              48.3065472
            ],
            [
              14.2862011,
              48.3064671
            ],
            [
              14.2864103,
              48.3061863
            ]
          ],
          [
            [
              14.288259,
              48.3039731
            ],
            [
              14.2882718,
              48.3039791
            ],
            [
              14.2884787,
              48.3037718
            ],
            [
              14.2884699,
              48.3037675
            ]
          ],
          [
            [
              14.290925,
              48.3004884
            ],
            [
              14.2907888,
              48.300725
            ]
          ],
          [
            [
              14.291593,
              48.2983164
            ],
            [
              14.2916383,
              48.2980783
            ]
          ],
          [
            [
              14.2920947,
              48.2961038
            ],
            [
              14.2921732,
              48.2960164
            ],
            [
              14.2926208,
              48.2955337
            ]
          ],
          [
            [
              14.2917114,
              48.2907446
            ],
            [
              14.2915733,
              48.2908692
            ],
            [
              14.2912744,
              48.2911351
            ],
            [
              14.2911279,
              48.2912665
            ],
            [
              14.2911669,
              48.2912846
            ],
            [
              14.291187,
              48.291294
            ],
            [
              14.2913981,
              48.2911815
            ],
            [
              14.2913916,
              48.2911745
            ],
            [
              14.2913813,
              48.2911623
            ],
            [
              14.2913696,
              48.2911484
            ],
            [
              14.291359,
              48.291136
            ],
            [
              14.2915648,
              48.2909265
            ],
            [
              14.2916079,
              48.2909079
            ],
            [
              14.2916538,
              48.2908899
            ],
            [
              14.2916203,
              48.2908511
            ],
            [
              14.2916496,
              48.2908399
            ],
            [
              14.2917396,
              48.2907584
            ],
            [
              14.2917114,
              48.2907446
            ]
          ],
          [
            [
              14.2801972,
              48.2803099
            ],
            [
              14.2798685,
              48.2800836
            ],
            [
              14.2796781,
              48.279949
            ],
            [
              14.2796686,
              48.2799432
            ]
          ],
          [
            [
              14.2766643,
              48.2780527
            ],
            [
              14.2765683,
              48.2779938
            ],
            [
              14.2761991,
              48.2777685
            ],
            [
              14.2760936,
              48.2777018
            ]
          ],
          [
            [
              14.2733256,
              48.274904
            ],
            [
              14.2734652,
              48.2750003
            ],
            [
              14.2736269,
              48.2751028
            ],
            [
              14.2737739,
              48.2751938
            ],
            [
              14.2738332,
              48.2752272
            ]
          ],
          [
            [
              14.2687439,
              48.2707737
            ],
            [
              14.2688508,
              48.2708681
            ],
            [
              14.2690256,
              48.2710225
            ],
            [
              14.2691654,
              48.271146
            ]
          ],
          [
            [
              14.2658207,
              48.2684565
            ],
            [
              14.2654697,
              48.2681787
            ],
            [
              14.2653701,
              48.2680998
            ]
          ],
          [
            [
              14.2592336,
              48.262897
            ],
            [
              14.2588381,
              48.2625416
            ]
          ],
          [
            [
              14.2553045,
              48.2595001
            ],
            [
              14.2556666,
              48.2598066
            ],
            [
              14.2557497,
              48.2598603
            ]
          ],
          [
            [
              14.2527959,
              48.2574878
            ],
            [
              14.2523622,
              48.2571816
            ]
          ],
          [
            [
              14.2445758,
              48.2506815
            ],
            [
              14.2443579,
              48.2504605
            ],
            [
              14.2441552,
              48.2502657
            ],
            [
              14.2440142,
              48.2501332
            ]
          ],
          [
            [
              14.2414828,
              48.2478453
            ],
            [
              14.2410439,
              48.2473677
            ]
          ],
          [
            [
              14.2372206,
              48.2431719
            ],
            [
              14.2368805,
              48.2428005
            ],
            [
              14.2368689,
              48.2427878
            ]
          ],
          [
            [
              14.2350385,
              48.2374912
            ],
            [
              14.2348242,
              48.2379908
            ]
          ],
          [
            [
              14.2351792,
              48.2340708
            ],
            [
              14.2350045,
              48.2337098
            ],
            [
              14.2349787,
              48.233661
            ]
          ],
          [
            [
              14.2347131,
              48.2270371
            ],
            [
              14.234706,
              48.2269844
            ],
            [
              14.2346969,
              48.226945
            ],
            [
              14.2346919,
              48.2269232
            ],
            [
              14.234595,
              48.2265859
            ]
          ],
          [
            [
              14.2363956,
              48.2217562
            ],
            [
              14.2367568,
              48.2213389
            ]
          ],
          [
            [
              14.2386967,
              48.2183466
            ],
            [
              14.238632,
              48.2184379
            ],
            [
              14.2385462,
              48.2185711
            ],
            [
              14.2384539,
              48.218717
            ],
            [
              14.2383849,
              48.2188425
            ]
          ]
        ]
      },
      "id": "relation/6576220"
    }
  ]
}