{
  "type": "FeatureCollection",
  "features": [
    {
      "type": "Feature",
      "properties": {
        "@id": "relation/403067",
        "colour": "#ff7d24",
        "from": "Fernheizkraftwerk",
        "name": "Bus 17: Fernheizkraftwerk => Hitzing",
        "network": "Oberösterreichischer Verkehrsverbund",
        "network:short": "OÖVV",
        "network:wikidata": "Q2011605",
        "network:wikipedia": "de:Oberösterreichischer Verkehrsverbund",
        "operator": "Linz Linien GmbH",
        "public_transport:version": "2",
        "ref": "17",
        "route": "bus",
        "to": "Hitzing",
        "type": "route"
      },
      "geometry": {
        "type": "MultiLineString",
        "coordinates": [
          [
            [
              14.2004249,
              48.2722681
            ],
            [
              14.200549,
              48.2723112
            ],
            [
              14.2006271,
              48.2723383
            ]
          ],
          [
            [
              14.2003914,
              48.2722316
            ],
            [
              14.2004249,
              48.2722681
            ],
            [
              14.2004308,
              48.2723108
            ],
            [
              14.2004078,
              48.2723508
            ],
            [
              14.2003765,
              48.2723729
            ],
            [
              14.2003363,
              48.2723873
            ],
            [
              14.2002913,
              48.2723925
            ],
            [
              14.2002462,
              48.2723879
            ],
            [
              14.2002056,
              48.2723741
            ],
            [
              14.2001759,
              48.2723545
            ],
            [
              14.2001561,
              48.27233
            ],
            [
              14.2001479,
              48.2723027
            ],
            [
              14.2001519,
              48.272275
            ],
            [
              14.2001679,
              48.2722493
            ],
            [
              14.2002126,
              48.2722184
            ],
            [
              14.2002731,
              48.2722039
            ],
            [
              14.2003371,
              48.2722086
            ],
            [
              14.2003676,
              48.2722183
            ],
            [
              14.2003914,
              48.2722316
            ]
          ],
          [
            [
              14.2004078,
              48.2723508
            ],
            [
              14.2005121,
              48.2724229
            ],
            [
              14.2006552,
              48.2725397
            ],
            [
              14.2007665,
              48.2726164
            ],
            [
              14.2009402,
              48.2727231
            ],
            [
              14.2012741,
              48.2729123
            ],
            [
              14.2013673,
              48.2729677
            ],
            [
              14.2015531,
              48.273065
            ],
            [
              14.201957,
              48.2732567
            ],
            [
              14.2021827,
              48.2733533
            ],
            [
              14.2023095,
              48.2733997
            ],
            [
              14.2027574,
              48.2735474
            ],
            [
              14.2031094,
              48.273651
            ],
            [
              14.2033046,
              48.2737079
            ],
            [
              14.2046718,
              48.2740982
            ],
            [
              14.2052643,
              48.2742693
            ],
            [
              14.2053679,
              48.2742999
            ],
            [
              14.2056119,
              48.2743749
            ],
            [
              14.2058191,
              48.2744503
            ],
            [
              14.2060092,
              48.2745293
            ],
            [
              14.2061293,
              48.2745875
            ],
            [
              14.2062483,
              48.2746498
            ],
            [
              14.2063837,
              48.2747306
            ],
            [
              14.2066352,
              48.2748926
            ],
            [
              14.2067955,
              48.2749972
            ],
            [
              14.2071951,
              48.2752541
            ],
            [
              14.2074077,
              48.275381
            ],
            [
              14.207512,
              48.2754373
            ],
            [
              14.2076159,
              48.2754877
            ],
            [
              14.2077212,
              48.2755348
            ],
            [
              14.2078559,
              48.2755888
            ],
            [
              14.2079978,
              48.2756401
            ],
            [
              14.2081064,
              48.2756736
            ],
            [
              14.2082573,
              48.2757115
            ],
            [
              14.2085301,
              48.2757733
            ],
            [
              14.2086153,
              48.2757945
            ],
            [
              14.2088111,
              48.2758382
            ],
            [
              14.2090284,
              48.275894
            ],
            [
              14.2094321,
              48.2760109
            ],
            [
              14.2097532,
              48.2761075
            ],
            [
              14.2103527,
              48.2762903
            ],
            [
              14.2109522,
              48.2764737
            ],
            [
              14.2115054,
              48.276642
            ],
            [
              14.2118615,
              48.2767527
            ],
            [
              14.2120881,
              48.2768276
            ],
            [
              14.2122558,
              48.2768906
            ],
            [
              14.2124442,
              48.2769696
            ],
            [
              14.2126534,
              48.2770677
            ],
            [
              14.2128707,
              48.277186
            ],
            [
              14.2132958,
              48.2774408
            ],
            [
              14.2135265,
              48.2775867
            ],
            [
              14.213782,
              48.2777599
            ],
            [
              14.2138911,
              48.2778313
            ],
            [
              14.2139818,
              48.2778907
            ],
            [
              14.214128,
              48.2779826
            ],
            [
              14.2143053,
              48.2780854
            ],
            [
              14.2144465,
              48.2781571
            ],
            [
              14.214594,
              48.2782191
            ],
            [
              14.2147516,
              48.2782771
            ],
            [
              14.2148914,
              48.2783208
            ],
            [
              14.2150084,
              48.2783499
            ],
            [
              14.2150557,
              48.2783603
            ],
            [
              14.2152381,
              48.2783928
            ],
            [
              14.2154154,
              48.2784129
            ],
            [
              14.2154947,
              48.2784189
            ],
            [
              14.2159539,
              48.2784253
            ],
            [
              14.2160572,
              48.2784263
            ],
            [
              14.2162228,
              48.278428
            ],
            [
              14.2163455,
              48.2784288
            ],
            [
              14.2165332,
              48.2784351
            ],
            [
              14.2166238,
              48.2784413
            ],
            [
              14.2166613,
              48.2784445
            ],
            [
              14.2167847,
              48.2784601
            ],
            [
              14.2169421,
              48.2784856
            ],
            [
              14.2171728,
              48.2785324
            ],
            [
              14.2174846,
              48.2785936
            ],
            [
              14.2178784,
              48.2786783
            ],
            [
              14.2181263,
              48.278732
            ],
            [
              14.2183249,
              48.2787756
            ],
            [
              14.2185496,
              48.2788224
            ],
            [
              14.2187031,
              48.2788577
            ],
            [
              14.2189828,
              48.2789278
            ],
            [
              14.2192677,
              48.2790005
            ],
            [
              14.2194407,
              48.2790362
            ],
            [
              14.2194756,
              48.279042
            ],
            [
              14.2195111,
              48.2790472
            ],
            [
              14.2196023,
              48.279059
            ],
            [
              14.2196942,
              48.279069
            ],
            [
              14.2198692,
              48.2790804
            ],
            [
              14.2200523,
              48.2790799
            ],
            [
              14.2202166,
              48.2790697
            ],
            [
              14.2203929,
              48.2790487
            ],
            [
              14.2205451,
              48.2790219
            ],
            [
              14.2206873,
              48.2789878
            ],
            [
              14.2208181,
              48.2789494
            ],
            [
              14.2209525,
              48.2788996
            ],
            [
              14.2210967,
              48.2788378
            ],
            [
              14.2212097,
              48.2787814
            ],
            [
              14.2216935,
              48.2785243
            ],
            [
              14.2219231,
              48.2784025
            ],
            [
              14.2221189,
              48.2783017
            ],
            [
              14.2222825,
              48.2782267
            ],
            [
              14.2224509,
              48.278162
            ],
            [
              14.222648,
              48.2780964
            ],
            [
              14.2226945,
              48.2780838
            ],
            [
              14.22277,
              48.2780634
            ],
            [
              14.2228867,
              48.2780348
            ],
            [
              14.2233105,
              48.2779527
            ],
            [
              14.2237323,
              48.2778759
            ],
            [
              14.2241581,
              48.2778027
            ],
            [
              14.2243331,
              48.2777726
            ],
            [
              14.2245856,
              48.2777367
            ],
            [
              14.2248259,
              48.2777068
            ],
            [
              14.2250499,
              48.2776831
            ],
            [
              14.2253041,
              48.2776568
            ],
            [
              14.2255475,
              48.2776305
            ],
            [
              14.2257765,
              48.2775968
            ],
            [
              14.2261269,
              48.2775296
            ],
            [
              14.2261663,
              48.2775203
            ],
            [
              14.2265064,
              48.277435
            ],
            [
              14.2266217,
              48.277402
            ],
            [
              14.226854,
              48.2773328
            ],
            [
              14.2276714,
              48.2770845
            ],
            [
              14.228864,
              48.2767295
            ],
            [
              14.229092,
              48.2766665
            ],
            [
              14.2293042,
              48.2766206
            ],
            [
              14.2294139,
              48.2765987
            ],
            [
              14.2295788,
              48.2765768
            ],
            [
              14.2297424,
              48.2765634
            ],
            [
              14.2299121,
              48.2765545
            ],
            [
              14.2301039,
              48.2765518
            ],
            [
              14.2308747,
              48.2765603
            ],
            [
              14.2313566,
              48.2765694
            ],
            [
              14.2317564,
              48.2765766
            ],
            [
              14.2319196,
              48.2765806
            ],
            [
              14.2320002,
              48.2765826
            ],
            [
              14.2326862,
              48.2765889
            ],
            [
              14.2327213,
              48.276589
            ],
            [
              14.233008,
              48.2765933
            ],
            [
              14.2330878,
              48.2765938
            ],
            [
              14.233349,
              48.2765916
            ],
            [
              14.2335267,
              48.276586
            ],
            [
              14.2341419,
              48.2765509
            ],
            [
              14.2346301,
              48.2765268
            ],
            [
              14.2349397,
              48.2765227
            ],
            [
              14.2352085,
              48.2765317
            ],
            [
              14.2354268,
              48.2765501
            ],
            [
              14.2367678,
              48.2766691
            ],
            [
              14.2375992,
              48.2767343
            ],
            [
              14.2384838,
              48.2767994
            ],
            [
              14.2386032,
              48.2768082
            ],
            [
              14.2387913,
              48.276814
            ],
            [
              14.2389803,
              48.2768171
            ],
            [
              14.239157,
              48.2768128
            ],
            [
              14.2393142,
              48.2768066
            ],
            [
              14.2394509,
              48.2767952
            ],
            [
              14.2395579,
              48.2767863
            ],
            [
              14.2396119,
              48.2767823
            ],
            [
              14.2399247,
              48.2767517
            ],
            [
              14.2401292,
              48.2767239
            ],
            [
              14.241323,
              48.2765411
            ],
            [
              14.2414178,
              48.2765268
            ],
            [
              14.241663,
              48.276497
            ],
            [
              14.2417753,
              48.2764882
            ],
            [
              14.2418952,
              48.2764836
            ],
            [
              14.2419996,
              48.2764904
            ],
            [
              14.242102,
              48.2765066
            ],
            [
              14.2421887,
              48.2765248
            ],
            [
              14.242278,
              48.2765512
            ],
            [
              14.2423606,
              48.2765845
            ],
            [
              14.2424077,
              48.2766107
            ],
            [
              14.2424711,
              48.2766461
            ],
            [
              14.2425265,
              48.2766828
            ],
            [
              14.2425936,
              48.27673
            ],
            [
              14.2431525,
              48.2771883
            ],
            [
              14.2436448,
              48.2775546
            ],
            [
              14.2438602,
              48.2777051
            ],
            [
              14.2438955,
              48.2777298
            ],
            [
              14.2440438,
              48.2778301
            ],
            [
              14.2443651,
              48.2780473
            ],
            [
              14.2445069,
              48.278151
            ],
            [
              14.245136,
              48.2786105
            ],
            [
              14.2451965,
              48.2786547
            ],
            [
              14.2453467,
              48.2787626
            ],
            [
              14.2454549,
              48.2788262
            ],
            [
              14.2455563,
              48.2788858
            ],
            [
              14.2457131,
              48.2789779
            ],
            [
              14.2458093,
              48.2790344
            ],
            [
              14.2461572,
              48.2792195
            ],
            [
              14.2462264,
              48.2792564
            ],
            [
              14.2466414,
              48.2794604
            ],
            [
              14.2468449,
              48.2795542
            ],
            [
              14.2472111,
              48.2797019
            ],
            [
              14.2474611,
              48.2797928
            ],
            [
              14.2476476,
              48.2798583
            ],
            [
              14.2477461,
              48.2798943
            ],
            [
              14.247928,
              48.2799578
            ],
            [
              14.248094,
              48.2800168
            ],
            [
              14.2481622,
              48.2800429
            ],
            [
              14.2482781,
              48.2801178
            ],
            [
              14.2483592,
              48.2801975
            ],
            [
              14.2484005,
              48.2802446
            ],
            [
              14.2486605,
              48.2806531
            ],
            [
              14.2487073,
              48.2807267
            ],
            [
              14.2487197,
              48.2807463
            ],
            [
              14.2487297,
              48.2807619
            ],
            [
              14.2488396,
              48.2809347
            ],
            [
              14.2488707,
              48.2809836
            ],
            [
              14.2489857,
              48.2811589
            ],
            [
              14.2490514,
              48.2812412
            ],
            [
              14.2491379,
              48.2813287
            ],
            [
              14.2492375,
              48.2814165
            ],
            [
              14.2493744,
              48.2815136
            ],
            [
              14.249451,
              48.281564
            ],
            [
              14.2497229,
              48.281743
            ],
            [
              14.2497477,
              48.2817593
            ],
            [
              14.249847,
              48.281837
            ],
            [
              14.2498769,
              48.2818624
            ],
            [
              14.2500187,
              48.2819833
            ],
            [
              14.2501307,
              48.2820886
            ],
            [
              14.2502689,
              48.2822186
            ],
            [
              14.2502827,
              48.2822317
            ],
            [
              14.2504706,
              48.2824006
            ],
            [
              14.2504837,
              48.2824123
            ],
            [
              14.250513,
              48.2824387
            ],
            [
              14.2507415,
              48.2826443
            ],
            [
              14.2507875,
              48.2826856
            ],
            [
              14.2509497,
              48.2828315
            ],
            [
              14.2509886,
              48.2828665
            ],
            [
              14.2512061,
              48.2830622
            ],
            [
              14.2513798,
              48.2832182
            ],
            [
              14.2514321,
              48.2832651
            ],
            [
              14.2517014,
              48.2835071
            ],
            [
              14.2518561,
              48.2836465
            ],
            [
              14.2519874,
              48.2837816
            ],
            [
              14.2521305,
              48.283955
            ],
            [
              14.2523899,
              48.2842964
            ],
            [
              14.2524049,
              48.2843156
            ],
            [
              14.2524533,
              48.2843774
            ],
            [
              14.2525467,
              48.2844968
            ],
            [
              14.2526249,
              48.2845823
            ],
            [
              14.2534316,
              48.2852928
            ],
            [
              14.2537057,
              48.2855368
            ],
            [
              14.2538098,
              48.2856453
            ],
            [
              14.2539112,
              48.28574
            ],
            [
              14.2540194,
              48.2858243
            ],
            [
              14.2540991,
              48.2858864
            ],
            [
              14.2540691,
              48.2859074
            ],
            [
              14.2540469,
              48.2859357
            ],
            [
              14.2540382,
              48.2859629
            ],
            [
              14.2540393,
              48.2859873
            ],
            [
              14.2540503,
              48.2860142
            ],
            [
              14.2540728,
              48.2860398
            ],
            [
              14.2540212,
              48.2860708
            ],
            [
              14.2538878,
              48.2861524
            ],
            [
              14.253744,
              48.2862487
            ],
            [
              14.2536339,
              48.2863351
            ],
            [
              14.2535603,
              48.2863973
            ],
            [
              14.2534805,
              48.2864648
            ],
            [
              14.2533577,
              48.286589
            ],
            [
              14.2532618,
              48.2867051
            ],
            [
              14.253183,
              48.2868247
            ],
            [
              14.2531012,
              48.2869804
            ],
            [
              14.2527326,
              48.2877309
            ],
            [
              14.2526612,
              48.2879148
            ],
            [
              14.2526154,
              48.2880308
            ],
            [
              14.252561,
              48.2882309
            ],
            [
              14.2525362,
              48.2883239
            ],
            [
              14.2524999,
              48.2885036
            ],
            [
              14.2524805,
              48.2886107
            ],
            [
              14.2524683,
              48.2886779
            ],
            [
              14.2524265,
              48.2889935
            ],
            [
              14.252399,
              48.2892672
            ],
            [
              14.2523958,
              48.2892993
            ],
            [
              14.2523935,
              48.2894431
            ],
            [
              14.2523925,
              48.2895096
            ],
            [
              14.2523909,
              48.2897871
            ],
            [
              14.2523978,
              48.2899179
            ],
            [
              14.2524134,
              48.2900229
            ],
            [
              14.252443,
              48.2901429
            ],
            [
              14.2524668,
              48.2902341
            ],
            [
              14.2524832,
              48.2902971
            ],
            [
              14.2525412,
              48.2904845
            ],
            [
              14.2525655,
              48.2905445
            ],
            [
              14.2526129,
              48.2906388
            ],
            [
              14.2526831,
              48.2907583
            ],
            [
              14.2527951,
              48.2909273
            ],
            [
              14.252913,
              48.2910894
            ],
            [
              14.2529748,
              48.2911732
            ],
            [
              14.2530203,
              48.291235
            ],
            [
              14.2531515,
              48.291413
            ],
            [
              14.2532338,
              48.2915215
            ],
            [
              14.2532868,
              48.2915846
            ],
            [
              14.2533891,
              48.2917065
            ],
            [
              14.2535228,
              48.2918307
            ],
            [
              14.2537901,
              48.2920235
            ],
            [
              14.2540508,
              48.2921982
            ],
            [
              14.2542033,
              48.2923013
            ],
            [
              14.2547639,
              48.2926483
            ],
            [
              14.2548464,
              48.2926993
            ],
            [
              14.2550341,
              48.2928155
            ],
            [
              14.25532,
              48.2929755
            ],
            [
              14.2555884,
              48.2931145
            ],
            [
              14.2557789,
              48.2932063
            ],
            [
              14.2562978,
              48.2934459
            ],
            [
              14.256313,
              48.2934529
            ],
            [
              14.2566104,
              48.293586
            ],
            [
              14.2567931,
              48.2936678
            ],
            [
              14.2572634,
              48.2938742
            ],
            [
              14.2575308,
              48.2939915
            ],
            [
              14.2576053,
              48.2940231
            ],
            [
              14.2577101,
              48.2940676
            ],
            [
              14.2579225,
              48.2941578
            ],
            [
              14.2583519,
              48.2943426
            ],
            [
              14.2586948,
              48.2944876
            ],
            [
              14.2589008,
              48.2945736
            ],
            [
              14.259096,
              48.2946474
            ],
            [
              14.2591523,
              48.294667
            ],
            [
              14.2592327,
              48.2946949
            ],
            [
              14.2593469,
              48.2947268
            ],
            [
              14.2595213,
              48.2947582
            ],
            [
              14.2597361,
              48.2947783
            ],
            [
              14.2599946,
              48.2948109
            ],
            [
              14.2607196,
              48.2949193
            ],
            [
              14.2609965,
              48.2949544
            ],
            [
              14.261103,
              48.2949522
            ],
            [
              14.2612184,
              48.2949407
            ],
            [
              14.2613566,
              48.2949145
            ],
            [
              14.2615647,
              48.2948646
            ],
            [
              14.2616686,
              48.2948332
            ],
            [
              14.2617906,
              48.2947954
            ],
            [
              14.2618842,
              48.2947664
            ],
            [
              14.2621322,
              48.294683
            ],
            [
              14.2623645,
              48.2946013
            ],
            [
              14.2624211,
              48.294581
            ],
            [
              14.2625739,
              48.2945261
            ],
            [
              14.262626,
              48.2945074
            ],
            [
              14.2627959,
              48.2944394
            ],
            [
              14.2629868,
              48.2943569
            ],
            [
              14.2630549,
              48.294325
            ],
            [
              14.2631834,
              48.2942648
            ],
            [
              14.2634287,
              48.2941297
            ],
            [
              14.2634948,
              48.2940868
            ],
            [
              14.263552,
              48.2940496
            ],
            [
              14.2636883,
              48.2939369
            ],
            [
              14.2637681,
              48.2938637
            ],
            [
              14.2640682,
              48.2935806
            ],
            [
              14.2642083,
              48.2934685
            ],
            [
              14.2643622,
              48.2933466
            ],
            [
              14.2644035,
              48.293314
            ],
            [
              14.264584,
              48.2931655
            ],
            [
              14.2646503,
              48.2931052
            ],
            [
              14.2648541,
              48.2929165
            ],
            [
              14.2650489,
              48.2927383
            ],
            [
              14.2652274,
              48.2925743
            ],
            [
              14.2654101,
              48.2924235
            ],
            [
              14.2656117,
              48.2922615
            ],
            [
              14.2658069,
              48.2921141
            ],
            [
              14.2658614,
              48.2920728
            ],
            [
              14.266039,
              48.2919498
            ],
            [
              14.2660725,
              48.2919269
            ],
            [
              14.2662434,
              48.2918186
            ],
            [
              14.2663185,
              48.2917824
            ],
            [
              14.2664031,
              48.2917415
            ],
            [
              14.2665726,
              48.291677
            ],
            [
              14.2668152,
              48.2916063
            ],
            [
              14.2669797,
              48.2915626
            ],
            [
              14.2671345,
              48.2915101
            ],
            [
              14.2672544,
              48.2914549
            ],
            [
              14.2674176,
              48.2913669
            ],
            [
              14.2675519,
              48.2912786
            ],
            [
              14.2676689,
              48.2911814
            ],
            [
              14.2677238,
              48.2911307
            ],
            [
              14.2677839,
              48.2910753
            ],
            [
              14.2678275,
              48.2910308
            ],
            [
              14.267944,
              48.290911
            ],
            [
              14.2679508,
              48.290904
            ],
            [
              14.2679683,
              48.290886
            ],
            [
              14.2679926,
              48.2908513
            ],
            [
              14.2680212,
              48.2908127
            ],
            [
              14.2680649,
              48.2907314
            ],
            [
              14.2682281,
              48.2907925
            ],
            [
              14.268315,
              48.2908244
            ],
            [
              14.2684959,
              48.2909127
            ],
            [
              14.2686022,
              48.2909794
            ],
            [
              14.2687099,
              48.2910525
            ],
            [
              14.2687638,
              48.2910912
            ],
            [
              14.2689396,
              48.2912172
            ],
            [
              14.2690559,
              48.2913051
            ],
            [
              14.2691889,
              48.29142
            ],
            [
              14.2693115,
              48.2915375
            ],
            [
              14.2693885,
              48.2916091
            ],
            [
              14.2694237,
              48.2916429
            ],
            [
              14.2694659,
              48.2916866
            ],
            [
              14.2695652,
              48.2917896
            ],
            [
              14.2697642,
              48.2920073
            ],
            [
              14.2698242,
              48.2920849
            ],
            [
              14.2698915,
              48.2921784
            ],
            [
              14.270071,
              48.2924591
            ],
            [
              14.2701266,
              48.2925609
            ],
            [
              14.2702729,
              48.2925509
            ],
            [
              14.2703129,
              48.2925481
            ],
            [
              14.2704108,
              48.2925411
            ],
            [
              14.270532,
              48.2925284
            ],
            [
              14.2707286,
              48.2925007
            ],
            [
              14.2709428,
              48.2924629
            ],
            [
              14.2710246,
              48.2924436
            ],
            [
              14.2711279,
              48.2924188
            ],
            [
              14.2712492,
              48.2923858
            ],
            [
              14.2713754,
              48.2923495
            ],
            [
              14.2715099,
              48.2923048
            ],
            [
              14.2717561,
              48.2922063
            ],
            [
              14.2721545,
              48.2920505
            ],
            [
              14.2723473,
              48.2919781
            ],
            [
              14.2726202,
              48.2918716
            ],
            [
              14.2727128,
              48.2918355
            ],
            [
              14.2733931,
              48.2915599
            ],
            [
              14.2734796,
              48.2915248
            ],
            [
              14.2736734,
              48.2914463
            ],
            [
              14.2737409,
              48.291419
            ],
            [
              14.2738606,
              48.2913705
            ],
            [
              14.2740493,
              48.291294
            ],
            [
              14.2741743,
              48.2912445
            ],
            [
              14.274298,
              48.2911976
            ],
            [
              14.2744631,
              48.2911416
            ],
            [
              14.2746654,
              48.2910748
            ],
            [
              14.2747991,
              48.2910352
            ],
            [
              14.2749203,
              48.2910058
            ],
            [
              14.2751102,
              48.2909626
            ],
            [
              14.2752438,
              48.2909329
            ],
            [
              14.2753153,
              48.290917
            ],
            [
              14.2755141,
              48.2908842
            ],
            [
              14.2758271,
              48.2908423
            ],
            [
              14.2758733,
              48.2908361
            ],
            [
              14.2758914,
              48.2908336
            ],
            [
              14.2759563,
              48.2908246
            ],
            [
              14.2760332,
              48.2908154
            ],
            [
              14.2762156,
              48.2907891
            ],
            [
              14.2762817,
              48.2907796
            ],
            [
              14.2771983,
              48.2906527
            ],
            [
              14.2778407,
              48.2905638
            ],
            [
              14.2783267,
              48.2904965
            ],
            [
              14.2786011,
              48.2904586
            ],
            [
              14.2789992,
              48.2904035
            ],
            [
              14.2790527,
              48.2903961
            ],
            [
              14.2793672,
              48.2903525
            ],
            [
              14.2795117,
              48.2903325
            ],
            [
              14.2796822,
              48.2903191
            ],
            [
              14.2797103,
              48.2903202
            ],
            [
              14.2799571,
              48.2903299
            ],
            [
              14.2800683,
              48.2903354
            ],
            [
              14.2801999,
              48.2903419
            ],
            [
              14.2803865,
              48.290351
            ],
            [
              14.2804054,
              48.2903519
            ],
            [
              14.2808525,
              48.2903739
            ],
            [
              14.2809341,
              48.2903779
            ],
            [
              14.2810667,
              48.2903844
            ],
            [
              14.2815861,
              48.2904099
            ],
            [
              14.2821209,
              48.2904362
            ],
            [
              14.282185,
              48.2904394
            ],
            [
              14.282283,
              48.2904408
            ],
            [
              14.2823595,
              48.2904419
            ],
            [
              14.2825439,
              48.2904377
            ],
            [
              14.2826658,
              48.2904303
            ],
            [
              14.2827944,
              48.2904168
            ],
            [
              14.2829477,
              48.290395
            ],
            [
              14.2830731,
              48.2903735
            ],
            [
              14.2831522,
              48.2903589
            ],
            [
              14.2832032,
              48.2903495
            ],
            [
              14.2836707,
              48.2902635
            ],
            [
              14.284565,
              48.2900985
            ],
            [
              14.2848096,
              48.2900553
            ],
            [
              14.2858185,
              48.2898666
            ],
            [
              14.2860453,
              48.2898094
            ],
            [
              14.286271,
              48.2897411
            ],
            [
              14.2863796,
              48.2897059
            ],
            [
              14.286668,
              48.2896123
            ],
            [
              14.2871788,
              48.2894455
            ],
            [
              14.287342,
              48.2893977
            ],
            [
              14.287396,
              48.2893963
            ],
            [
              14.2874584,
              48.2893947
            ],
            [
              14.2874856,
              48.289394
            ],
            [
              14.2874856,
              48.2894191
            ],
            [
              14.2874851,
              48.2895895
            ],
            [
              14.2874673,
              48.2898446
            ],
            [
              14.2874546,
              48.2899595
            ],
            [
              14.2874331,
              48.2902028
            ],
            [
              14.287428,
              48.2902608
            ],
            [
              14.2874528,
              48.2903082
            ],
            [
              14.2874923,
              48.2903443
            ],
            [
              14.287549,
              48.2903726
            ],
            [
              14.2876388,
              48.2904052
            ],
            [
              14.2877186,
              48.2904236
            ],
            [
              14.2878135,
              48.2904365
            ],
            [
              14.2878634,
              48.2904399
            ],
            [
              14.2879021,
              48.2904442
            ],
            [
              14.2881607,
              48.2904671
            ],
            [
              14.2885122,
              48.2905038
            ],
            [
              14.2888014,
              48.2905442
            ],
            [
              14.2889577,
              48.2905643
            ],
            [
              14.289157,
              48.2905673
            ],
            [
              14.2892542,
              48.2905863
            ],
            [
              14.2893375,
              48.2906029
            ],
            [
              14.2895209,
              48.2906481
            ],
            [
              14.2896364,
              48.290694
            ],
            [
              14.2896934,
              48.2907234
            ],
            [
              14.2897626,
              48.2907591
            ],
            [
              14.2898888,
              48.2908323
            ],
            [
              14.2900172,
              48.2909395
            ],
            [
              14.2902324,
              48.2911546
            ],
            [
              14.2905937,
              48.2915567
            ],
            [
              14.290813,
              48.2918006
            ],
            [
              14.2908578,
              48.2918505
            ],
            [
              14.2909653,
              48.2919717
            ],
            [
              14.291022,
              48.2920416
            ],
            [
              14.2913042,
              48.2923777
            ],
            [
              14.2916737,
              48.292817
            ],
            [
              14.2919681,
              48.293167
            ],
            [
              14.2920222,
              48.2932314
            ],
            [
              14.2921216,
              48.2933496
            ],
            [
              14.2919903,
              48.2933865
            ],
            [
              14.2919069,
              48.2934149
            ],
            [
              14.2918506,
              48.293436
            ],
            [
              14.2917781,
              48.2934632
            ],
            [
              14.2912747,
              48.2936524
            ],
            [
              14.2907097,
              48.2938646
            ],
            [
              14.2904569,
              48.2939596
            ],
            [
              14.2904362,
              48.2939674
            ],
            [
              14.2903777,
              48.2939893
            ],
            [
              14.2903029,
              48.2940268
            ],
            [
              14.2902681,
              48.2940442
            ],
            [
              14.2892355,
              48.2945796
            ],
            [
              14.2891576,
              48.29462
            ],
            [
              14.2892017,
              48.2946697
            ],
            [
              14.289589,
              48.2951024
            ],
            [
              14.2897078,
              48.2952374
            ],
            [
              14.2897809,
              48.295317
            ],
            [
              14.2899678,
              48.2955359
            ],
            [
              14.2899863,
              48.2955576
            ],
            [
              14.2900831,
              48.295632
            ],
            [
              14.2901538,
              48.2956882
            ],
            [
              14.2902298,
              48.2957277
            ],
            [
              14.2902728,
              48.2957387
            ],
            [
              14.2910896,
              48.2959485
            ],
            [
              14.2911901,
              48.2959736
            ],
            [
              14.291412,
              48.2960289
            ],
            [
              14.2917472,
              48.2961139
            ],
            [
              14.2917955,
              48.2961261
            ],
            [
              14.291855,
              48.296141
            ],
            [
              14.2919618,
              48.2961691
            ],
            [
              14.2919868,
              48.2961756
            ],
            [
              14.2920071,
              48.2961809
            ],
            [
              14.2921303,
              48.2962133
            ],
            [
              14.2921703,
              48.2962238
            ],
            [
              14.2932473,
              48.296507
            ],
            [
              14.2940272,
              48.2967124
            ],
            [
              14.2940983,
              48.296731
            ],
            [
              14.2941672,
              48.2967491
            ],
            [
              14.2950259,
              48.2969729
            ],
            [
              14.2955084,
              48.2970994
            ],
            [
              14.2955361,
              48.2971066
            ],
            [
              14.2956474,
              48.2971354
            ],
            [
              14.2957348,
              48.2971581
            ],
            [
              14.2957777,
              48.2971692
            ],
            [
              14.2962408,
              48.2972865
            ],
            [
              14.296855,
              48.297445
            ],
            [
              14.2969289,
              48.2974639
            ],
            [
              14.2970003,
              48.2974822
            ],
            [
              14.297062,
              48.2974979
            ],
            [
              14.2971059,
              48.2975092
            ],
            [
              14.2974716,
              48.2976028
            ],
            [
              14.297683,
              48.2976569
            ],
            [
              14.2981039,
              48.2977646
            ],
            [
              14.2984325,
              48.2978488
            ],
            [
              14.2984711,
              48.2978586
            ],
            [
              14.2985932,
              48.2978898
            ],
            [
              14.2987195,
              48.2979228
            ],
            [
              14.2987858,
              48.2979402
            ],
            [
              14.2988926,
              48.2979681
            ],
            [
              14.2990002,
              48.2979962
            ],
            [
              14.299335,
              48.2980836
            ],
            [
              14.3000093,
              48.2982598
            ],
            [
              14.3000746,
              48.2982769
            ],
            [
              14.3001486,
              48.2982962
            ],
            [
              14.3009788,
              48.298513
            ],
            [
              14.3013626,
              48.2986133
            ],
            [
              14.3014305,
              48.2986252
            ],
            [
              14.301504,
              48.2986337
            ],
            [
              14.301573,
              48.2986348
            ],
            [
              14.3017108,
              48.2986146
            ],
            [
              14.3017958,
              48.2985896
            ],
            [
              14.3018288,
              48.2985781
            ],
            [
              14.3019018,
              48.2985526
            ],
            [
              14.3022166,
              48.2984428
            ],
            [
              14.3023775,
              48.2983867
            ],
            [
              14.3024759,
              48.2984976
            ],
            [
              14.302521,
              48.2985396
            ],
            [
              14.3025501,
              48.2985673
            ],
            [
              14.3026662,
              48.2986781
            ],
            [
              14.3027652,
              48.2987665
            ],
            [
              14.3028526,
              48.2988318
            ],
            [
              14.3029744,
              48.2989044
            ],
            [
              14.3030241,
              48.298934
            ],
            [
              14.3031606,
              48.2989902
            ],
            [
              14.3032929,
              48.2990443
            ],
            [
              14.3033407,
              48.2990655
            ],
            [
              14.3038129,
              48.299275
            ],
            [
              14.3039758,
              48.2993475
            ],
            [
              14.3041186,
              48.299411
            ],
            [
              14.3044214,
              48.2995281
            ],
            [
              14.3045838,
              48.2995909
            ],
            [
              14.3050859,
              48.2997789
            ],
            [
              14.3051068,
              48.2997867
            ],
            [
              14.3054709,
              48.299923
            ],
            [
              14.3055407,
              48.2999491
            ],
            [
              14.3055842,
              48.2999654
            ],
            [
              14.3057388,
              48.3000189
            ],
            [
              14.3059267,
              48.3000612
            ],
            [
              14.3060233,
              48.3000734
            ],
            [
              14.3061038,
              48.3000836
            ],
            [
              14.3072412,
              48.3002112
            ],
            [
              14.3074834,
              48.3002375
            ],
            [
              14.3076171,
              48.3002521
            ],
            [
              14.3079655,
              48.30029
            ],
            [
              14.3080166,
              48.3002955
            ],
            [
              14.3082818,
              48.3003244
            ],
            [
              14.308605,
              48.3003595
            ],
            [
              14.3086477,
              48.3003642
            ],
            [
              14.3087832,
              48.3003789
            ],
            [
              14.3090426,
              48.3004092
            ],
            [
              14.3100669,
              48.3005291
            ],
            [
              14.3101645,
              48.3005404
            ],
            [
              14.3104752,
              48.3005767
            ],
            [
              14.3105597,
              48.3005866
            ],
            [
              14.3109854,
              48.3006364
            ],
            [
              14.3110392,
              48.3006427
            ],
            [
              14.3113232,
              48.3006759
            ],
            [
              14.3114256,
              48.3006876
            ],
            [
              14.311499,
              48.300696
            ],
            [
              14.3121671,
              48.3007726
            ],
            [
              14.3123997,
              48.3007992
            ],
            [
              14.3124504,
              48.3008052
            ],
            [
              14.312698,
              48.3008348
            ],
            [
              14.3131104,
              48.3008842
            ],
            [
              14.3132186,
              48.3008963
            ],
            [
              14.3134456,
              48.3009242
            ],
            [
              14.3142089,
              48.3010178
            ],
            [
              14.3145245,
              48.3010609
            ],
            [
              14.3145932,
              48.3010703
            ],
            [
              14.3147214,
              48.3010878
            ],
            [
              14.3148541,
              48.301106
            ],
            [
              14.3152703,
              48.3011886
            ],
            [
              14.3154736,
              48.301236
            ],
            [
              14.3156847,
              48.3012831
            ],
            [
              14.3170472,
              48.301629
            ],
            [
              14.3181293,
              48.3018972
            ],
            [
              14.3184455,
              48.3019743
            ],
            [
              14.3188919,
              48.3020829
            ],
            [
              14.319018,
              48.3021141
            ],
            [
              14.3191036,
              48.3021357
            ],
            [
              14.3192856,
              48.3021817
            ],
            [
              14.3190851,
              48.302405
            ],
            [
              14.3189126,
              48.3026119
            ],
            [
              14.3185244,
              48.3030799
            ],
            [
              14.3184512,
              48.3031717
            ],
            [
              14.3183249,
              48.3033186
            ],
            [
              14.3180384,
              48.3036997
            ],
            [
              14.3178906,
              48.3039011
            ],
            [
              14.3177782,
              48.3040616
            ],
            [
              14.317623,
              48.3042995
            ],
            [
              14.3173829,
              48.3046583
            ],
            [
              14.3173128,
              48.304778
            ],
            [
              14.3172511,
              48.3048836
            ],
            [
              14.3171889,
              48.3049897
            ],
            [
              14.3171128,
              48.3051178
            ],
            [
              14.3170247,
              48.3052662
            ],
            [
              14.316905,
              48.3054677
            ],
            [
              14.3168217,
              48.305608
            ],
            [
              14.3169871,
              48.305648
            ],
            [
              14.3170573,
              48.305665
            ],
            [
              14.3174354,
              48.305768
            ],
            [
              14.3177335,
              48.3058453
            ],
            [
              14.3178884,
              48.3058854
            ],
            [
              14.3183058,
              48.30599
            ],
            [
              14.3184254,
              48.3060191
            ],
            [
              14.3184773,
              48.3060317
            ],
            [
              14.3195354,
              48.3062811
            ],
            [
              14.3196507,
              48.3063049
            ],
            [
              14.319701,
              48.3063153
            ],
            [
              14.3203537,
              48.3064502
            ],
            [
              14.3204639,
              48.306473
            ],
            [
              14.3206679,
              48.3065152
            ],
            [
              14.3207889,
              48.3065402
            ],
            [
              14.3211158,
              48.3066077
            ],
            [
              14.3212018,
              48.3066255
            ],
            [
              14.3214257,
              48.3066728
            ],
            [
              14.3215951,
              48.3067086
            ],
            [
              14.3219328,
              48.30678
            ],
            [
              14.3220484,
              48.306805
            ],
            [
              14.3224163,
              48.3068844
            ],
            [
              14.3228126,
              48.30697
            ],
            [
              14.3228901,
              48.3069867
            ],
            [
              14.3231169,
              48.3070357
            ],
            [
              14.3234369,
              48.3071047
            ],
            [
              14.3235363,
              48.3071266
            ],
            [
              14.3236268,
              48.3071466
            ],
            [
              14.3239376,
              48.3072133
            ],
            [
              14.3240048,
              48.3072277
            ],
            [
              14.3243128,
              48.3072938
            ],
            [
              14.3245501,
              48.3073447
            ],
            [
              14.3247824,
              48.3073941
            ],
            [
              14.3252132,
              48.3074856
            ],
            [
              14.3255335,
              48.3075537
            ],
            [
              14.3259597,
              48.3076435
            ],
            [
              14.3268929,
              48.3078425
            ],
            [
              14.3269424,
              48.3078532
            ],
            [
              14.3277038,
              48.3080149
            ],
            [
              14.3277752,
              48.3080301
            ],
            [
              14.328226,
              48.308126
            ],
            [
              14.3282583,
              48.3080508
            ],
            [
              14.328698,
              48.3070236
            ],
            [
              14.3287564,
              48.3068923
            ],
            [
              14.328841,
              48.306694
            ],
            [
              14.328882,
              48.3065983
            ],
            [
              14.3289746,
              48.3064145
            ],
            [
              14.3289811,
              48.3064043
            ],
            [
              14.3289854,
              48.3063933
            ],
            [
              14.3290147,
              48.3062919
            ],
            [
              14.3290377,
              48.3061861
            ],
            [
              14.3290489,
              48.306124
            ],
            [
              14.3290613,
              48.3060036
            ],
            [
              14.3290696,
              48.3058959
            ],
            [
              14.3291071,
              48.3053257
            ],
            [
              14.3291706,
              48.3045826
            ],
            [
              14.3291771,
              48.3044611
            ],
            [
              14.3291805,
              48.3043849
            ],
            [
              14.3291837,
              48.3043074
            ],
            [
              14.3291782,
              48.3042361
            ],
            [
              14.3291617,
              48.3041315
            ],
            [
              14.3291569,
              48.3040822
            ],
            [
              14.3291517,
              48.3040346
            ],
            [
              14.3291484,
              48.3039179
            ],
            [
              14.3291534,
              48.303815
            ],
            [
              14.3291691,
              48.3037212
            ],
            [
              14.3291968,
              48.3036169
            ],
            [
              14.3292387,
              48.3034996
            ],
            [
              14.3292497,
              48.3034751
            ],
            [
              14.329282,
              48.3034032
            ],
            [
              14.3293408,
              48.3032735
            ],
            [
              14.3293852,
              48.3031658
            ],
            [
              14.3294132,
              48.3030869
            ],
            [
              14.3294393,
              48.3029678
            ],
            [
              14.3294582,
              48.3028511
            ],
            [
              14.3294662,
              48.3027418
            ],
            [
              14.3294647,
              48.3025957
            ],
            [
              14.3294461,
              48.3024226
            ],
            [
              14.3294209,
              48.3023198
            ],
            [
              14.3293858,
              48.302207
            ],
            [
              14.3293463,
              48.3021038
            ],
            [
              14.3292782,
              48.3019636
            ],
            [
              14.3292153,
              48.3018553
            ],
            [
              14.3291464,
              48.3017557
            ],
            [
              14.3290649,
              48.3016477
            ],
            [
              14.3289809,
              48.3015541
            ],
            [
              14.3289078,
              48.3014836
            ],
            [
              14.3288915,
              48.3014679
            ],
            [
              14.328775,
              48.3013627
            ],
            [
              14.3286519,
              48.3012658
            ],
            [
              14.3285459,
              48.3011889
            ],
            [
              14.328449,
              48.3011204
            ],
            [
              14.3283544,
              48.3010496
            ],
            [
              14.3283031,
              48.3010068
            ],
            [
              14.3282448,
              48.3009527
            ],
            [
              14.32819,
              48.3008936
            ],
            [
              14.3281556,
              48.3008497
            ],
            [
              14.3281294,
              48.300814
            ],
            [
              14.3280876,
              48.3007539
            ],
            [
              14.3280411,
              48.3006794
            ],
            [
              14.3280213,
              48.3006398
            ],
            [
              14.3280026,
              48.3005918
            ],
            [
              14.3279856,
              48.3005404
            ],
            [
              14.327977,
              48.3004901
            ],
            [
              14.3279759,
              48.3004537
            ],
            [
              14.3279767,
              48.3004405
            ],
            [
              14.3279837,
              48.3003273
            ],
            [
              14.327995,
              48.3001803
            ],
            [
              14.3280007,
              48.3001064
            ],
            [
              14.3280213,
              48.299867
            ],
            [
              14.328054,
              48.2995223
            ],
            [
              14.3280642,
              48.2993932
            ],
            [
              14.3280749,
              48.2992271
            ],
            [
              14.328083,
              48.2991088
            ],
            [
              14.3280858,
              48.2990695
            ],
            [
              14.3280995,
              48.2990205
            ],
            [
              14.3281106,
              48.2989914
            ],
            [
              14.3281288,
              48.2989612
            ],
            [
              14.3281544,
              48.2989316
            ],
            [
              14.328168,
              48.2989271
            ],
            [
              14.3281796,
              48.2989223
            ],
            [
              14.3281911,
              48.2989165
            ],
            [
              14.3282043,
              48.2989084
            ],
            [
              14.3282145,
              48.2989006
            ],
            [
              14.3282244,
              48.2988912
            ],
            [
              14.3282347,
              48.2988782
            ],
            [
              14.3282412,
              48.2988666
            ],
            [
              14.3282457,
              48.2988539
            ],
            [
              14.3282477,
              48.2988417
            ],
            [
              14.3282477,
              48.2988302
            ],
            [
              14.3282459,
              48.2988193
            ],
            [
              14.3282419,
              48.2988076
            ],
            [
              14.3282349,
              48.2987948
            ],
            [
              14.3282275,
              48.2987849
            ],
            [
              14.3282152,
              48.2987727
            ],
            [
              14.3282023,
              48.2987629
            ],
            [
              14.3281911,
              48.2987561
            ],
            [
              14.328177,
              48.2987493
            ],
            [
              14.3281632,
              48.2987439
            ],
            [
              14.3281515,
              48.2987403
            ],
            [
              14.3281367,
              48.2987368
            ],
            [
              14.3281177,
              48.2987338
            ],
            [
              14.3280983,
              48.2987325
            ],
            [
              14.3280831,
              48.2987325
            ],
            [
              14.3280643,
              48.298734
            ],
            [
              14.3280464,
              48.2987368
            ],
            [
              14.3280294,
              48.298741
            ],
            [
              14.3280152,
              48.2987457
            ],
            [
              14.328004,
              48.2987502
            ],
            [
              14.3279877,
              48.2987587
            ],
            [
              14.3279754,
              48.2987668
            ],
            [
              14.3279654,
              48.298775
            ],
            [
              14.3279595,
              48.2987808
            ],
            [
              14.3279534,
              48.2987878
            ],
            [
              14.3279471,
              48.2987968
            ],
            [
              14.3278991,
              48.2988135
            ],
            [
              14.3278548,
              48.298829
            ],
            [
              14.3277972,
              48.2988436
            ],
            [
              14.3277042,
              48.2988613
            ],
            [
              14.3274865,
              48.2988538
            ],
            [
              14.3274002,
              48.2988508
            ],
            [
              14.3273319,
              48.2988484
            ],
            [
              14.3268625,
              48.2988322
            ],
            [
              14.3266973,
              48.2988264
            ],
            [
              14.3263654,
              48.2988149
            ],
            [
              14.3262179,
              48.2988098
            ],
            [
              14.3261211,
              48.2988043
            ],
            [
              14.326007,
              48.2987978
            ],
            [
              14.3259581,
              48.298793
            ],
            [
              14.3259174,
              48.2987886
            ],
            [
              14.3258866,
              48.2987842
            ],
            [
              14.3258475,
              48.298776
            ],
            [
              14.3258093,
              48.2987658
            ],
            [
              14.3257395,
              48.2987477
            ],
            [
              14.3256816,
              48.29873
            ],
            [
              14.3256153,
              48.2987074
            ],
            [
              14.3255617,
              48.2986866
            ],
            [
              14.3255117,
              48.2986644
            ],
            [
              14.3254471,
              48.2986331
            ],
            [
              14.3253842,
              48.2985981
            ],
            [
              14.3253311,
              48.2985662
            ],
            [
              14.3252747,
              48.2985273
            ],
            [
              14.3252294,
              48.2984921
            ],
            [
              14.3251766,
              48.2984486
            ],
            [
              14.3251226,
              48.2983988
            ],
            [
              14.32505,
              48.2983271
            ],
            [
              14.324887,
              48.2981689
            ],
            [
              14.3247746,
              48.2980623
            ],
            [
              14.3246169,
              48.2979187
            ],
            [
              14.3245121,
              48.2978323
            ],
            [
              14.3244216,
              48.2977687
            ],
            [
              14.3242673,
              48.2976712
            ],
            [
              14.3241246,
              48.29759
            ],
            [
              14.3240199,
              48.2975369
            ],
            [
              14.323909,
              48.2974858
            ],
            [
              14.323811,
              48.2974433
            ],
            [
              14.3237129,
              48.2974055
            ],
            [
              14.3236242,
              48.2973763
            ],
            [
              14.3235823,
              48.2973639
            ],
            [
              14.3235268,
              48.2973472
            ],
            [
              14.3234215,
              48.2973154
            ],
            [
              14.323371,
              48.2974246
            ],
            [
              14.3233403,
              48.2974908
            ],
            [
              14.3232966,
              48.2975826
            ],
            [
              14.3232516,
              48.2976722
            ],
            [
              14.3230956,
              48.2979703
            ],
            [
              14.3230781,
              48.2980038
            ],
            [
              14.3229817,
              48.2981711
            ],
            [
              14.3229628,
              48.2982038
            ],
            [
              14.3228318,
              48.2983655
            ],
            [
              14.3227657,
              48.2984664
            ],
            [
              14.3227247,
              48.2985291
            ],
            [
              14.3226634,
              48.2986311
            ],
            [
              14.3226537,
              48.2986428
            ],
            [
              14.3226432,
              48.2986632
            ],
            [
              14.3226395,
              48.2986816
            ],
            [
              14.3226206,
              48.2987168
            ],
            [
              14.3226003,
              48.2987513
            ],
            [
              14.322581,
              48.2987774
            ],
            [
              14.3225636,
              48.2988005
            ],
            [
              14.3225326,
              48.2988411
            ],
            [
              14.3224645,
              48.2989207
            ],
            [
              14.3223933,
              48.2990118
            ],
            [
              14.3223431,
              48.2990926
            ],
            [
              14.3223038,
              48.2991702
            ],
            [
              14.3221963,
              48.2992983
            ],
            [
              14.3221256,
              48.2993793
            ],
            [
              14.3220021,
              48.2995124
            ],
            [
              14.321923,
              48.2995946
            ],
            [
              14.3219069,
              48.2996106
            ],
            [
              14.3218222,
              48.2996952
            ],
            [
              14.3217772,
              48.2997402
            ],
            [
              14.3217278,
              48.2997895
            ]
          ],
          [
            [
              14.2158848,
              48.2784918
            ],
            [
              14.2155837,
              48.2784878
            ],
            [
              14.215518,
              48.2784828
            ],
            [
              14.2154315,
              48.2784672
            ]
          ],
          [
            [
              14.2194696,
              48.2790987
            ],
            [
              14.2197029,
              48.2791263
            ]
          ],
          [
            [
              14.2265023,
              48.2775051
            ],
            [
              14.2262509,
              48.2775676
            ],
            [
              14.2261188,
              48.2775689
            ]
          ],
          [
            [
              14.2313377,
              48.2766085
            ],
            [
              14.2316079,
              48.276613
            ]
          ],
          [
            [
              14.2396044,
              48.2768474
            ],
            [
              14.2398506,
              48.276822
            ],
            [
              14.2399683,
              48.2767988
            ]
          ],
          [
            [
              14.2438366,
              48.2777715
            ],
            [
              14.2438655,
              48.2777966
            ],
            [
              14.2439779,
              48.2778708
            ],
            [
              14.2440326,
              48.2779069
            ],
            [
              14.2441117,
              48.2779437
            ]
          ],
          [
            [
              14.2487372,
              48.2809423
            ],
            [
              14.2486139,
              48.280759
            ]
          ],
          [
            [
              14.2510847,
              48.2830282
            ],
            [
              14.2508879,
              48.2828529
            ]
          ],
          [
            [
              14.2536055,
              48.285599
            ],
            [
              14.2536364,
              48.2855929
            ],
            [
              14.2537621,
              48.2857451
            ],
            [
              14.2537376,
              48.2857597
            ]
          ],
          [
            [
              14.2528302,
              48.2911159
            ],
            [
              14.2527224,
              48.2909597
            ]
          ],
          [
            [
              14.2571825,
              48.2939072
            ],
            [
              14.2574605,
              48.2940311
            ]
          ],
          [
            [
              14.2645669,
              48.2932327
            ],
            [
              14.2644288,
              48.2933474
            ]
          ],
          [
            [
              14.2678519,
              48.2910825
            ],
            [
              14.26799,
              48.2909518
            ],
            [
              14.2680332,
              48.2909107
            ]
          ],
          [
            [
              14.2721256,
              48.2921306
            ],
            [
              14.2723191,
              48.2920566
            ]
          ],
          [
            [
              14.2756557,
              48.2909273
            ],
            [
              14.2754538,
              48.2909525
            ]
          ],
          [
            [
              14.280647,
              48.2904268
            ],
            [
              14.2806489,
              48.290411
            ],
            [
              14.2803717,
              48.2903962
            ],
            [
              14.2803697,
              48.2904127
            ]
          ],
          [
            [
              14.2873091,
              48.2903601
            ],
            [
              14.2873847,
              48.2898948
            ]
          ],
          [
            [
              14.2903912,
              48.2915043
            ],
            [
              14.2902529,
              48.2913412
            ],
            [
              14.2900966,
              48.2911569
            ]
          ],
          [
            [
              14.2904615,
              48.2938838
            ],
            [
              14.2904752,
              48.2938993
            ],
            [
              14.2906788,
              48.2938201
            ],
            [
              14.2906662,
              48.2938057
            ]
          ],
          [
            [
              14.2916971,
              48.2961498
            ],
            [
              14.2913334,
              48.2960566
            ]
          ],
          [
            [
              14.2949647,
              48.2970091
            ],
            [
              14.2951433,
              48.2970559
            ],
            [
              14.295238,
              48.2970807
            ]
          ],
          [
            [
              14.2991066,
              48.2980833
            ],
            [
              14.2988582,
              48.2980186
            ]
          ],
          [
            [
              14.3026656,
              48.2988335
            ],
            [
              14.3023586,
              48.2986042
            ]
          ],
          [
            [
              14.3101332,
              48.3006146
            ],
            [
              14.3103764,
              48.3006439
            ]
          ],
          [
            [
              14.3187743,
              48.3021373
            ],
            [
              14.3184141,
              48.3020475
            ]
          ],
          [
            [
              14.3169031,
              48.3052258
            ],
            [
              14.3168017,
              48.3053985
            ]
          ],
          [
            [
              14.3205327,
              48.3065515
            ],
            [
              14.3205408,
              48.3065349
            ],
            [
              14.3203075,
              48.3064847
            ],
            [
              14.3202993,
              48.3065015
            ]
          ],
          [
            [
              14.3289292,
              48.3067094
            ],
            [
              14.328836,
              48.3069253
            ]
          ],
          [
            [
              14.3293282,
              48.303486
            ],
            [
              14.3292727,
              48.3036475
            ]
          ],
          [
            [
              14.321303,
              48.3000545
            ],
            [
              14.321661,
              48.2997026
            ]
          ]
        ]
      },
      "id": "relation/403067"
    },
    {
      "type": "Feature",
      "properties": {
        "@id": "relation/1148401",
        "alternate": "no",
        "colour": "#ff7d24",
        "from": "Hitzing",
        "name": "Bus 17: Hitzing => Fernheizkraftwerk",
        "network": "Oberösterreichischer Verkehrsverbund",
        "network:short": "OÖVV",
        "network:wikidata": "Q2011605",
        "network:wikipedia": "de:Oberösterreichischer Verkehrsverbund",
        "operator": "Linz Linien GmbH",
        "public_transport:version": "2",
        "ref": "17",
        "route": "bus",
        "to": "Fernheizkraftwerk",
        "type": "route"
      },
      "geometry": {
        "type": "MultiLineString",
        "coordinates": [
          [
            [
              14.2006271,
              48.2723383
            ],
            [
              14.2006609,
              48.2723467
            ],
            [
              14.2008679,
              48.2723959
            ],
            [
              14.2008698,
              48.2724897
            ],
            [
              14.20093,
              48.2725387
            ],
            [
              14.2013164,
              48.2726695
            ],
            [
              14.2013884,
              48.272725
            ],
            [
              14.2013927,
              48.2727947
            ],
            [
              14.2013311,
              48.2728574
            ],
            [
              14.2012741,
              48.2729123
            ],
            [
              14.2013673,
              48.2729677
            ],
            [
              14.2015531,
              48.273065
            ],
            [
              14.201957,
              48.2732567
            ],
            [
              14.2021827,
              48.2733533
            ],
            [
              14.2023095,
              48.2733997
            ],
            [
              14.2027574,
              48.2735474
            ],
            [
              14.2031094,
              48.273651
            ],
            [
              14.2033046,
              48.2737079
            ],
            [
              14.2046718,
              48.2740982
            ],
            [
              14.2052643,
              48.2742693
            ],
            [
              14.2053679,
              48.2742999
            ],
            [
              14.2056119,
              48.2743749
            ],
            [
              14.2058191,
              48.2744503
            ],
            [
              14.2060092,
              48.2745293
            ],
            [
              14.2061293,
              48.2745875
            ],
            [
              14.2062483,
              48.2746498
            ],
            [
              14.2063837,
              48.2747306
            ],
            [
              14.2066352,
              48.2748926
            ],
            [
              14.2067955,
              48.2749972
            ],
            [
              14.2071951,
              48.2752541
            ],
            [
              14.2074077,
              48.275381
            ],
            [
              14.207512,
              48.2754373
            ],
            [
              14.2076159,
              48.2754877
            ],
            [
              14.2077212,
              48.2755348
            ],
            [
              14.2078559,
              48.2755888
            ],
            [
              14.2079978,
              48.2756401
            ],
            [
              14.2081064,
              48.2756736
            ],
            [
              14.2082573,
              48.2757115
            ],
            [
              14.2085301,
              48.2757733
            ],
            [
              14.2086153,
              48.2757945
            ],
            [
              14.2088111,
              48.2758382
            ],
            [
              14.2090284,
              48.275894
            ],
            [
              14.2094321,
              48.2760109
            ],
            [
              14.2097532,
              48.2761075
            ],
            [
              14.2103527,
              48.2762903
            ],
            [
              14.2109522,
              48.2764737
            ],
            [
              14.2115054,
              48.276642
            ],
            [
              14.2118615,
              48.2767527
            ],
            [
              14.2120881,
              48.2768276
            ],
            [
              14.2122558,
              48.2768906
            ],
            [
              14.2124442,
              48.2769696
            ],
            [
              14.2126534,
              48.2770677
            ],
            [
              14.2128707,
              48.277186
            ],
            [
              14.2132958,
              48.2774408
            ],
            [
              14.2135265,
              48.2775867
            ],
            [
              14.213782,
              48.2777599
            ],
            [
              14.2138911,
              48.2778313
            ],
            [
              14.2139818,
              48.2778907
            ],
            [
              14.214128,
              48.2779826
            ],
            [
              14.2143053,
              48.2780854
            ],
            [
              14.2144465,
              48.2781571
            ],
            [
              14.214594,
              48.2782191
            ],
            [
              14.2147516,
              48.2782771
            ],
            [
              14.2148914,
              48.2783208
            ],
            [
              14.2150084,
              48.2783499
            ],
            [
              14.2150557,
              48.2783603
            ],
            [
              14.2152381,
              48.2783928
            ],
            [
              14.2154154,
              48.2784129
            ],
            [
              14.2154947,
              48.2784189
            ],
            [
              14.2159539,
              48.2784253
            ],
            [
              14.2160572,
              48.2784263
            ],
            [
              14.2162228,
              48.278428
            ],
            [
              14.2163455,
              48.2784288
            ],
            [
              14.2165332,
              48.2784351
            ],
            [
              14.2166238,
              48.2784413
            ],
            [
              14.2166613,
              48.2784445
            ],
            [
              14.2167847,
              48.2784601
            ],
            [
              14.2169421,
              48.2784856
            ],
            [
              14.2171728,
              48.2785324
            ],
            [
              14.2174846,
              48.2785936
            ],
            [
              14.2178784,
              48.2786783
            ],
            [
              14.2181263,
              48.278732
            ],
            [
              14.2183249,
              48.2787756
            ],
            [
              14.2185496,
              48.2788224
            ],
            [
              14.2187031,
              48.2788577
            ],
            [
              14.2189828,
              48.2789278
            ],
            [
              14.2192677,
              48.2790005
            ],
            [
              14.2194407,
              48.2790362
            ],
            [
              14.2194756,
              48.279042
            ],
            [
              14.2195111,
              48.2790472
            ],
            [
              14.2196023,
              48.279059
            ],
            [
              14.2196942,
              48.279069
            ],
            [
              14.2198692,
              48.2790804
            ],
            [
              14.2200523,
              48.2790799
            ],
            [
              14.2202166,
              48.2790697
            ],
            [
              14.2203929,
              48.2790487
            ],
            [
              14.2205451,
              48.2790219
            ],
            [
              14.2206873,
              48.2789878
            ],
            [
              14.2208181,
              48.2789494
            ],
            [
              14.2209525,
              48.2788996
            ],
            [
              14.2210967,
              48.2788378
            ],
            [
              14.2212097,
              48.2787814
            ],
            [
              14.2216935,
              48.2785243
            ],
            [
              14.2219231,
              48.2784025
            ],
            [
              14.2221189,
              48.2783017
            ],
            [
              14.2222825,
              48.2782267
            ],
            [
              14.2224509,
              48.278162
            ],
            [
              14.222648,
              48.2780964
            ],
            [
              14.2226945,
              48.2780838
            ],
            [
              14.22277,
              48.2780634
            ],
            [
              14.2228867,
              48.2780348
            ],
            [
              14.2233105,
              48.2779527
            ],
            [
              14.2237323,
              48.2778759
            ],
            [
              14.2241581,
              48.2778027
            ],
            [
              14.2243331,
              48.2777726
            ],
            [
              14.2245856,
              48.2777367
            ],
            [
              14.2248259,
              48.2777068
            ],
            [
              14.2250499,
              48.2776831
            ],
            [
              14.2253041,
              48.2776568
            ],
            [
              14.2255475,
              48.2776305
            ],
            [
              14.2257765,
              48.2775968
            ],
            [
              14.2261269,
              48.2775296
            ],
            [
              14.2261663,
              48.2775203
            ],
            [
              14.2265064,
              48.277435
            ],
            [
              14.2266217,
              48.277402
            ],
            [
              14.226854,
              48.2773328
            ],
            [
              14.2276714,
              48.2770845
            ],
            [
              14.228864,
              48.2767295
            ],
            [
              14.229092,
              48.2766665
            ],
            [
              14.2293042,
              48.2766206
            ],
            [
              14.2294139,
              48.2765987
            ],
            [
              14.2295788,
              48.2765768
            ],
            [
              14.2297424,
              48.2765634
            ],
            [
              14.2299121,
              48.2765545
            ],
            [
              14.2301039,
              48.2765518
            ],
            [
              14.2308747,
              48.2765603
            ],
            [
              14.2313566,
              48.2765694
            ],
            [
              14.2317564,
              48.2765766
            ],
            [
              14.2319196,
              48.2765806
            ],
            [
              14.2320002,
              48.2765826
            ],
            [
              14.2326862,
              48.2765889
            ],
            [
              14.2327213,
              48.276589
            ],
            [
              14.233008,
              48.2765933
            ],
            [
              14.2330878,
              48.2765938
            ],
            [
              14.233349,
              48.2765916
            ],
            [
              14.2335267,
              48.276586
            ],
            [
              14.2341419,
              48.2765509
            ],
            [
              14.2346301,
              48.2765268
            ],
            [
              14.2349397,
              48.2765227
            ],
            [
              14.2352085,
              48.2765317
            ],
            [
              14.2354268,
              48.2765501
            ],
            [
              14.2367678,
              48.2766691
            ],
            [
              14.2375992,
              48.2767343
            ],
            [
              14.2384838,
              48.2767994
            ],
            [
              14.2386032,
              48.2768082
            ],
            [
              14.2387913,
              48.276814
            ],
            [
              14.2389803,
              48.2768171
            ],
            [
              14.239157,
              48.2768128
            ],
            [
              14.2393142,
              48.2768066
            ],
            [
              14.2394509,
              48.2767952
            ],
            [
              14.2395579,
              48.2767863
            ],
            [
              14.2396119,
              48.2767823
            ],
            [
              14.2399247,
              48.2767517
            ],
            [
              14.2401292,
              48.2767239
            ],
            [
              14.241323,
              48.2765411
            ],
            [
              14.2414178,
              48.2765268
            ],
            [
              14.241663,
              48.276497
            ],
            [
              14.2417753,
              48.2764882
            ],
            [
              14.2418952,
              48.2764836
            ],
            [
              14.2419996,
              48.2764904
            ],
            [
              14.242102,
              48.2765066
            ],
            [
              14.2421887,
              48.2765248
            ],
            [
              14.242278,
              48.2765512
            ],
            [
              14.2423606,
              48.2765845
            ],
            [
              14.2424077,
              48.2766107
            ],
            [
              14.2424711,
              48.2766461
            ],
            [
              14.2425265,
              48.2766828
            ],
            [
              14.2425936,
              48.27673
            ],
            [
              14.2431525,
              48.2771883
            ],
            [
              14.2436448,
              48.2775546
            ],
            [
              14.2438602,
              48.2777051
            ],
            [
              14.2438955,
              48.2777298
            ],
            [
              14.2440438,
              48.2778301
            ],
            [
              14.2443651,
              48.2780473
            ],
            [
              14.2445069,
              48.278151
            ],
            [
              14.245136,
              48.2786105
            ],
            [
              14.2451965,
              48.2786547
            ],
            [
              14.2453467,
              48.2787626
            ],
            [
              14.2454549,
              48.2788262
            ],
            [
              14.2455563,
              48.2788858
            ],
            [
              14.2457131,
              48.2789779
            ],
            [
              14.2458093,
              48.2790344
            ],
            [
              14.2461572,
              48.2792195
            ],
            [
              14.2462264,
              48.2792564
            ],
            [
              14.2466414,
              48.2794604
            ],
            [
              14.2468449,
              48.2795542
            ],
            [
              14.2472111,
              48.2797019
            ],
            [
              14.2474611,
              48.2797928
            ],
            [
              14.2476476,
              48.2798583
            ],
            [
              14.2477461,
              48.2798943
            ],
            [
              14.247928,
              48.2799578
            ],
            [
              14.248094,
              48.2800168
            ],
            [
              14.2481622,
              48.2800429
            ],
            [
              14.2482781,
              48.2801178
            ],
            [
              14.2483592,
              48.2801975
            ],
            [
              14.2484005,
              48.2802446
            ],
            [
              14.2486605,
              48.2806531
            ],
            [
              14.2487073,
              48.2807267
            ],
            [
              14.2487197,
              48.2807463
            ],
            [
              14.2487297,
              48.2807619
            ],
            [
              14.2488396,
              48.2809347
            ],
            [
              14.2488707,
              48.2809836
            ],
            [
              14.2489857,
              48.2811589
            ],
            [
              14.2490514,
              48.2812412
            ],
            [
              14.2491379,
              48.2813287
            ],
            [
              14.2492375,
              48.2814165
            ],
            [
              14.2493744,
              48.2815136
            ],
            [
              14.249451,
              48.281564
            ],
            [
              14.2497229,
              48.281743
            ],
            [
              14.2497477,
              48.2817593
            ],
            [
              14.249847,
              48.281837
            ],
            [
              14.2498769,
              48.2818624
            ],
            [
              14.2500187,
              48.2819833
            ],
            [
              14.2501307,
              48.2820886
            ],
            [
              14.2502689,
              48.2822186
            ],
            [
              14.2502827,
              48.2822317
            ],
            [
              14.2504706,
              48.2824006
            ],
            [
              14.2504837,
              48.2824123
            ],
            [
              14.250513,
              48.2824387
            ],
            [
              14.2507415,
              48.2826443
            ],
            [
              14.2507875,
              48.2826856
            ],
            [
              14.2509497,
              48.2828315
            ],
            [
              14.2509886,
              48.2828665
            ],
            [
              14.2512061,
              48.2830622
            ],
            [
              14.2513798,
              48.2832182
            ],
            [
              14.2514321,
              48.2832651
            ],
            [
              14.2517014,
              48.2835071
            ],
            [
              14.2518561,
              48.2836465
            ],
            [
              14.2519874,
              48.2837816
            ],
            [
              14.2521305,
              48.283955
            ],
            [
              14.2523899,
              48.2842964
            ],
            [
              14.2524049,
              48.2843156
            ],
            [
              14.2524533,
              48.2843774
            ],
            [
              14.2525467,
              48.2844968
            ],
            [
              14.2526249,
              48.2845823
            ],
            [
              14.2534316,
              48.2852928
            ],
            [
              14.2537057,
              48.2855368
            ],
            [
              14.2538098,
              48.2856453
            ],
            [
              14.2539112,
              48.28574
            ],
            [
              14.2540194,
              48.2858243
            ],
            [
              14.2540991,
              48.2858864
            ],
            [
              14.2541333,
              48.2858722
            ],
            [
              14.254184,
              48.2858627
            ],
            [
              14.2542276,
              48.2858632
            ],
            [
              14.2542721,
              48.2858721
            ],
            [
              14.2543082,
              48.2858872
            ],
            [
              14.254335,
              48.2859058
            ],
            [
              14.2543529,
              48.2859257
            ],
            [
              14.2543652,
              48.2859509
            ],
            [
              14.2543681,
              48.2859757
            ],
            [
              14.2543607,
              48.2860048
            ],
            [
              14.2543414,
              48.286032
            ],
            [
              14.2543114,
              48.2860549
            ],
            [
              14.2542726,
              48.2860717
            ],
            [
              14.2542303,
              48.2860804
            ],
            [
              14.25418,
              48.2860809
            ],
            [
              14.2541345,
              48.2860721
            ],
            [
              14.2541006,
              48.2860583
            ],
            [
              14.2540728,
              48.2860398
            ],
            [
              14.2540212,
              48.2860708
            ],
            [
              14.2538878,
              48.2861524
            ],
            [
              14.253744,
              48.2862487
            ],
            [
              14.2536339,
              48.2863351
            ],
            [
              14.2535603,
              48.2863973
            ],
            [
              14.2534805,
              48.2864648
            ],
            [
              14.2533577,
              48.286589
            ],
            [
              14.2532618,
              48.2867051
            ],
            [
              14.253183,
              48.2868247
            ],
            [
              14.2531012,
              48.2869804
            ],
            [
              14.2527326,
              48.2877309
            ],
            [
              14.2526612,
              48.2879148
            ],
            [
              14.2526154,
              48.2880308
            ],
            [
              14.252561,
              48.2882309
            ],
            [
              14.2525362,
              48.2883239
            ],
            [
              14.2524999,
              48.2885036
            ],
            [
              14.2524805,
              48.2886107
            ],
            [
              14.2524683,
              48.2886779
            ],
            [
              14.2524265,
              48.2889935
            ],
            [
              14.252399,
              48.2892672
            ],
            [
              14.2523958,
              48.2892993
            ],
            [
              14.2523935,
              48.2894431
            ],
            [
              14.2523925,
              48.2895096
            ],
            [
              14.2523909,
              48.2897871
            ],
            [
              14.2523978,
              48.2899179
            ],
            [
              14.2524134,
              48.2900229
            ],
            [
              14.252443,
              48.2901429
            ],
            [
              14.2524668,
              48.2902341
            ],
            [
              14.2524832,
              48.2902971
            ],
            [
              14.2525412,
              48.2904845
            ],
            [
              14.2525655,
              48.2905445
            ],
            [
              14.2526129,
              48.2906388
            ],
            [
              14.2526831,
              48.2907583
            ],
            [
              14.2527951,
              48.2909273
            ],
            [
              14.252913,
              48.2910894
            ],
            [
              14.2529748,
              48.2911732
            ],
            [
              14.2530203,
              48.291235
            ],
            [
              14.2531515,
              48.291413
            ],
            [
              14.2532338,
              48.2915215
            ],
            [
              14.2532868,
              48.2915846
            ],
            [
              14.2533891,
              48.2917065
            ],
            [
              14.2535228,
              48.2918307
            ],
            [
              14.2537901,
              48.2920235
            ],
            [
              14.2540508,
              48.2921982
            ],
            [
              14.2542033,
              48.2923013
            ],
            [
              14.2547639,
              48.2926483
            ],
            [
              14.2548464,
              48.2926993
            ],
            [
              14.2550341,
              48.2928155
            ],
            [
              14.25532,
              48.2929755
            ],
            [
              14.2555884,
              48.2931145
            ],
            [
              14.2557789,
              48.2932063
            ],
            [
              14.2562978,
              48.2934459
            ],
            [
              14.256313,
              48.2934529
            ],
            [
              14.2566104,
              48.293586
            ],
            [
              14.2567931,
              48.2936678
            ],
            [
              14.2572634,
              48.2938742
            ],
            [
              14.2575308,
              48.2939915
            ],
            [
              14.2576053,
              48.2940231
            ],
            [
              14.2577101,
              48.2940676
            ],
            [
              14.2579225,
              48.2941578
            ],
            [
              14.2583519,
              48.2943426
            ],
            [
              14.2586948,
              48.2944876
            ],
            [
              14.2589008,
              48.2945736
            ],
            [
              14.259096,
              48.2946474
            ],
            [
              14.2591523,
              48.294667
            ],
            [
              14.2592327,
              48.2946949
            ],
            [
              14.2593469,
              48.2947268
            ],
            [
              14.2595213,
              48.2947582
            ],
            [
              14.2597361,
              48.2947783
            ],
            [
              14.2599946,
              48.2948109
            ],
            [
              14.2607196,
              48.2949193
            ],
            [
              14.2609965,
              48.2949544
            ],
            [
              14.261103,
              48.2949522
            ],
            [
              14.2612184,
              48.2949407
            ],
            [
              14.2613566,
              48.2949145
            ],
            [
              14.2615647,
              48.2948646
            ],
            [
              14.2616686,
              48.2948332
            ],
            [
              14.2617906,
              48.2947954
            ],
            [
              14.2618842,
              48.2947664
            ],
            [
              14.2621322,
              48.294683
            ],
            [
              14.2623645,
              48.2946013
            ],
            [
              14.2624211,
              48.294581
            ],
            [
              14.2625739,
              48.2945261
            ],
            [
              14.262626,
              48.2945074
            ],
            [
              14.2627959,
              48.2944394
            ],
            [
              14.2629868,
              48.2943569
            ],
            [
              14.2630549,
              48.294325
            ],
            [
              14.2631834,
              48.2942648
            ],
            [
              14.2634287,
              48.2941297
            ],
            [
              14.2634948,
              48.2940868
            ],
            [
              14.263552,
              48.2940496
            ],
            [
              14.2636883,
              48.2939369
            ],
            [
              14.2637681,
              48.2938637
            ],
            [
              14.2640682,
              48.2935806
            ],
            [
              14.2642083,
              48.2934685
            ],
            [
              14.2643622,
              48.2933466
            ],
            [
              14.2644035,
              48.293314
            ],
            [
              14.264584,
              48.2931655
            ],
            [
              14.2646503,
              48.2931052
            ],
            [
              14.2648541,
              48.2929165
            ],
            [
              14.2650489,
              48.2927383
            ],
            [
              14.2652274,
              48.2925743
            ],
            [
              14.2654101,
              48.2924235
            ],
            [
              14.2656117,
              48.2922615
            ],
            [
              14.2658069,
              48.2921141
            ],
            [
              14.2658614,
              48.2920728
            ],
            [
              14.266039,
              48.2919498
            ],
            [
              14.2660725,
              48.2919269
            ],
            [
              14.2662434,
              48.2918186
            ],
            [
              14.2663185,
              48.2917824
            ],
            [
              14.2664031,
              48.2917415
            ],
            [
              14.2665726,
              48.291677
            ],
            [
              14.2668152,
              48.2916063
            ],
            [
              14.2669797,
              48.2915626
            ],
            [
              14.2671345,
              48.2915101
            ],
            [
              14.2672544,
              48.2914549
            ],
            [
              14.2674176,
              48.2913669
            ],
            [
              14.2675519,
              48.2912786
            ],
            [
              14.2676689,
              48.2911814
            ],
            [
              14.2677238,
              48.2911307
            ],
            [
              14.2677839,
              48.2910753
            ],
            [
              14.2678275,
              48.2910308
            ],
            [
              14.267944,
              48.290911
            ],
            [
              14.2679508,
              48.290904
            ],
            [
              14.2679683,
              48.290886
            ],
            [
              14.2679926,
              48.2908513
            ],
            [
              14.2680212,
              48.2908127
            ],
            [
              14.2680649,
              48.2907314
            ],
            [
              14.2682281,
              48.2907925
            ],
            [
              14.268315,
              48.2908244
            ],
            [
              14.2684959,
              48.2909127
            ],
            [
              14.2686022,
              48.2909794
            ],
            [
              14.2687099,
              48.2910525
            ],
            [
              14.2687638,
              48.2910912
            ],
            [
              14.2689396,
              48.2912172
            ],
            [
              14.2690559,
              48.2913051
            ],
            [
              14.2691889,
              48.29142
            ],
            [
              14.2693115,
              48.2915375
            ],
            [
              14.2693885,
              48.2916091
            ],
            [
              14.2694237,
              48.2916429
            ],
            [
              14.2694659,
              48.2916866
            ],
            [
              14.2695652,
              48.2917896
            ],
            [
              14.2697642,
              48.2920073
            ],
            [
              14.2698242,
              48.2920849
            ],
            [
              14.2698915,
              48.2921784
            ],
            [
              14.270071,
              48.2924591
            ],
            [
              14.2701266,
              48.2925609
            ],
            [
              14.2702729,
              48.2925509
            ],
            [
              14.2703129,
              48.2925481
            ],
            [
              14.2704108,
              48.2925411
            ],
            [
              14.270532,
              48.2925284
            ],
            [
              14.2707286,
              48.2925007
            ],
            [
              14.2709428,
              48.2924629
            ],
            [
              14.2710246,
              48.2924436
            ],
            [
              14.2711279,
              48.2924188
            ],
            [
              14.2712492,
              48.2923858
            ],
            [
              14.2713754,
              48.2923495
            ],
            [
              14.2715099,
              48.2923048
            ],
            [
              14.2717561,
              48.2922063
            ],
            [
              14.2721545,
              48.2920505
            ],
            [
              14.2723473,
              48.2919781
            ],
            [
              14.2726202,
              48.2918716
            ],
            [
              14.2727128,
              48.2918355
            ],
            [
              14.2733931,
              48.2915599
            ],
            [
              14.2734796,
              48.2915248
            ],
            [
              14.2736734,
              48.2914463
            ],
            [
              14.2737409,
              48.291419
            ],
            [
              14.2738606,
              48.2913705
            ],
            [
              14.2740493,
              48.291294
            ],
            [
              14.2741743,
              48.2912445
            ],
            [
              14.274298,
              48.2911976
            ],
            [
              14.2744631,
              48.2911416
            ],
            [
              14.2746654,
              48.2910748
            ],
            [
              14.2747991,
              48.2910352
            ],
            [
              14.2749203,
              48.2910058
            ],
            [
              14.2751102,
              48.2909626
            ],
            [
              14.2752438,
              48.2909329
            ],
            [
              14.2753153,
              48.290917
            ],
            [
              14.2755141,
              48.2908842
            ],
            [
              14.2758271,
              48.2908423
            ],
            [
              14.2758733,
              48.2908361
            ],
            [
              14.2758914,
              48.2908336
            ],
            [
              14.2759563,
              48.2908246
            ],
            [
              14.2760332,
              48.2908154
            ],
            [
              14.2762156,
              48.2907891
            ],
            [
              14.2762817,
              48.2907796
            ],
            [
              14.2771983,
              48.2906527
            ],
            [
              14.2778407,
              48.2905638
            ],
            [
              14.2783267,
              48.2904965
            ],
            [
              14.2786011,
              48.2904586
            ],
            [
              14.2789992,
              48.2904035
            ],
            [
              14.2790527,
              48.2903961
            ],
            [
              14.2793672,
              48.2903525
            ],
            [
              14.2795117,
              48.2903325
            ],
            [
              14.2796822,
              48.2903191
            ],
            [
              14.2797103,
              48.2903202
            ],
            [
              14.2799571,
              48.2903299
            ],
            [
              14.2800683,
              48.2903354
            ],
            [
              14.2801999,
              48.2903419
            ],
            [
              14.2803865,
              48.290351
            ],
            [
              14.2804054,
              48.2903519
            ],
            [
              14.2808525,
              48.2903739
            ],
            [
              14.2809341,
              48.2903779
            ],
            [
              14.2810667,
              48.2903844
            ],
            [
              14.2815861,
              48.2904099
            ],
            [
              14.2821209,
              48.2904362
            ],
            [
              14.282185,
              48.2904394
            ],
            [
              14.282283,
              48.2904408
            ],
            [
              14.2823595,
              48.2904419
            ],
            [
              14.2825439,
              48.2904377
            ],
            [
              14.2826658,
              48.2904303
            ],
            [
              14.2827944,
              48.2904168
            ],
            [
              14.2829477,
              48.290395
            ],
            [
              14.2830731,
              48.2903735
            ],
            [
              14.2831522,
              48.2903589
            ],
            [
              14.2832032,
              48.2903495
            ],
            [
              14.2836707,
              48.2902635
            ],
            [
              14.284565,
              48.2900985
            ],
            [
              14.2848096,
              48.2900553
            ],
            [
              14.2858185,
              48.2898666
            ],
            [
              14.2860453,
              48.2898094
            ],
            [
              14.286271,
              48.2897411
            ],
            [
              14.2863796,
              48.2897059
            ],
            [
              14.286668,
              48.2896123
            ],
            [
              14.2871788,
              48.2894455
            ],
            [
              14.287342,
              48.2893977
            ],
            [
              14.287396,
              48.2893963
            ],
            [
              14.2874584,
              48.2893947
            ],
            [
              14.2874856,
              48.289394
            ],
            [
              14.2876366,
              48.2894003
            ],
            [
              14.2876373,
              48.2894265
            ],
            [
              14.2876389,
              48.2894921
            ],
            [
              14.287657,
              48.2895813
            ],
            [
              14.2876971,
              48.2896823
            ],
            [
              14.2877348,
              48.2897604
            ],
            [
              14.2877742,
              48.2898288
            ],
            [
              14.2877862,
              48.2898483
            ],
            [
              14.2878535,
              48.2899141
            ],
            [
              14.2879226,
              48.2899829
            ],
            [
              14.2879571,
              48.2900101
            ],
            [
              14.2880431,
              48.2900765
            ],
            [
              14.2880855,
              48.2901073
            ],
            [
              14.2881649,
              48.2901643
            ],
            [
              14.2882996,
              48.2902419
            ],
            [
              14.2888147,
              48.2904369
            ],
            [
              14.2890849,
              48.2905398
            ],
            [
              14.289157,
              48.2905673
            ],
            [
              14.2892542,
              48.2905863
            ],
            [
              14.2893375,
              48.2906029
            ],
            [
              14.2895209,
              48.2906481
            ],
            [
              14.2897091,
              48.2906224
            ],
            [
              14.2897448,
              48.2906272
            ],
            [
              14.2899265,
              48.2907013
            ],
            [
              14.2900077,
              48.2907428
            ],
            [
              14.290076,
              48.2907847
            ],
            [
              14.2901344,
              48.290832
            ],
            [
              14.2901896,
              48.2908899
            ],
            [
              14.2904739,
              48.2912259
            ],
            [
              14.2905788,
              48.2913499
            ],
            [
              14.2909659,
              48.2918075
            ],
            [
              14.2909872,
              48.2918409
            ],
            [
              14.2909871,
              48.2918616
            ],
            [
              14.2909863,
              48.2918814
            ],
            [
              14.2909689,
              48.2919291
            ],
            [
              14.2909639,
              48.2919481
            ],
            [
              14.290963,
              48.2919594
            ],
            [
              14.2909653,
              48.2919717
            ],
            [
              14.291022,
              48.2920416
            ],
            [
              14.2913042,
              48.2923777
            ],
            [
              14.2916737,
              48.292817
            ],
            [
              14.2919681,
              48.293167
            ],
            [
              14.2920222,
              48.2932314
            ],
            [
              14.2921216,
              48.2933496
            ],
            [
              14.2920412,
              48.293457
            ],
            [
              14.2919818,
              48.2935156
            ],
            [
              14.2916649,
              48.2938507
            ],
            [
              14.2909999,
              48.2945567
            ],
            [
              14.290948,
              48.2946109
            ],
            [
              14.2907651,
              48.294802
            ],
            [
              14.2906011,
              48.2949808
            ],
            [
              14.2904539,
              48.295131
            ],
            [
              14.2903884,
              48.2952025
            ],
            [
              14.2901394,
              48.2955041
            ],
            [
              14.2901238,
              48.2955229
            ],
            [
              14.2900948,
              48.295574
            ],
            [
              14.2900831,
              48.295632
            ],
            [
              14.2901538,
              48.2956882
            ],
            [
              14.2902298,
              48.2957277
            ],
            [
              14.2902728,
              48.2957387
            ],
            [
              14.2910896,
              48.2959485
            ],
            [
              14.2911901,
              48.2959736
            ],
            [
              14.291412,
              48.2960289
            ],
            [
              14.2917472,
              48.2961139
            ],
            [
              14.2917955,
              48.2961261
            ],
            [
              14.291855,
              48.296141
            ],
            [
              14.2919618,
              48.2961691
            ],
            [
              14.2919868,
              48.2961756
            ],
            [
              14.2920071,
              48.2961809
            ],
            [
              14.2921303,
              48.2962133
            ],
            [
              14.2921703,
              48.2962238
            ],
            [
              14.2932473,
              48.296507
            ],
            [
              14.2940272,
              48.2967124
            ],
            [
              14.2940983,
              48.296731
            ],
            [
              14.2941672,
              48.2967491
            ],
            [
              14.2950259,
              48.2969729
            ],
            [
              14.2955084,
              48.2970994
            ],
            [
              14.2955361,
              48.2971066
            ],
            [
              14.2956474,
              48.2971354
            ],
            [
              14.2957348,
              48.2971581
            ],
            [
              14.2957777,
              48.2971692
            ],
            [
              14.2962408,
              48.2972865
            ],
            [
              14.296855,
              48.297445
            ],
            [
              14.2969289,
              48.2974639
            ],
            [
              14.2970003,
              48.2974822
            ],
            [
              14.297062,
              48.2974979
            ],
            [
              14.2971059,
              48.2975092
            ],
            [
              14.2974716,
              48.2976028
            ],
            [
              14.297683,
              48.2976569
            ],
            [
              14.2981039,
              48.2977646
            ],
            [
              14.2984325,
              48.2978488
            ],
            [
              14.2984711,
              48.2978586
            ],
            [
              14.2985932,
              48.2978898
            ],
            [
              14.2987195,
              48.2979228
            ],
            [
              14.2987858,
              48.2979402
            ],
            [
              14.2988926,
              48.2979681
            ],
            [
              14.2990002,
              48.2979962
            ],
            [
              14.299335,
              48.2980836
            ],
            [
              14.3000093,
              48.2982598
            ],
            [
              14.3000746,
              48.2982769
            ],
            [
              14.3001486,
              48.2982962
            ],
            [
              14.3009788,
              48.298513
            ],
            [
              14.3013626,
              48.2986133
            ],
            [
              14.3014305,
              48.2986252
            ],
            [
              14.301504,
              48.2986337
            ],
            [
              14.301573,
              48.2986348
            ],
            [
              14.3017108,
              48.2986146
            ],
            [
              14.3017958,
              48.2985896
            ],
            [
              14.3018288,
              48.2985781
            ],
            [
              14.3019018,
              48.2985526
            ],
            [
              14.3022166,
              48.2984428
            ],
            [
              14.3023775,
              48.2983867
            ],
            [
              14.3024759,
              48.2984976
            ],
            [
              14.302521,
              48.2985396
            ],
            [
              14.3025501,
              48.2985673
            ],
            [
              14.3026662,
              48.2986781
            ],
            [
              14.3027652,
              48.2987665
            ],
            [
              14.3028526,
              48.2988318
            ],
            [
              14.3029744,
              48.2989044
            ],
            [
              14.3030241,
              48.298934
            ],
            [
              14.3031606,
              48.2989902
            ],
            [
              14.3032929,
              48.2990443
            ],
            [
              14.3033407,
              48.2990655
            ],
            [
              14.3038129,
              48.299275
            ],
            [
              14.3039758,
              48.2993475
            ],
            [
              14.3041186,
              48.299411
            ],
            [
              14.3044214,
              48.2995281
            ],
            [
              14.3045838,
              48.2995909
            ],
            [
              14.3050859,
              48.2997789
            ],
            [
              14.3051068,
              48.2997867
            ],
            [
              14.3054709,
              48.299923
            ],
            [
              14.3055407,
              48.2999491
            ],
            [
              14.3055842,
              48.2999654
            ],
            [
              14.3057388,
              48.3000189
            ],
            [
              14.3059267,
              48.3000612
            ],
            [
              14.3060233,
              48.3000734
            ],
            [
              14.3061038,
              48.3000836
            ],
            [
              14.3072412,
              48.3002112
            ],
            [
              14.3074834,
              48.3002375
            ],
            [
              14.3076171,
              48.3002521
            ],
            [
              14.3079655,
              48.30029
            ],
            [
              14.3080166,
              48.3002955
            ],
            [
              14.3082818,
              48.3003244
            ],
            [
              14.308605,
              48.3003595
            ],
            [
              14.3086477,
              48.3003642
            ],
            [
              14.3087832,
              48.3003789
            ],
            [
              14.3090426,
              48.3004092
            ],
            [
              14.3100669,
              48.3005291
            ],
            [
              14.3101645,
              48.3005404
            ],
            [
              14.3104752,
              48.3005767
            ],
            [
              14.3105597,
              48.3005866
            ],
            [
              14.3109854,
              48.3006364
            ],
            [
              14.3110392,
              48.3006427
            ],
            [
              14.3113232,
              48.3006759
            ],
            [
              14.3114256,
              48.3006876
            ],
            [
              14.311499,
              48.300696
            ],
            [
              14.3121671,
              48.3007726
            ],
            [
              14.3123997,
              48.3007992
            ],
            [
              14.3124504,
              48.3008052
            ],
            [
              14.312698,
              48.3008348
            ],
            [
              14.3131104,
              48.3008842
            ],
            [
              14.3132186,
              48.3008963
            ],
            [
              14.3134456,
              48.3009242
            ],
            [
              14.3142089,
              48.3010178
            ],
            [
              14.3145245,
              48.3010609
            ],
            [
              14.3145932,
              48.3010703
            ],
            [
              14.3147214,
              48.3010878
            ],
            [
              14.3148541,
              48.301106
            ],
            [
              14.3152703,
              48.3011886
            ],
            [
              14.3154736,
              48.301236
            ],
            [
              14.3156847,
              48.3012831
            ],
            [
              14.3170472,
              48.301629
            ],
            [
              14.3181293,
              48.3018972
            ],
            [
              14.3184455,
              48.3019743
            ],
            [
              14.3188919,
              48.3020829
            ],
            [
              14.319018,
              48.3021141
            ],
            [
              14.3191036,
              48.3021357
            ],
            [
              14.3192856,
              48.3021817
            ],
            [
              14.3190851,
              48.302405
            ],
            [
              14.3189126,
              48.3026119
            ],
            [
              14.3185244,
              48.3030799
            ],
            [
              14.3184512,
              48.3031717
            ],
            [
              14.3183249,
              48.3033186
            ],
            [
              14.3180384,
              48.3036997
            ],
            [
              14.3178906,
              48.3039011
            ],
            [
              14.3177782,
              48.3040616
            ],
            [
              14.317623,
              48.3042995
            ],
            [
              14.3173829,
              48.3046583
            ],
            [
              14.3173128,
              48.304778
            ],
            [
              14.3172511,
              48.3048836
            ],
            [
              14.3171889,
              48.3049897
            ],
            [
              14.3171128,
              48.3051178
            ],
            [
              14.3170247,
              48.3052662
            ],
            [
              14.316905,
              48.3054677
            ],
            [
              14.3168217,
              48.305608
            ],
            [
              14.3169871,
              48.305648
            ],
            [
              14.3170573,
              48.305665
            ],
            [
              14.3174354,
              48.305768
            ],
            [
              14.3177335,
              48.3058453
            ],
            [
              14.3178884,
              48.3058854
            ],
            [
              14.3183058,
              48.30599
            ],
            [
              14.3184254,
              48.3060191
            ],
            [
              14.3184773,
              48.3060317
            ],
            [
              14.3195354,
              48.3062811
            ],
            [
              14.3196507,
              48.3063049
            ],
            [
              14.319701,
              48.3063153
            ],
            [
              14.3203537,
              48.3064502
            ],
            [
              14.3204639,
              48.306473
            ],
            [
              14.3206679,
              48.3065152
            ],
            [
              14.3207889,
              48.3065402
            ],
            [
              14.3211158,
              48.3066077
            ],
            [
              14.3212018,
              48.3066255
            ],
            [
              14.3214257,
              48.3066728
            ],
            [
              14.3215951,
              48.3067086
            ],
            [
              14.3219328,
              48.30678
            ],
            [
              14.3220484,
              48.306805
            ],
            [
              14.3224163,
              48.3068844
            ],
            [
              14.3228126,
              48.30697
            ],
            [
              14.3228901,
              48.3069867
            ],
            [
              14.3231169,
              48.3070357
            ],
            [
              14.3234369,
              48.3071047
            ],
            [
              14.3235363,
              48.3071266
            ],
            [
              14.3236268,
              48.3071466
            ],
            [
              14.3239376,
              48.3072133
            ],
            [
              14.3240048,
              48.3072277
            ],
            [
              14.3243128,
              48.3072938
            ],
            [
              14.3245501,
              48.3073447
            ],
            [
              14.3247824,
              48.3073941
            ],
            [
              14.3252132,
              48.3074856
            ],
            [
              14.3255335,
              48.3075537
            ],
            [
              14.3259597,
              48.3076435
            ],
            [
              14.3268929,
              48.3078425
            ],
            [
              14.3269424,
              48.3078532
            ],
            [
              14.3277038,
              48.3080149
            ],
            [
              14.3277752,
              48.3080301
            ],
            [
              14.328226,
              48.308126
            ],
            [
              14.3282583,
              48.3080508
            ],
            [
              14.328698,
              48.3070236
            ],
            [
              14.3287564,
              48.3068923
            ],
            [
              14.328841,
              48.306694
            ],
            [
              14.328882,
              48.3065983
            ],
            [
              14.3288773,
              48.3065467
            ],
            [
              14.3288665,
              48.3065138
            ],
            [
              14.3288319,
              48.3064657
            ],
            [
              14.3288058,
              48.3064455
            ],
            [
              14.3287887,
              48.3064368
            ],
            [
              14.3287752,
              48.306427
            ],
            [
              14.3287644,
              48.3064158
            ],
            [
              14.3287562,
              48.3064028
            ],
            [
              14.328752,
              48.3063911
            ],
            [
              14.3287506,
              48.306378
            ],
            [
              14.3287523,
              48.3063654
            ],
            [
              14.3287579,
              48.3063515
            ],
            [
              14.3287666,
              48.3063393
            ],
            [
              14.3287815,
              48.3063257
            ],
            [
              14.3287967,
              48.3063164
            ],
            [
              14.3288124,
              48.3063097
            ],
            [
              14.3288335,
              48.3063037
            ],
            [
              14.3288944,
              48.3062807
            ],
            [
              14.3289416,
              48.3062565
            ],
            [
              14.3289945,
              48.3062209
            ],
            [
              14.3290377,
              48.3061861
            ],
            [
              14.3290489,
              48.306124
            ],
            [
              14.3290613,
              48.3060036
            ],
            [
              14.3290696,
              48.3058959
            ],
            [
              14.3291071,
              48.3053257
            ],
            [
              14.3291706,
              48.3045826
            ],
            [
              14.3291771,
              48.3044611
            ],
            [
              14.3291805,
              48.3043849
            ],
            [
              14.3291837,
              48.3043074
            ],
            [
              14.3291782,
              48.3042361
            ],
            [
              14.3291617,
              48.3041315
            ],
            [
              14.3291569,
              48.3040822
            ],
            [
              14.3291517,
              48.3040346
            ],
            [
              14.3291484,
              48.3039179
            ],
            [
              14.3291534,
              48.303815
            ],
            [
              14.3291691,
              48.3037212
            ],
            [
              14.3291968,
              48.3036169
            ],
            [
              14.3292387,
              48.3034996
            ],
            [
              14.3292497,
              48.3034751
            ],
            [
              14.329282,
              48.3034032
            ],
            [
              14.3293408,
              48.3032735
            ],
            [
              14.3293852,
              48.3031658
            ],
            [
              14.3294132,
              48.3030869
            ],
            [
              14.3294393,
              48.3029678
            ],
            [
              14.3294582,
              48.3028511
            ],
            [
              14.3294662,
              48.3027418
            ],
            [
              14.3294647,
              48.3025957
            ],
            [
              14.3294461,
              48.3024226
            ],
            [
              14.3294209,
              48.3023198
            ],
            [
              14.3293858,
              48.302207
            ],
            [
              14.3293463,
              48.3021038
            ],
            [
              14.3292782,
              48.3019636
            ],
            [
              14.3292153,
              48.3018553
            ],
            [
              14.3291464,
              48.3017557
            ],
            [
              14.3290649,
              48.3016477
            ],
            [
              14.3289809,
              48.3015541
            ],
            [
              14.3289078,
              48.3014836
            ],
            [
              14.3288915,
              48.3014679
            ],
            [
              14.328775,
              48.3013627
            ],
            [
              14.3286519,
              48.3012658
            ],
            [
              14.3285459,
              48.3011889
            ],
            [
              14.328449,
              48.3011204
            ],
            [
              14.3283544,
              48.3010496
            ],
            [
              14.3283031,
              48.3010068
            ],
            [
              14.3282448,
              48.3009527
            ],
            [
              14.32819,
              48.3008936
            ],
            [
              14.3281556,
              48.3008497
            ],
            [
              14.3281294,
              48.300814
            ],
            [
              14.3280876,
              48.3007539
            ],
            [
              14.3280411,
              48.3006794
            ],
            [
              14.3280213,
              48.3006398
            ],
            [
              14.3280026,
              48.3005918
            ],
            [
              14.3279856,
              48.3005404
            ],
            [
              14.327977,
              48.3004901
            ],
            [
              14.3279759,
              48.3004537
            ],
            [
              14.3279767,
              48.3004405
            ],
            [
              14.3279837,
              48.3003273
            ],
            [
              14.327995,
              48.3001803
            ],
            [
              14.3280007,
              48.3001064
            ],
            [
              14.3280213,
              48.299867
            ],
            [
              14.328054,
              48.2995223
            ],
            [
              14.3280642,
              48.2993932
            ],
            [
              14.3280749,
              48.2992271
            ],
            [
              14.328083,
              48.2991088
            ],
            [
              14.3280858,
              48.2990695
            ],
            [
              14.3280781,
              48.2990192
            ],
            [
              14.3280679,
              48.2989801
            ],
            [
              14.3280532,
              48.2989567
            ],
            [
              14.3280313,
              48.2989323
            ],
            [
              14.3280139,
              48.2989265
            ],
            [
              14.3280005,
              48.2989208
            ],
            [
              14.3279876,
              48.2989139
            ],
            [
              14.3279763,
              48.2989066
            ],
            [
              14.3278983,
              48.2988857
            ],
            [
              14.3278243,
              48.2988726
            ],
            [
              14.3277042,
              48.2988613
            ],
            [
              14.3274865,
              48.2988538
            ],
            [
              14.3274002,
              48.2988508
            ],
            [
              14.3273319,
              48.2988484
            ],
            [
              14.3268625,
              48.2988322
            ],
            [
              14.3266973,
              48.2988264
            ],
            [
              14.3263654,
              48.2988149
            ],
            [
              14.3262179,
              48.2988098
            ],
            [
              14.3261211,
              48.2988043
            ],
            [
              14.326007,
              48.2987978
            ],
            [
              14.3259581,
              48.298793
            ],
            [
              14.3259174,
              48.2987886
            ],
            [
              14.3258866,
              48.2987842
            ],
            [
              14.3258475,
              48.298776
            ],
            [
              14.3258093,
              48.2987658
            ],
            [
              14.3257395,
              48.2987477
            ],
            [
              14.3256816,
              48.29873
            ],
            [
              14.3256153,
              48.2987074
            ],
            [
              14.3255617,
              48.2986866
            ],
            [
              14.3255117,
              48.2986644
            ],
            [
              14.3254471,
              48.2986331
            ],
            [
              14.3253842,
              48.2985981
            ],
            [
              14.3253311,
              48.2985662
            ],
            [
              14.3252747,
              48.2985273
            ],
            [
              14.3252294,
              48.2984921
            ],
            [
              14.3251766,
              48.2984486
            ],
            [
              14.3251226,
              48.2983988
            ],
            [
              14.32505,
              48.2983271
            ],
            [
              14.324887,
              48.2981689
            ],
            [
              14.3247746,
              48.2980623
            ],
            [
              14.3246169,
              48.2979187
            ],
            [
              14.3245121,
              48.2978323
            ],
            [
              14.3244216,
              48.2977687
            ],
            [
              14.3242673,
              48.2976712
            ],
            [
              14.3241246,
              48.29759
            ],
            [
              14.3240199,
              48.2975369
            ],
            [
              14.323909,
              48.2974858
            ],
            [
              14.323811,
              48.2974433
            ],
            [
              14.3237129,
              48.2974055
            ],
            [
              14.3236242,
              48.2973763
            ],
            [
              14.3235823,
              48.2973639
            ],
            [
              14.3235268,
              48.2973472
            ],
            [
              14.3234215,
              48.2973154
            ],
            [
              14.323371,
              48.2974246
            ],
            [
              14.3233403,
              48.2974908
            ],
            [
              14.3232966,
              48.2975826
            ],
            [
              14.3232516,
              48.2976722
            ],
            [
              14.3230956,
              48.2979703
            ]
          ],
          [
            [
              14.3232838,
              48.2978648
            ],
            [
              14.3231941,
              48.2980344
            ]
          ],
          [
            [
              14.3274731,
              48.2989247
            ],
            [
              14.3276988,
              48.2989328
            ]
          ],
          [
            [
              14.3211788,
              48.3065593
            ],
            [
              14.3211707,
              48.3065758
            ],
            [
              14.3209365,
              48.3065253
            ],
            [
              14.3209446,
              48.3065086
            ]
          ],
          [
            [
              14.3172185,
              48.3051993
            ],
            [
              14.3171887,
              48.3051915
            ],
            [
              14.317299,
              48.3050048
            ],
            [
              14.3173259,
              48.3050119
            ]
          ],
          [
            [
              14.3190686,
              48.3020074
            ],
            [
              14.319057,
              48.3020264
            ],
            [
              14.3186392,
              48.3019275
            ],
            [
              14.3186147,
              48.3019142
            ]
          ],
          [
            [
              14.3105023,
              48.3005025
            ],
            [
              14.3101806,
              48.3004596
            ]
          ],
          [
            [
              14.303924,
              48.2991895
            ],
            [
              14.303906,
              48.2992075
            ],
            [
              14.3034988,
              48.299011
            ]
          ],
          [
            [
              14.29938,
              48.2980099
            ],
            [
              14.2991305,
              48.2979457
            ]
          ],
          [
            [
              14.2960592,
              48.2971922
            ],
            [
              14.2963154,
              48.2972597
            ]
          ],
          [
            [
              14.2915654,
              48.2959837
            ],
            [
              14.291898,
              48.2960694
            ]
          ],
          [
            [
              14.2908416,
              48.2948879
            ],
            [
              14.2908087,
              48.2948745
            ],
            [
              14.2906043,
              48.2950967
            ],
            [
              14.2906338,
              48.2951087
            ]
          ],
          [
            [
              14.2902328,
              48.2908133
            ],
            [
              14.2902412,
              48.2908624
            ],
            [
              14.2902796,
              48.2908946
            ],
            [
              14.2903734,
              48.2909894
            ],
            [
              14.2905946,
              48.2912475
            ],
            [
              14.2906501,
              48.2912521
            ]
          ],
          [
            [
              14.2880144,
              48.2899953
            ],
            [
              14.2880625,
              48.2900335
            ],
            [
              14.2881326,
              48.2900887
            ]
          ],
          [
            [
              14.2809999,
              48.2903282
            ],
            [
              14.2807102,
              48.2903138
            ]
          ],
          [
            [
              14.2762721,
              48.290703
            ],
            [
              14.2762576,
              48.2907049
            ],
            [
              14.2760126,
              48.2907394
            ]
          ],
          [
            [
              14.2718351,
              48.2920934
            ],
            [
              14.2716753,
              48.2921561
            ],
            [
              14.2715723,
              48.2921965
            ]
          ],
          [
            [
              14.2636231,
              48.2938987
            ],
            [
              14.2635698,
              48.2939275
            ],
            [
              14.2634279,
              48.2940387
            ]
          ],
          [
            [
              14.258197,
              48.2942024
            ],
            [
              14.2582328,
              48.2942128
            ],
            [
              14.2583906,
              48.2942827
            ],
            [
              14.2584308,
              48.2943118
            ]
          ],
          [
            [
              14.2531089,
              48.2912003
            ],
            [
              14.2532172,
              48.2913721
            ]
          ],
          [
            [
              14.2537093,
              48.285462
            ],
            [
              14.2538245,
              48.2855547
            ],
            [
              14.253895,
              48.2856115
            ]
          ],
          [
            [
              14.2501151,
              48.281973
            ],
            [
              14.2499901,
              48.2818578
            ],
            [
              14.2499447,
              48.2818221
            ]
          ],
          [
            [
              14.2486697,
              48.2805063
            ],
            [
              14.2487898,
              48.2806846
            ]
          ],
          [
            [
              14.2456294,
              48.2788381
            ],
            [
              14.2458071,
              48.2789333
            ]
          ],
          [
            [
              14.2387074,
              48.2767509
            ],
            [
              14.2387891,
              48.2767437
            ],
            [
              14.2389046,
              48.2767459
            ],
            [
              14.239055,
              48.2767529
            ]
          ],
          [
            [
              14.2323294,
              48.2765462
            ],
            [
              14.2327103,
              48.2765519
            ]
          ],
          [
            [
              14.2258556,
              48.2775153
            ],
            [
              14.2261101,
              48.2774656
            ],
            [
              14.2262006,
              48.2774709
            ]
          ],
          [
            [
              14.216387,
              48.2783873
            ],
            [
              14.2165359,
              48.2783936
            ],
            [
              14.2166546,
              48.2784034
            ]
          ],
          [
            [
              14.2081674,
              48.2756506
            ],
            [
              14.2078559,
              48.2755473
            ],
            [
              14.2077762,
              48.2755113
            ]
          ]
        ]
      },
      "id": "relation/1148401"
    }
  ]
}