{
  "type": "FeatureCollection",
  "features": [
    {
      "type": "Feature",
      "properties": {
        "@id": "relation/32252",
        "colour": "#ED3F80",
        "colour:text": "#FFFFFF",
        "from": "Universität",
        "gtfs:feed": "AT-Linz_AG",
        "gtfs:route_id": "at:esg:1:",
        "gtfs:shape_id": "1-1-E-e25-1.14.H",
        "gtfs:trip_id:like": "%1-1-E-e25-1.14.H",
        "gtfs:trip_id:sample": "1842.TA.1-1-E-e25-1.14.H",
        "name": "1: Universität – Auwiesen",
        "name:de": "1: Universität – Auwiesen",
        "name:en": "1: University – Auwiesen",
        "network": "OÖVV",
        "network:wikidata": "Q2011605",
        "operator": "Linz Linien GmbH",
        "public_transport:version": "2",
        "ref": "1",
        "route": "tram",
        "to": "Auwiesen",
        "type": "route",
        "wikidata": "Q121368138"
      },
      "geometry": {
        "type": "MultiLineString",
        "coordinates": [
          [
            [
              14.3201527,
              48.3347944
            ],
            [
              14.3201361,
              48.3347868
            ],
            [
              14.3201104,
              48.3347739
            ],
            [
              14.3200895,
              48.3347629
            ],
            [
              14.3200688,
              48.3347503
            ],
            [
              14.3200164,
              48.334718
            ],
            [
              14.3198241,
              48.3345937
            ],
            [
              14.3195439,
              48.3344112
            ],
            [
              14.3193625,
              48.3342935
            ],
            [
              14.3190533,
              48.3340929
            ],
            [
              14.3189716,
              48.3340378
            ],
            [
              14.3188917,
              48.3339826
            ],
            [
              14.3187435,
              48.3338685
            ],
            [
              14.3186832,
              48.3338188
            ],
            [
              14.3186235,
              48.333761
            ],
            [
              14.3185384,
              48.3336763
            ],
            [
              14.3185003,
              48.3336352
            ],
            [
              14.3184374,
              48.3335625
            ],
            [
              14.318368,
              48.3334781
            ],
            [
              14.3183202,
              48.333414
            ],
            [
              14.318253,
              48.3333122
            ],
            [
              14.3182005,
              48.3332288
            ],
            [
              14.3181498,
              48.3331424
            ],
            [
              14.3180619,
              48.3329804
            ],
            [
              14.3180154,
              48.33288
            ],
            [
              14.3179778,
              48.3327942
            ],
            [
              14.3179469,
              48.3327185
            ],
            [
              14.3179338,
              48.3326792
            ],
            [
              14.3179212,
              48.3326392
            ],
            [
              14.3179093,
              48.3325999
            ],
            [
              14.3179033,
              48.332565
            ],
            [
              14.3179009,
              48.3325331
            ],
            [
              14.317898,
              48.3324924
            ],
            [
              14.3178991,
              48.3324465
            ],
            [
              14.3179013,
              48.3324114
            ],
            [
              14.3179021,
              48.3323974
            ],
            [
              14.3179085,
              48.3323356
            ],
            [
              14.3179183,
              48.3322591
            ],
            [
              14.3179203,
              48.3322177
            ],
            [
              14.3179125,
              48.3321878
            ],
            [
              14.317899,
              48.332163
            ],
            [
              14.3178801,
              48.3321382
            ],
            [
              14.3178554,
              48.3321136
            ],
            [
              14.3178244,
              48.3320916
            ],
            [
              14.3177838,
              48.3320686
            ],
            [
              14.3177483,
              48.3320521
            ],
            [
              14.3177075,
              48.3320378
            ],
            [
              14.31767,
              48.3320293
            ],
            [
              14.3176406,
              48.3320225
            ],
            [
              14.3176005,
              48.3320189
            ],
            [
              14.3175618,
              48.3320157
            ],
            [
              14.3175121,
              48.3320152
            ],
            [
              14.3174942,
              48.3320163
            ],
            [
              14.3174582,
              48.3320196
            ],
            [
              14.3173964,
              48.3320301
            ],
            [
              14.3172934,
              48.3320486
            ],
            [
              14.3168098,
              48.3321425
            ],
            [
              14.3166555,
              48.3321724
            ],
            [
              14.3165175,
              48.3321999
            ],
            [
              14.3163952,
              48.3322245
            ],
            [
              14.3162453,
              48.3322494
            ],
            [
              14.3161204,
              48.3322664
            ],
            [
              14.3160105,
              48.3322766
            ],
            [
              14.3159027,
              48.3322826
            ],
            [
              14.3157932,
              48.3322822
            ],
            [
              14.3156753,
              48.3322781
            ],
            [
              14.3155636,
              48.3322719
            ],
            [
              14.3154608,
              48.3322622
            ],
            [
              14.315334,
              48.332247
            ],
            [
              14.3151586,
              48.3322197
            ],
            [
              14.3138171,
              48.3320154
            ],
            [
              14.3131516,
              48.3319158
            ],
            [
              14.3129843,
              48.3318898
            ],
            [
              14.3128679,
              48.3318711
            ],
            [
              14.3127222,
              48.3318476
            ],
            [
              14.3124993,
              48.3318168
            ],
            [
              14.3123993,
              48.3318071
            ],
            [
              14.3122725,
              48.3318012
            ],
            [
              14.3121466,
              48.3318003
            ],
            [
              14.312073,
              48.3318034
            ],
            [
              14.3120151,
              48.3318072
            ],
            [
              14.311962,
              48.3318115
            ],
            [
              14.3118614,
              48.3318232
            ],
            [
              14.3117347,
              48.3318407
            ],
            [
              14.3116388,
              48.331859
            ],
            [
              14.3115345,
              48.3318804
            ],
            [
              14.3114337,
              48.3319061
            ],
            [
              14.3112798,
              48.3319485
            ],
            [
              14.3109131,
              48.3320607
            ],
            [
              14.31055,
              48.3321702
            ],
            [
              14.3101803,
              48.3322807
            ],
            [
              14.3098099,
              48.3323943
            ],
            [
              14.3095584,
              48.3324709
            ],
            [
              14.3092891,
              48.3325568
            ],
            [
              14.3090299,
              48.3326422
            ],
            [
              14.3089861,
              48.3326575
            ],
            [
              14.3088919,
              48.33269
            ],
            [
              14.3087687,
              48.3327313
            ],
            [
              14.308184,
              48.3329302
            ],
            [
              14.3078993,
              48.3330315
            ],
            [
              14.3076057,
              48.3331382
            ],
            [
              14.3073305,
              48.3332568
            ],
            [
              14.3069573,
              48.3334397
            ],
            [
              14.306599,
              48.3336192
            ],
            [
              14.3062848,
              48.3337788
            ],
            [
              14.3060898,
              48.3338655
            ],
            [
              14.3059315,
              48.3339291
            ],
            [
              14.305721,
              48.3340044
            ],
            [
              14.3055693,
              48.3340557
            ],
            [
              14.305384,
              48.3341072
            ],
            [
              14.30519,
              48.3341558
            ],
            [
              14.305051,
              48.3341851
            ],
            [
              14.3049204,
              48.3342074
            ],
            [
              14.3048138,
              48.3342224
            ],
            [
              14.3047053,
              48.3342347
            ],
            [
              14.304586,
              48.3342435
            ],
            [
              14.3044563,
              48.3342484
            ],
            [
              14.3043381,
              48.3342504
            ],
            [
              14.3042879,
              48.3342495
            ],
            [
              14.3041604,
              48.3342455
            ],
            [
              14.3037831,
              48.3342289
            ],
            [
              14.3029898,
              48.3341886
            ],
            [
              14.302478,
              48.3341579
            ],
            [
              14.3022463,
              48.3341467
            ],
            [
              14.3020707,
              48.3341332
            ],
            [
              14.3019256,
              48.3341193
            ],
            [
              14.3015134,
              48.3340923
            ],
            [
              14.3012619,
              48.3340825
            ],
            [
              14.3008617,
              48.3340781
            ],
            [
              14.3007939,
              48.3340787
            ],
            [
              14.3006574,
              48.3340791
            ],
            [
              14.3005091,
              48.3340817
            ],
            [
              14.3002417,
              48.3340956
            ],
            [
              14.300143,
              48.3341028
            ],
            [
              14.2999725,
              48.334116
            ],
            [
              14.2998373,
              48.334128
            ],
            [
              14.2994618,
              48.3341663
            ],
            [
              14.2990815,
              48.3342027
            ],
            [
              14.2988668,
              48.3342238
            ],
            [
              14.2986875,
              48.3342419
            ],
            [
              14.2986023,
              48.3342497
            ],
            [
              14.2984543,
              48.3342631
            ],
            [
              14.2983064,
              48.3342694
            ],
            [
              14.2982243,
              48.3342724
            ],
            [
              14.2981347,
              48.3342737
            ],
            [
              14.2979978,
              48.3342724
            ],
            [
              14.2978672,
              48.3342661
            ],
            [
              14.2977389,
              48.3342576
            ],
            [
              14.2976229,
              48.3342468
            ],
            [
              14.2975213,
              48.3342322
            ],
            [
              14.297395,
              48.3342145
            ],
            [
              14.2972327,
              48.3341945
            ],
            [
              14.2970367,
              48.3341697
            ],
            [
              14.2968902,
              48.3341512
            ],
            [
              14.2968702,
              48.3341487
            ],
            [
              14.296355,
              48.3340806
            ],
            [
              14.2960281,
              48.3340391
            ],
            [
              14.2958685,
              48.3340149
            ],
            [
              14.2956576,
              48.3339792
            ],
            [
              14.2953287,
              48.3339197
            ],
            [
              14.2947216,
              48.3338073
            ],
            [
              14.2941223,
              48.333679
            ],
            [
              14.2936681,
              48.3335647
            ],
            [
              14.2933615,
              48.3334914
            ],
            [
              14.2932505,
              48.3334647
            ],
            [
              14.2928427,
              48.3333656
            ],
            [
              14.2923333,
              48.333253
            ],
            [
              14.2919562,
              48.3331753
            ],
            [
              14.2917159,
              48.3331259
            ],
            [
              14.291328,
              48.3330471
            ],
            [
              14.2911718,
              48.3330123
            ],
            [
              14.2910492,
              48.3329811
            ],
            [
              14.2909335,
              48.3329447
            ],
            [
              14.2908355,
              48.332905
            ],
            [
              14.2907469,
              48.3328638
            ],
            [
              14.2906939,
              48.3328344
            ],
            [
              14.2906337,
              48.3327951
            ],
            [
              14.2905379,
              48.3327255
            ],
            [
              14.2904712,
              48.3326698
            ],
            [
              14.2904027,
              48.3326021
            ],
            [
              14.2902988,
              48.3324901
            ],
            [
              14.2902741,
              48.3324614
            ],
            [
              14.2902239,
              48.3324027
            ],
            [
              14.290176,
              48.3323476
            ],
            [
              14.2901602,
              48.3323296
            ],
            [
              14.2899093,
              48.3320453
            ],
            [
              14.2897304,
              48.3318467
            ],
            [
              14.2892126,
              48.3312968
            ],
            [
              14.2887039,
              48.3307467
            ],
            [
              14.288134,
              48.3300737
            ],
            [
              14.2878934,
              48.3297979
            ],
            [
              14.2878547,
              48.3297554
            ],
            [
              14.287796,
              48.3296907
            ],
            [
              14.2877273,
              48.3296123
            ],
            [
              14.2874658,
              48.3293371
            ],
            [
              14.2871394,
              48.3290189
            ],
            [
              14.2866912,
              48.3286126
            ],
            [
              14.2862904,
              48.3282691
            ],
            [
              14.2856295,
              48.3277432
            ],
            [
              14.2854962,
              48.3276283
            ],
            [
              14.2852226,
              48.3273595
            ],
            [
              14.2851106,
              48.3272404
            ],
            [
              14.2850123,
              48.3271315
            ],
            [
              14.2850065,
              48.327125
            ],
            [
              14.2849395,
              48.327037
            ],
            [
              14.2848439,
              48.3269084
            ],
            [
              14.2847615,
              48.3267919
            ],
            [
              14.284724,
              48.3267301
            ],
            [
              14.2846749,
              48.3266398
            ],
            [
              14.2846262,
              48.3265385
            ],
            [
              14.2845978,
              48.3264682
            ],
            [
              14.2845691,
              48.3263757
            ],
            [
              14.2843732,
              48.3255914
            ],
            [
              14.284337,
              48.3254159
            ],
            [
              14.2843286,
              48.3253229
            ],
            [
              14.2843294,
              48.3251594
            ],
            [
              14.2843455,
              48.3249882
            ],
            [
              14.2843757,
              48.3248008
            ],
            [
              14.2843884,
              48.3246841
            ],
            [
              14.2843876,
              48.3245687
            ],
            [
              14.2843745,
              48.3244019
            ],
            [
              14.2843417,
              48.3238328
            ],
            [
              14.2843344,
              48.3236188
            ],
            [
              14.2843423,
              48.3235479
            ],
            [
              14.2843626,
              48.3234567
            ],
            [
              14.2843988,
              48.3233518
            ],
            [
              14.2844473,
              48.3232558
            ],
            [
              14.2844981,
              48.3231811
            ],
            [
              14.2845103,
              48.3231632
            ],
            [
              14.2845548,
              48.3231051
            ],
            [
              14.2846133,
              48.3230401
            ],
            [
              14.2847585,
              48.3229175
            ],
            [
              14.2852092,
              48.3225749
            ],
            [
              14.2852181,
              48.3225684
            ],
            [
              14.2853172,
              48.3224957
            ],
            [
              14.2854127,
              48.3224256
            ],
            [
              14.2854528,
              48.3223962
            ],
            [
              14.2861806,
              48.3219092
            ],
            [
              14.2865604,
              48.3216666
            ],
            [
              14.287514,
              48.3211019
            ],
            [
              14.2891143,
              48.3201551
            ],
            [
              14.2892519,
              48.3200781
            ],
            [
              14.2893909,
              48.3200004
            ],
            [
              14.2894424,
              48.3199739
            ],
            [
              14.2898137,
              48.3197844
            ],
            [
              14.2906276,
              48.3193713
            ],
            [
              14.2908781,
              48.3192465
            ],
            [
              14.2910171,
              48.3191716
            ],
            [
              14.2910855,
              48.3191352
            ],
            [
              14.2911421,
              48.3191038
            ],
            [
              14.2911965,
              48.3190703
            ],
            [
              14.2912503,
              48.3190313
            ],
            [
              14.2912958,
              48.3189954
            ],
            [
              14.2913472,
              48.318957
            ],
            [
              14.2913918,
              48.3189171
            ],
            [
              14.2914562,
              48.3188526
            ],
            [
              14.2914796,
              48.3188274
            ],
            [
              14.2915301,
              48.3187697
            ],
            [
              14.2915617,
              48.3187288
            ],
            [
              14.2915924,
              48.318684
            ],
            [
              14.2916185,
              48.3186401
            ],
            [
              14.2916248,
              48.3186295
            ],
            [
              14.2916519,
              48.3185775
            ],
            [
              14.2916888,
              48.3184995
            ],
            [
              14.2917103,
              48.3184358
            ],
            [
              14.291727,
              48.318374
            ],
            [
              14.2917385,
              48.3183197
            ],
            [
              14.2917447,
              48.3182644
            ],
            [
              14.2917491,
              48.3182074
            ],
            [
              14.2917488,
              48.3181511
            ],
            [
              14.291745,
              48.3180983
            ],
            [
              14.2917366,
              48.3180453
            ],
            [
              14.2917253,
              48.3179904
            ],
            [
              14.291711,
              48.3179374
            ],
            [
              14.2916963,
              48.317883
            ],
            [
              14.29167,
              48.3178265
            ],
            [
              14.2916494,
              48.3177805
            ],
            [
              14.2916383,
              48.3177593
            ],
            [
              14.2916269,
              48.3177375
            ],
            [
              14.2915937,
              48.3176839
            ],
            [
              14.2915575,
              48.3176308
            ],
            [
              14.2915183,
              48.3175797
            ],
            [
              14.2914787,
              48.317534
            ],
            [
              14.2914204,
              48.3174689
            ],
            [
              14.2913191,
              48.3173639
            ],
            [
              14.2912007,
              48.3172443
            ],
            [
              14.2911638,
              48.317207
            ],
            [
              14.291065,
              48.3171112
            ],
            [
              14.2908808,
              48.3169276
            ],
            [
              14.2903206,
              48.3163636
            ],
            [
              14.2900048,
              48.3160385
            ],
            [
              14.289934,
              48.3159665
            ],
            [
              14.2896573,
              48.3156957
            ],
            [
              14.2896372,
              48.3156751
            ],
            [
              14.2896242,
              48.3156618
            ],
            [
              14.2895679,
              48.3156041
            ],
            [
              14.2894599,
              48.3154934
            ],
            [
              14.289375,
              48.3154064
            ],
            [
              14.2889306,
              48.3149526
            ],
            [
              14.2887228,
              48.3147268
            ],
            [
              14.2885219,
              48.3144965
            ],
            [
              14.2878554,
              48.3136931
            ],
            [
              14.2876982,
              48.3135341
            ],
            [
              14.287564,
              48.3134252
            ],
            [
              14.2874053,
              48.3133089
            ],
            [
              14.2872989,
              48.3132438
            ],
            [
              14.2872285,
              48.3132008
            ],
            [
              14.2871144,
              48.3131348
            ],
            [
              14.286981,
              48.3130705
            ],
            [
              14.2868467,
              48.3130121
            ],
            [
              14.2867911,
              48.3129907
            ],
            [
              14.2867752,
              48.3129846
            ],
            [
              14.286595,
              48.3129154
            ],
            [
              14.2863809,
              48.3128214
            ],
            [
              14.2852712,
              48.3123103
            ],
            [
              14.2848145,
              48.3121089
            ],
            [
              14.2847274,
              48.3120723
            ],
            [
              14.2845692,
              48.3120161
            ],
            [
              14.2842968,
              48.3119312
            ],
            [
              14.2839193,
              48.311813
            ],
            [
              14.2836872,
              48.3117402
            ],
            [
              14.2835956,
              48.31171
            ],
            [
              14.283494,
              48.3116728
            ],
            [
              14.2833251,
              48.3115966
            ],
            [
              14.283156,
              48.3115194
            ],
            [
              14.2829808,
              48.3114401
            ],
            [
              14.2829497,
              48.311423
            ],
            [
              14.2829179,
              48.3114016
            ],
            [
              14.2829013,
              48.3113864
            ],
            [
              14.2828818,
              48.3113682
            ],
            [
              14.282873,
              48.3113586
            ],
            [
              14.2828652,
              48.3113492
            ],
            [
              14.2828578,
              48.3113386
            ],
            [
              14.2828503,
              48.3113262
            ],
            [
              14.2828453,
              48.3113161
            ],
            [
              14.2828382,
              48.3112996
            ],
            [
              14.2828347,
              48.3112864
            ],
            [
              14.2828315,
              48.3112693
            ],
            [
              14.2828287,
              48.31125
            ],
            [
              14.2828272,
              48.3112196
            ],
            [
              14.2828283,
              48.3111812
            ],
            [
              14.2828322,
              48.3111598
            ],
            [
              14.2828457,
              48.3111015
            ],
            [
              14.2828505,
              48.3110767
            ],
            [
              14.2828557,
              48.3110522
            ],
            [
              14.282864,
              48.3110245
            ],
            [
              14.2828746,
              48.3109977
            ],
            [
              14.2828871,
              48.3109702
            ],
            [
              14.2829035,
              48.3109405
            ],
            [
              14.2829405,
              48.3108785
            ],
            [
              14.2830853,
              48.3106578
            ],
            [
              14.2832298,
              48.310433
            ],
            [
              14.2833033,
              48.3103199
            ],
            [
              14.28338,
              48.3102054
            ],
            [
              14.2834543,
              48.3101039
            ],
            [
              14.2835257,
              48.310004
            ],
            [
              14.2836743,
              48.3098041
            ],
            [
              14.2839034,
              48.3094795
            ],
            [
              14.2840691,
              48.3092589
            ],
            [
              14.2855689,
              48.3072158
            ],
            [
              14.2857598,
              48.3069528
            ],
            [
              14.2858165,
              48.3068769
            ],
            [
              14.2858632,
              48.3068136
            ],
            [
              14.2860032,
              48.3066176
            ],
            [
              14.2860731,
              48.3065263
            ],
            [
              14.286105,
              48.3064835
            ],
            [
              14.2861318,
              48.3064474
            ],
            [
              14.2863368,
              48.3061723
            ],
            [
              14.2863418,
              48.3061655
            ],
            [
              14.2864368,
              48.3060358
            ],
            [
              14.2865047,
              48.3059396
            ],
            [
              14.2866385,
              48.3057559
            ],
            [
              14.2867145,
              48.3056481
            ],
            [
              14.2868082,
              48.3055035
            ],
            [
              14.2870655,
              48.3050796
            ],
            [
              14.2870967,
              48.3050343
            ],
            [
              14.2871126,
              48.3050125
            ],
            [
              14.287138,
              48.3049776
            ],
            [
              14.287144,
              48.3049694
            ],
            [
              14.2871579,
              48.3049504
            ],
            [
              14.2871954,
              48.3049053
            ],
            [
              14.2874251,
              48.304673
            ],
            [
              14.2876494,
              48.3044379
            ],
            [
              14.2878676,
              48.3042277
            ],
            [
              14.2879243,
              48.3041771
            ],
            [
              14.288004,
              48.3041169
            ],
            [
              14.2880926,
              48.3040473
            ],
            [
              14.2881082,
              48.304035
            ],
            [
              14.288196,
              48.303967
            ],
            [
              14.2882833,
              48.3038887
            ],
            [
              14.2883713,
              48.3037983
            ],
            [
              14.2885189,
              48.3036426
            ],
            [
              14.2886717,
              48.3034744
            ],
            [
              14.2888224,
              48.3033041
            ],
            [
              14.2890199,
              48.3030694
            ],
            [
              14.2890806,
              48.302993
            ],
            [
              14.289257,
              48.3027749
            ],
            [
              14.2895861,
              48.3023454
            ],
            [
              14.2897348,
              48.3021567
            ],
            [
              14.2899373,
              48.3019018
            ],
            [
              14.2901347,
              48.3016362
            ],
            [
              14.2903602,
              48.301284
            ],
            [
              14.2904448,
              48.30114
            ],
            [
              14.2905425,
              48.3009737
            ],
            [
              14.2905878,
              48.3008966
            ],
            [
              14.2906075,
              48.3008636
            ],
            [
              14.2906277,
              48.3008299
            ],
            [
              14.2907022,
              48.3007043
            ],
            [
              14.2908892,
              48.3003931
            ],
            [
              14.2909109,
              48.3003543
            ],
            [
              14.2909869,
              48.3002046
            ],
            [
              14.2910337,
              48.3000991
            ],
            [
              14.2910626,
              48.3000342
            ],
            [
              14.2911634,
              48.2997554
            ],
            [
              14.2912176,
              48.299603
            ],
            [
              14.2912392,
              48.2995034
            ],
            [
              14.2912516,
              48.2994239
            ],
            [
              14.2912575,
              48.2993953
            ],
            [
              14.2912671,
              48.2993488
            ],
            [
              14.2913191,
              48.2989799
            ],
            [
              14.2913852,
              48.2986336
            ],
            [
              14.2914063,
              48.2985275
            ],
            [
              14.2914333,
              48.298383
            ],
            [
              14.2914484,
              48.2983002
            ],
            [
              14.2915177,
              48.2979342
            ],
            [
              14.2916077,
              48.2974592
            ],
            [
              14.2916167,
              48.2974116
            ],
            [
              14.291657,
              48.2972263
            ],
            [
              14.2916684,
              48.2971736
            ],
            [
              14.2918203,
              48.2964752
            ],
            [
              14.2918405,
              48.2964079
            ],
            [
              14.291861,
              48.2963552
            ],
            [
              14.2918877,
              48.2962974
            ],
            [
              14.291912,
              48.2962489
            ],
            [
              14.2919618,
              48.2961691
            ],
            [
              14.2919984,
              48.2961199
            ],
            [
              14.2920286,
              48.2960795
            ],
            [
              14.2920336,
              48.2960728
            ],
            [
              14.292086,
              48.296009
            ],
            [
              14.2923263,
              48.2957529
            ],
            [
              14.2925561,
              48.295508
            ],
            [
              14.2927139,
              48.2953398
            ],
            [
              14.2927765,
              48.2952675
            ],
            [
              14.2928264,
              48.2951959
            ],
            [
              14.2928674,
              48.2951256
            ],
            [
              14.2928984,
              48.2950521
            ],
            [
              14.2929163,
              48.2949909
            ],
            [
              14.2929232,
              48.2949344
            ],
            [
              14.2929234,
              48.2948072
            ],
            [
              14.292899,
              48.2946994
            ],
            [
              14.2928534,
              48.2945817
            ],
            [
              14.2927918,
              48.2944372
            ],
            [
              14.2927035,
              48.2942661
            ],
            [
              14.2926136,
              48.2941121
            ],
            [
              14.2923727,
              48.2937546
            ],
            [
              14.2921407,
              48.2933866
            ],
            [
              14.292049,
              48.2932515
            ],
            [
              14.2909539,
              48.2919847
            ],
            [
              14.2908851,
              48.2918833
            ],
            [
              14.2908194,
              48.2917895
            ],
            [
              14.2907966,
              48.2917464
            ],
            [
              14.2907852,
              48.2917107
            ],
            [
              14.2907774,
              48.2916742
            ],
            [
              14.2907825,
              48.291617
            ],
            [
              14.2907925,
              48.2915684
            ],
            [
              14.290809,
              48.2915278
            ],
            [
              14.2908395,
              48.2914798
            ],
            [
              14.291043,
              48.2912708
            ],
            [
              14.2913472,
              48.2909995
            ],
            [
              14.2913754,
              48.2909746
            ],
            [
              14.291635,
              48.2907459
            ],
            [
              14.2916552,
              48.2907227
            ],
            [
              14.2917142,
              48.2906451
            ],
            [
              14.291736,
              48.2906288
            ],
            [
              14.2918155,
              48.2905811
            ],
            [
              14.2919268,
              48.2905159
            ],
            [
              14.292018,
              48.2904711
            ],
            [
              14.2920927,
              48.2904419
            ],
            [
              14.2921864,
              48.2904123
            ],
            [
              14.2923288,
              48.2903776
            ],
            [
              14.2924471,
              48.2903593
            ],
            [
              14.292539,
              48.2903529
            ],
            [
              14.2926563,
              48.290352
            ],
            [
              14.2927546,
              48.2903564
            ],
            [
              14.2928411,
              48.2903656
            ],
            [
              14.2929272,
              48.2903796
            ],
            [
              14.2930208,
              48.290401
            ],
            [
              14.2931207,
              48.2904334
            ],
            [
              14.2931864,
              48.2904588
            ],
            [
              14.2932434,
              48.2904845
            ],
            [
              14.2934841,
              48.2906137
            ],
            [
              14.2939359,
              48.2908692
            ],
            [
              14.2942772,
              48.2910495
            ],
            [
              14.2944256,
              48.2911105
            ],
            [
              14.2946124,
              48.2911695
            ],
            [
              14.2947572,
              48.2912077
            ],
            [
              14.2949087,
              48.2912389
            ],
            [
              14.2950629,
              48.2912617
            ],
            [
              14.2951964,
              48.2912751
            ],
            [
              14.29536,
              48.2912822
            ],
            [
              14.295537,
              48.2912818
            ],
            [
              14.2957375,
              48.291267
            ],
            [
              14.2959092,
              48.2912425
            ],
            [
              14.296099,
              48.2912048
            ],
            [
              14.2962374,
              48.2911668
            ],
            [
              14.2964188,
              48.2911051
            ],
            [
              14.296572,
              48.2910388
            ],
            [
              14.2967219,
              48.2909614
            ],
            [
              14.296791,
              48.2909179
            ],
            [
              14.2968366,
              48.2908787
            ],
            [
              14.2972603,
              48.2903993
            ],
            [
              14.297381,
              48.2902632
            ],
            [
              14.2974199,
              48.2902235
            ],
            [
              14.2975661,
              48.2901021
            ],
            [
              14.2977713,
              48.2899375
            ],
            [
              14.297835,
              48.2898761
            ],
            [
              14.2981641,
              48.2895341
            ],
            [
              14.2992541,
              48.2883553
            ],
            [
              14.2999949,
              48.2875143
            ],
            [
              14.3002872,
              48.2871949
            ],
            [
              14.3007106,
              48.2867633
            ],
            [
              14.3008318,
              48.2866314
            ],
            [
              14.300999,
              48.2864496
            ],
            [
              14.3015465,
              48.2858751
            ],
            [
              14.3020021,
              48.2854302
            ],
            [
              14.3020667,
              48.2853771
            ],
            [
              14.3022981,
              48.2851825
            ],
            [
              14.3024717,
              48.2850539
            ],
            [
              14.3025353,
              48.2850068
            ],
            [
              14.3026607,
              48.2849146
            ],
            [
              14.3027841,
              48.2848385
            ],
            [
              14.3031355,
              48.2846214
            ],
            [
              14.3034731,
              48.2844142
            ],
            [
              14.3035302,
              48.2843799
            ],
            [
              14.3041054,
              48.2839815
            ],
            [
              14.3043632,
              48.283803
            ],
            [
              14.3051037,
              48.2833245
            ],
            [
              14.305851,
              48.2828525
            ],
            [
              14.306333,
              48.2825454
            ],
            [
              14.3064367,
              48.2824822
            ],
            [
              14.3071124,
              48.2820695
            ],
            [
              14.3080732,
              48.2814496
            ],
            [
              14.3083639,
              48.28123
            ],
            [
              14.308603,
              48.2810187
            ],
            [
              14.3087178,
              48.2808958
            ],
            [
              14.3087752,
              48.2808256
            ],
            [
              14.3087881,
              48.2808111
            ],
            [
              14.3090441,
              48.2804866
            ],
            [
              14.3091811,
              48.280274
            ],
            [
              14.3093485,
              48.2799843
            ],
            [
              14.309658,
              48.2793778
            ],
            [
              14.3097714,
              48.2791757
            ],
            [
              14.3098253,
              48.2790797
            ],
            [
              14.3100194,
              48.278789
            ],
            [
              14.3102825,
              48.2784705
            ],
            [
              14.3105735,
              48.2781767
            ],
            [
              14.3107037,
              48.2780526
            ],
            [
              14.3111157,
              48.2776597
            ],
            [
              14.3113272,
              48.277458
            ],
            [
              14.3114121,
              48.2773771
            ],
            [
              14.3115313,
              48.277269
            ],
            [
              14.3116678,
              48.2771435
            ],
            [
              14.3118685,
              48.2769513
            ],
            [
              14.312014,
              48.2768015
            ],
            [
              14.3121522,
              48.2766477
            ],
            [
              14.3123377,
              48.2764312
            ],
            [
              14.312436,
              48.2763154
            ],
            [
              14.3125593,
              48.2761833
            ],
            [
              14.3128886,
              48.2759157
            ],
            [
              14.3136562,
              48.2753144
            ],
            [
              14.3138596,
              48.2751677
            ],
            [
              14.3143155,
              48.2748391
            ],
            [
              14.3144581,
              48.2747269
            ],
            [
              14.3145126,
              48.2746781
            ],
            [
              14.3145892,
              48.274598
            ],
            [
              14.3146309,
              48.2745489
            ],
            [
              14.3146716,
              48.2744909
            ],
            [
              14.3147091,
              48.2744297
            ],
            [
              14.3147478,
              48.274358
            ],
            [
              14.3147792,
              48.2742715
            ],
            [
              14.3147982,
              48.2742081
            ],
            [
              14.3148052,
              48.274167
            ],
            [
              14.3148075,
              48.2741259
            ],
            [
              14.3148056,
              48.2740739
            ],
            [
              14.3147972,
              48.2740326
            ],
            [
              14.3147826,
              48.2739898
            ],
            [
              14.3147605,
              48.273945
            ],
            [
              14.3146817,
              48.2738158
            ],
            [
              14.3145893,
              48.2736696
            ],
            [
              14.3145461,
              48.2736028
            ],
            [
              14.3144303,
              48.2734204
            ],
            [
              14.3143971,
              48.2733617
            ],
            [
              14.3143599,
              48.2733008
            ],
            [
              14.3143373,
              48.2732381
            ],
            [
              14.3143246,
              48.2731946
            ],
            [
              14.3143163,
              48.2731405
            ],
            [
              14.3143136,
              48.2730998
            ],
            [
              14.3143235,
              48.273025
            ],
            [
              14.3143493,
              48.2729491
            ],
            [
              14.3143995,
              48.2728372
            ],
            [
              14.3147186,
              48.2721406
            ],
            [
              14.3162859,
              48.2687194
            ],
            [
              14.3163618,
              48.2685548
            ],
            [
              14.3165958,
              48.2680427
            ],
            [
              14.3167185,
              48.2677852
            ],
            [
              14.3168906,
              48.267426
            ],
            [
              14.3171373,
              48.2669109
            ],
            [
              14.317314,
              48.2665278
            ],
            [
              14.3174033,
              48.2663394
            ],
            [
              14.3175096,
              48.2661151
            ],
            [
              14.3176196,
              48.2658828
            ],
            [
              14.3176766,
              48.2657626
            ],
            [
              14.317717,
              48.2656773
            ],
            [
              14.3178427,
              48.2654121
            ],
            [
              14.3180112,
              48.2650704
            ],
            [
              14.318038,
              48.2650144
            ],
            [
              14.318924,
              48.2631645
            ],
            [
              14.3198247,
              48.261258
            ],
            [
              14.3198426,
              48.2612206
            ],
            [
              14.319877,
              48.261149
            ],
            [
              14.3210361,
              48.2587325
            ],
            [
              14.3211069,
              48.2585883
            ],
            [
              14.321327,
              48.2581229
            ],
            [
              14.3213472,
              48.2580803
            ],
            [
              14.3213756,
              48.2580201
            ],
            [
              14.3214546,
              48.257853
            ],
            [
              14.321474,
              48.257812
            ],
            [
              14.3214828,
              48.2577935
            ],
            [
              14.32187,
              48.2569749
            ],
            [
              14.3218828,
              48.2569485
            ],
            [
              14.3220557,
              48.2565887
            ],
            [
              14.3221239,
              48.2564572
            ],
            [
              14.3222977,
              48.2561049
            ],
            [
              14.322454,
              48.2557879
            ],
            [
              14.3224876,
              48.2556995
            ],
            [
              14.3225068,
              48.255633
            ],
            [
              14.3225118,
              48.2556112
            ],
            [
              14.3225203,
              48.255574
            ],
            [
              14.3225244,
              48.255528
            ],
            [
              14.3225239,
              48.2554855
            ],
            [
              14.322511,
              48.2554455
            ],
            [
              14.322489,
              48.2554046
            ],
            [
              14.3224771,
              48.2553899
            ],
            [
              14.3224613,
              48.2553706
            ],
            [
              14.3224489,
              48.2553588
            ],
            [
              14.3224389,
              48.2553486
            ],
            [
              14.3224008,
              48.2553211
            ],
            [
              14.3223514,
              48.2552951
            ],
            [
              14.3222948,
              48.2552782
            ],
            [
              14.3222617,
              48.2552705
            ],
            [
              14.3213401,
              48.2550545
            ],
            [
              14.3212269,
              48.2550286
            ],
            [
              14.3211556,
              48.2550122
            ],
            [
              14.3199385,
              48.2547172
            ],
            [
              14.3193487,
              48.254562
            ],
            [
              14.3186857,
              48.2543683
            ],
            [
              14.3181429,
              48.254205
            ],
            [
              14.3177799,
              48.2540902
            ],
            [
              14.3177179,
              48.2540715
            ],
            [
              14.3176728,
              48.2540579
            ],
            [
              14.3176194,
              48.2540419
            ],
            [
              14.3175547,
              48.2540225
            ],
            [
              14.3160158,
              48.2535591
            ],
            [
              14.3157711,
              48.2534903
            ],
            [
              14.3155309,
              48.2534291
            ],
            [
              14.3152791,
              48.2533705
            ],
            [
              14.3150391,
              48.253308
            ],
            [
              14.3149087,
              48.2532678
            ],
            [
              14.314786,
              48.2532233
            ],
            [
              14.3146503,
              48.2531693
            ],
            [
              14.3145498,
              48.2531244
            ],
            [
              14.314451,
              48.2530751
            ],
            [
              14.3140521,
              48.2528398
            ],
            [
              14.3139867,
              48.2528036
            ],
            [
              14.3139388,
              48.2527778
            ],
            [
              14.3138872,
              48.2527499
            ],
            [
              14.3138315,
              48.2527195
            ],
            [
              14.3136905,
              48.2526475
            ],
            [
              14.3135678,
              48.2525896
            ],
            [
              14.3134192,
              48.252529
            ],
            [
              14.3132357,
              48.2524662
            ],
            [
              14.3129459,
              48.2523714
            ],
            [
              14.3127323,
              48.2523026
            ],
            [
              14.3125606,
              48.2522435
            ],
            [
              14.3124282,
              48.2521959
            ],
            [
              14.3123312,
              48.2521517
            ],
            [
              14.3122408,
              48.2521054
            ],
            [
              14.3121569,
              48.252056
            ],
            [
              14.3120422,
              48.2519745
            ],
            [
              14.3120079,
              48.2519461
            ],
            [
              14.3119756,
              48.2519194
            ],
            [
              14.3119408,
              48.2518865
            ],
            [
              14.3118897,
              48.2518342
            ],
            [
              14.311843,
              48.2517809
            ],
            [
              14.3118039,
              48.2517279
            ],
            [
              14.3117628,
              48.2516666
            ],
            [
              14.3117242,
              48.2515936
            ],
            [
              14.311692,
              48.2515127
            ],
            [
              14.3116669,
              48.2514239
            ],
            [
              14.3116411,
              48.2513088
            ],
            [
              14.3116232,
              48.2512018
            ],
            [
              14.311565,
              48.2508842
            ],
            [
              14.3115553,
              48.2508168
            ],
            [
              14.311551,
              48.2507872
            ],
            [
              14.3115375,
              48.2506943
            ],
            [
              14.3115145,
              48.2505784
            ],
            [
              14.3114843,
              48.2504499
            ],
            [
              14.3114366,
              48.2503144
            ],
            [
              14.3113632,
              48.2501845
            ],
            [
              14.3112703,
              48.2500593
            ],
            [
              14.3111624,
              48.2499425
            ],
            [
              14.3110231,
              48.2498342
            ],
            [
              14.3108496,
              48.2497226
            ],
            [
              14.3107076,
              48.2496446
            ],
            [
              14.3105158,
              48.249568
            ],
            [
              14.3101424,
              48.2494354
            ],
            [
              14.3095367,
              48.2492523
            ],
            [
              14.3092304,
              48.2491529
            ],
            [
              14.3091524,
              48.2491275
            ],
            [
              14.3090417,
              48.2490916
            ],
            [
              14.3088072,
              48.2490139
            ],
            [
              14.3083835,
              48.2488702
            ]
          ],
          [
            [
              14.3088659,
              48.2490664
            ],
            [
              14.3085739,
              48.2489659
            ],
            [
              14.3083679,
              48.2488936
            ]
          ],
          [
            [
              14.3115951,
              48.2512655
            ],
            [
              14.3115681,
              48.2511234
            ],
            [
              14.3115383,
              48.2509618
            ],
            [
              14.3115204,
              48.250866
            ]
          ],
          [
            [
              14.3143568,
              48.2530587
            ],
            [
              14.3140361,
              48.2528706
            ]
          ],
          [
            [
              14.3181315,
              48.2542305
            ],
            [
              14.3177623,
              48.2541146
            ]
          ],
          [
            [
              14.3224665,
              48.25565
            ],
            [
              14.3224624,
              48.2556962
            ],
            [
              14.3222612,
              48.2561311
            ],
            [
              14.3222493,
              48.256127
            ]
          ],
          [
            [
              14.3212803,
              48.2581238
            ],
            [
              14.321114,
              48.2584776
            ]
          ],
          [
            [
              14.3197896,
              48.2612604
            ],
            [
              14.3196294,
              48.2615879
            ]
          ],
          [
            [
              14.3179725,
              48.2650625
            ],
            [
              14.3178009,
              48.2654225
            ]
          ],
          [
            [
              14.3162509,
              48.2687073
            ],
            [
              14.3161248,
              48.2689854
            ]
          ],
          [
            [
              14.314402,
              48.2734263
            ],
            [
              14.3144111,
              48.2734242
            ],
            [
              14.3143378,
              48.2733059
            ],
            [
              14.3143126,
              48.2732708
            ],
            [
              14.314297,
              48.273226
            ],
            [
              14.3142855,
              48.273171
            ],
            [
              14.3142812,
              48.2731216
            ],
            [
              14.3142836,
              48.2730815
            ],
            [
              14.3142522,
              48.2730742
            ]
          ],
          [
            [
              14.312539,
              48.2761758
            ],
            [
              14.3126267,
              48.2761007
            ],
            [
              14.3128641,
              48.2759074
            ],
            [
              14.3128535,
              48.2759001
            ]
          ],
          [
            [
              14.3087586,
              48.2808189
            ],
            [
              14.3088421,
              48.2807212
            ],
            [
              14.3089273,
              48.2806164
            ],
            [
              14.3089917,
              48.2805378
            ],
            [
              14.30905,
              48.2804521
            ],
            [
              14.3090118,
              48.2804401
            ]
          ],
          [
            [
              14.3031164,
              48.2846048
            ],
            [
              14.3029817,
              48.2846877
            ],
            [
              14.3029466,
              48.2847086
            ],
            [
              14.3028148,
              48.2847868
            ],
            [
              14.302759,
              48.2848246
            ],
            [
              14.3026771,
              48.2848802
            ]
          ],
          [
            [
              14.3006992,
              48.2867086
            ],
            [
              14.3006813,
              48.2867282
            ],
            [
              14.3003642,
              48.2870743
            ],
            [
              14.300347,
              48.2870829
            ]
          ],
          [
            [
              14.2916439,
              48.2907218
            ],
            [
              14.2915331,
              48.2908197
            ],
            [
              14.2912632,
              48.2910582
            ],
            [
              14.2910648,
              48.2912366
            ],
            [
              14.2910163,
              48.2912147
            ],
            [
              14.2909957,
              48.2912052
            ],
            [
              14.2911829,
              48.2910246
            ],
            [
              14.2911274,
              48.2909616
            ],
            [
              14.2911823,
              48.2909405
            ],
            [
              14.2911965,
              48.2909572
            ],
            [
              14.2912081,
              48.2909704
            ],
            [
              14.291222,
              48.2909864
            ],
            [
              14.2912217,
              48.2909859
            ],
            [
              14.2914575,
              48.2907512
            ],
            [
              14.2914207,
              48.2907083
            ],
            [
              14.2913976,
              48.2906828
            ],
            [
              14.291453,
              48.2906607
            ],
            [
              14.2914985,
              48.2907122
            ],
            [
              14.2915399,
              48.2906708
            ],
            [
              14.2916439,
              48.2907218
            ]
          ],
          [
            [
              14.2919965,
              48.2960677
            ],
            [
              14.2921768,
              48.2958683
            ],
            [
              14.2924486,
              48.2955791
            ],
            [
              14.2924583,
              48.2955675
            ],
            [
              14.2925201,
              48.2954936
            ]
          ],
          [
            [
              14.2913462,
              48.2982874
            ],
            [
              14.2914125,
              48.2982929
            ],
            [
              14.291457,
              48.2980545
            ],
            [
              14.2913957,
              48.2980494
            ]
          ],
          [
            [
              14.2902851,
              48.3013137
            ],
            [
              14.2904064,
              48.3011158
            ]
          ],
          [
            [
              14.2882971,
              48.3037849
            ],
            [
              14.28833,
              48.3037986
            ],
            [
              14.2882528,
              48.30388
            ],
            [
              14.2881001,
              48.3040173
            ],
            [
              14.2880807,
              48.3040066
            ]
          ],
          [
            [
              14.286109,
              48.3064409
            ],
            [
              14.2863091,
              48.3061556
            ]
          ],
          [
            [
              14.2830436,
              48.310649
            ],
            [
              14.2828768,
              48.310886
            ]
          ],
          [
            [
              14.2872394,
              48.3132306
            ],
            [
              14.2871527,
              48.3131806
            ],
            [
              14.2870742,
              48.3131375
            ],
            [
              14.2870012,
              48.3131011
            ],
            [
              14.2868686,
              48.3130439
            ],
            [
              14.2867754,
              48.3130056
            ]
          ],
          [
            [
              14.28998,
              48.3160498
            ],
            [
              14.2896011,
              48.3156719
            ]
          ],
          [
            [
              14.2893743,
              48.3199859
            ],
            [
              14.2898199,
              48.3197599
            ]
          ],
          [
            [
              14.2852011,
              48.3225577
            ],
            [
              14.2848437,
              48.3228225
            ]
          ],
          [
            [
              14.2851628,
              48.3273567
            ],
            [
              14.284998,
              48.327164
            ],
            [
              14.2849808,
              48.3271439
            ],
            [
              14.284972,
              48.3271336
            ]
          ],
          [
            [
              14.2880982,
              48.3300877
            ],
            [
              14.2878218,
              48.3297686
            ]
          ],
          [
            [
              14.2905027,
              48.3327443
            ],
            [
              14.2903764,
              48.332613
            ],
            [
              14.2902499,
              48.3324776
            ]
          ],
          [
            [
              14.2963421,
              48.3340993
            ],
            [
              14.29671,
              48.3341487
            ],
            [
              14.2968845,
              48.3341712
            ]
          ],
          [
            [
              14.3013861,
              48.3341093
            ],
            [
              14.3007886,
              48.3341029
            ]
          ],
          [
            [
              14.3095246,
              48.3325001
            ],
            [
              14.3092984,
              48.3325724
            ],
            [
              14.3089999,
              48.3326754
            ]
          ],
          [
            [
              14.3127008,
              48.3318846
            ],
            [
              14.3126807,
              48.3318715
            ],
            [
              14.3126621,
              48.3318649
            ],
            [
              14.3125468,
              48.3318478
            ],
            [
              14.3124861,
              48.3318398
            ],
            [
              14.3124056,
              48.3318311
            ],
            [
              14.3123368,
              48.3318265
            ],
            [
              14.312262,
              48.3318225
            ],
            [
              14.3121926,
              48.3318202
            ],
            [
              14.3121535,
              48.3318189
            ]
          ],
          [
            [
              14.317873,
              48.33241
            ],
            [
              14.3178891,
              48.3322655
            ],
            [
              14.3178902,
              48.3322406
            ],
            [
              14.3178898,
              48.3322242
            ],
            [
              14.3178874,
              48.3322091
            ],
            [
              14.3178854,
              48.3322
            ],
            [
              14.3178822,
              48.3321917
            ],
            [
              14.3178754,
              48.3321786
            ],
            [
              14.3178652,
              48.3321635
            ],
            [
              14.3178526,
              48.3321489
            ],
            [
              14.3178422,
              48.3321389
            ],
            [
              14.3178308,
              48.332129
            ],
            [
              14.3178199,
              48.3321212
            ],
            [
              14.3178065,
              48.3321133
            ],
            [
              14.3177849,
              48.3321016
            ],
            [
              14.3177606,
              48.3320879
            ]
          ],
          [
            [
              14.3201403,
              48.334811
            ],
            [
              14.3201963,
              48.3348317
            ],
            [
              14.320241,
              48.3348466
            ],
            [
              14.3202886,
              48.3348565
            ],
            [
              14.3203076,
              48.3348583
            ],
            [
              14.3203485,
              48.3348621
            ],
            [
              14.3204052,
              48.3348607
            ],
            [
              14.3204207,
              48.3348582
            ],
            [
              14.3204675,
              48.3348507
            ],
            [
              14.3205243,
              48.3348346
            ],
            [
              14.3205781,
              48.3348118
            ],
            [
              14.3206255,
              48.3347824
            ],
            [
              14.3206663,
              48.3347511
            ],
            [
              14.3206934,
              48.3347212
            ],
            [
              14.320704,
              48.3347038
            ],
            [
              14.3207148,
              48.3346791
            ],
            [
              14.3207181,
              48.3346685
            ],
            [
              14.3207252,
              48.3346457
            ],
            [
              14.3207285,
              48.3346096
            ],
            [
              14.3207231,
              48.334571
            ],
            [
              14.3207094,
              48.3345325
            ],
            [
              14.3206858,
              48.3344914
            ],
            [
              14.3206342,
              48.3344401
            ],
            [
              14.3206163,
              48.3344265
            ],
            [
              14.3205679,
              48.334397
            ],
            [
              14.3205093,
              48.3343698
            ]
          ]
        ]
      },
      "id": "relation/32252"
    },
    {
      "type": "Feature",
      "properties": {
        "@id": "relation/1149419",
        "colour": "#ED3F80",
        "colour:text": "#FFFFFF",
        "from": "Auwiesen",
        "gtfs:feed": "AT-Linz_AG",
        "gtfs:route_id": "at:esg:1:",
        "gtfs:shape_id": "1-1-E-e25-1.2.R",
        "gtfs:trip_id:like": "%1-1-E-e25-1.2.R",
        "gtfs:trip_id:sample": "15.TA.1-1-E-e25-1.2.R",
        "name": "1: Auwiesen - Universität",
        "name:de": "1: Auwiesen - Universität",
        "name:en": "1: Auwiesen - University",
        "network": "OÖVV",
        "network:wikidata": "Q2011605",
        "network:wikipedia": "de:Oberösterreichischer Verkehrsverbund",
        "operator": "Linz Linien GmbH",
        "public_transport:version": "2",
        "ref": "1",
        "route": "tram",
        "to": "JKU Universität",
        "type": "route",
        "wikidata": "Q121368138"
      },
      "geometry": {
        "type": "MultiLineString",
        "coordinates": [
          [
            [
              14.3089792,
              48.2490442
            ],
            [
              14.3090581,
              48.2490698
            ],
            [
              14.3091689,
              48.2491057
            ],
            [
              14.3092575,
              48.2491344
            ],
            [
              14.3095544,
              48.2492305
            ],
            [
              14.3101565,
              48.2494129
            ],
            [
              14.3105329,
              48.2495452
            ],
            [
              14.310739,
              48.2496296
            ],
            [
              14.3108783,
              48.2497076
            ],
            [
              14.3110671,
              48.2498298
            ],
            [
              14.3111836,
              48.2499241
            ],
            [
              14.3113022,
              48.2500462
            ],
            [
              14.3114001,
              48.2501804
            ],
            [
              14.3114716,
              48.2503144
            ],
            [
              14.3115244,
              48.250453
            ],
            [
              14.3115482,
              48.2505812
            ],
            [
              14.3115721,
              48.250692
            ],
            [
              14.3115856,
              48.2507838
            ],
            [
              14.31159,
              48.250814
            ],
            [
              14.3115928,
              48.2508328
            ],
            [
              14.3115998,
              48.2508808
            ],
            [
              14.3116548,
              48.2511987
            ],
            [
              14.3116752,
              48.2513037
            ],
            [
              14.3117018,
              48.2514194
            ],
            [
              14.3117282,
              48.2515104
            ],
            [
              14.3117557,
              48.2515875
            ],
            [
              14.3117956,
              48.2516589
            ],
            [
              14.3118368,
              48.2517178
            ],
            [
              14.3118738,
              48.2517686
            ],
            [
              14.3119195,
              48.2518206
            ],
            [
              14.3119639,
              48.251867
            ],
            [
              14.3119975,
              48.2519019
            ],
            [
              14.3120219,
              48.2519216
            ],
            [
              14.3120568,
              48.2519497
            ],
            [
              14.3121818,
              48.2520391
            ],
            [
              14.3122625,
              48.2520875
            ],
            [
              14.3123499,
              48.2521322
            ],
            [
              14.3124487,
              48.2521758
            ],
            [
              14.3125751,
              48.2522242
            ],
            [
              14.3127475,
              48.2522818
            ],
            [
              14.3129601,
              48.2523524
            ],
            [
              14.3132477,
              48.2524481
            ],
            [
              14.3134363,
              48.2525101
            ],
            [
              14.3135843,
              48.2525695
            ],
            [
              14.3137126,
              48.2526268
            ],
            [
              14.3138594,
              48.2526989
            ],
            [
              14.3139163,
              48.2527326
            ],
            [
              14.3139657,
              48.2527614
            ],
            [
              14.3140117,
              48.2527882
            ],
            [
              14.3140749,
              48.2528256
            ],
            [
              14.3144747,
              48.2530563
            ],
            [
              14.3145718,
              48.2531033
            ],
            [
              14.3146688,
              48.2531491
            ],
            [
              14.3148024,
              48.2532036
            ],
            [
              14.3149238,
              48.2532471
            ],
            [
              14.315052,
              48.2532858
            ],
            [
              14.3152937,
              48.2533486
            ],
            [
              14.315544,
              48.2534077
            ],
            [
              14.3157865,
              48.2534679
            ],
            [
              14.3160301,
              48.2535342
            ],
            [
              14.3175714,
              48.2539978
            ],
            [
              14.3176276,
              48.2540148
            ],
            [
              14.3176875,
              48.2540329
            ],
            [
              14.3177359,
              48.2540476
            ],
            [
              14.3177981,
              48.2540665
            ],
            [
              14.318158,
              48.2541833
            ],
            [
              14.3187004,
              48.2543431
            ],
            [
              14.3193614,
              48.2545387
            ],
            [
              14.3199501,
              48.2546936
            ],
            [
              14.3211677,
              48.2549883
            ],
            [
              14.3213569,
              48.2550337
            ],
            [
              14.3223113,
              48.2552561
            ],
            [
              14.3223731,
              48.2552702
            ],
            [
              14.322429,
              48.2552956
            ],
            [
              14.322475,
              48.2553278
            ],
            [
              14.3224971,
              48.2553469
            ],
            [
              14.3225051,
              48.2553537
            ],
            [
              14.3225166,
              48.2553621
            ],
            [
              14.3225357,
              48.2553919
            ],
            [
              14.3225569,
              48.2554345
            ],
            [
              14.3225682,
              48.2554771
            ],
            [
              14.3225675,
              48.2555277
            ],
            [
              14.3225619,
              48.2555767
            ],
            [
              14.3225494,
              48.2556159
            ],
            [
              14.3225426,
              48.2556373
            ],
            [
              14.3225214,
              48.2557061
            ],
            [
              14.3224892,
              48.2557945
            ],
            [
              14.322333,
              48.2561122
            ],
            [
              14.3221596,
              48.256465
            ],
            [
              14.3220915,
              48.2566046
            ],
            [
              14.3220718,
              48.256649
            ],
            [
              14.3219543,
              48.2568949
            ],
            [
              14.3219239,
              48.2569576
            ],
            [
              14.3215673,
              48.2576929
            ],
            [
              14.3215124,
              48.25781
            ],
            [
              14.3214887,
              48.2578605
            ],
            [
              14.3214235,
              48.2579982
            ],
            [
              14.3214054,
              48.2580356
            ],
            [
              14.3213355,
              48.2581797
            ],
            [
              14.3211432,
              48.2585958
            ],
            [
              14.3210691,
              48.2587398
            ],
            [
              14.319916,
              48.261153
            ],
            [
              14.3198801,
              48.2612281
            ],
            [
              14.3198627,
              48.2612645
            ],
            [
              14.319706,
              48.2615924
            ],
            [
              14.3189582,
              48.2631719
            ],
            [
              14.3180706,
              48.2650213
            ],
            [
              14.318043,
              48.2650789
            ],
            [
              14.3178818,
              48.2654175
            ],
            [
              14.3177542,
              48.2656856
            ],
            [
              14.317715,
              48.2657679
            ],
            [
              14.3176565,
              48.2658908
            ],
            [
              14.3175459,
              48.2661231
            ],
            [
              14.3174391,
              48.2663475
            ],
            [
              14.3173496,
              48.2665355
            ],
            [
              14.3171721,
              48.2669186
            ],
            [
              14.3169253,
              48.2674337
            ],
            [
              14.3167531,
              48.267793
            ],
            [
              14.3166329,
              48.2680505
            ],
            [
              14.3164408,
              48.2684619
            ],
            [
              14.3163958,
              48.2685621
            ],
            [
              14.3147537,
              48.2721485
            ],
            [
              14.3144342,
              48.2728462
            ],
            [
              14.3143901,
              48.272957
            ],
            [
              14.3143639,
              48.2730356
            ],
            [
              14.3143578,
              48.2730974
            ],
            [
              14.314356,
              48.27314
            ],
            [
              14.3143623,
              48.2731952
            ],
            [
              14.3143809,
              48.2732587
            ],
            [
              14.3143978,
              48.2732931
            ],
            [
              14.3144345,
              48.273352
            ],
            [
              14.3144901,
              48.2734487
            ],
            [
              14.3146213,
              48.2736599
            ],
            [
              14.3147397,
              48.2738421
            ],
            [
              14.3147929,
              48.2739354
            ],
            [
              14.314818,
              48.2739823
            ],
            [
              14.3148321,
              48.2740237
            ],
            [
              14.3148386,
              48.2740493
            ],
            [
              14.3148454,
              48.2740997
            ],
            [
              14.3148454,
              48.2741187
            ],
            [
              14.3148413,
              48.2741697
            ],
            [
              14.3148325,
              48.2742133
            ],
            [
              14.3148152,
              48.2742789
            ],
            [
              14.3147814,
              48.2743675
            ],
            [
              14.3147411,
              48.2744418
            ],
            [
              14.3147034,
              48.2745037
            ],
            [
              14.3146583,
              48.2745655
            ],
            [
              14.3146083,
              48.2746223
            ],
            [
              14.3145397,
              48.2746939
            ],
            [
              14.3144542,
              48.2747688
            ],
            [
              14.3143403,
              48.2748543
            ],
            [
              14.3138841,
              48.275184
            ],
            [
              14.3136808,
              48.275331
            ],
            [
              14.312644,
              48.2761534
            ],
            [
              14.3125979,
              48.2761985
            ],
            [
              14.3124678,
              48.2763258
            ],
            [
              14.3123662,
              48.2764455
            ],
            [
              14.3121796,
              48.2766659
            ],
            [
              14.3120455,
              48.2768152
            ],
            [
              14.3118969,
              48.2769676
            ],
            [
              14.3117009,
              48.2771553
            ],
            [
              14.3115636,
              48.2772838
            ],
            [
              14.3114438,
              48.2773917
            ],
            [
              14.3113573,
              48.2774744
            ],
            [
              14.3111612,
              48.2776619
            ],
            [
              14.310715,
              48.2780887
            ],
            [
              14.3105987,
              48.2781998
            ],
            [
              14.3103168,
              48.2784899
            ],
            [
              14.3100588,
              48.278801
            ],
            [
              14.3098627,
              48.2790887
            ],
            [
              14.309809,
              48.2791855
            ],
            [
              14.3096965,
              48.2793882
            ],
            [
              14.3093868,
              48.2799892
            ],
            [
              14.3092258,
              48.2802816
            ],
            [
              14.3090777,
              48.2804974
            ],
            [
              14.3088288,
              48.2808248
            ],
            [
              14.3088141,
              48.2808413
            ],
            [
              14.3087551,
              48.2809115
            ],
            [
              14.3086433,
              48.2810226
            ],
            [
              14.3083985,
              48.2812432
            ],
            [
              14.3081102,
              48.2814755
            ],
            [
              14.307139,
              48.2820872
            ],
            [
              14.3064456,
              48.2825126
            ],
            [
              14.30634,
              48.2825775
            ],
            [
              14.3059084,
              48.2828485
            ],
            [
              14.3051355,
              48.2833465
            ],
            [
              14.3044028,
              48.2838245
            ],
            [
              14.3041369,
              48.2840034
            ],
            [
              14.3035531,
              48.2843964
            ],
            [
              14.3034981,
              48.2844321
            ],
            [
              14.3027114,
              48.2849175
            ],
            [
              14.3026702,
              48.2849424
            ],
            [
              14.3025446,
              48.2850317
            ],
            [
              14.3024818,
              48.2850785
            ],
            [
              14.3023257,
              48.2851949
            ],
            [
              14.3020781,
              48.2854093
            ],
            [
              14.3020148,
              48.2854754
            ],
            [
              14.3015736,
              48.285885
            ],
            [
              14.3010255,
              48.2864637
            ],
            [
              14.3008645,
              48.2866421
            ],
            [
              14.3004676,
              48.287082
            ],
            [
              14.3003345,
              48.2872145
            ],
            [
              14.3000304,
              48.2875322
            ],
            [
              14.2992984,
              48.2883658
            ],
            [
              14.2981962,
              48.2895476
            ],
            [
              14.2978303,
              48.2899321
            ],
            [
              14.2977438,
              48.2900075
            ],
            [
              14.2975225,
              48.290182
            ],
            [
              14.2974629,
              48.2902364
            ],
            [
              14.2972959,
              48.2904109
            ],
            [
              14.2971091,
              48.2906197
            ],
            [
              14.2968969,
              48.2908677
            ],
            [
              14.2968312,
              48.2909257
            ],
            [
              14.2967534,
              48.2909802
            ],
            [
              14.2966052,
              48.2910587
            ],
            [
              14.2964429,
              48.2911283
            ],
            [
              14.2962524,
              48.2911938
            ],
            [
              14.2961112,
              48.2912312
            ],
            [
              14.2959193,
              48.2912735
            ],
            [
              14.2957424,
              48.2912956
            ],
            [
              14.2955363,
              48.2913089
            ],
            [
              14.2953567,
              48.2913087
            ],
            [
              14.2951919,
              48.2913008
            ],
            [
              14.2950578,
              48.2912861
            ],
            [
              14.2949038,
              48.2912631
            ],
            [
              14.2947357,
              48.2912265
            ],
            [
              14.2945941,
              48.2911865
            ],
            [
              14.2944099,
              48.2911259
            ],
            [
              14.2942578,
              48.2910644
            ],
            [
              14.2939174,
              48.2908853
            ],
            [
              14.2934627,
              48.2906349
            ],
            [
              14.2932793,
              48.2905367
            ],
            [
              14.2931425,
              48.2904778
            ],
            [
              14.2930473,
              48.2904457
            ],
            [
              14.2929467,
              48.2904213
            ],
            [
              14.2928109,
              48.290401
            ],
            [
              14.2927066,
              48.2903926
            ],
            [
              14.2925772,
              48.2903908
            ],
            [
              14.2924646,
              48.2903986
            ],
            [
              14.2923744,
              48.2904126
            ],
            [
              14.2922704,
              48.2904258
            ],
            [
              14.2922004,
              48.2904408
            ],
            [
              14.292147,
              48.2904557
            ],
            [
              14.2920488,
              48.2904923
            ],
            [
              14.2919754,
              48.2905255
            ],
            [
              14.291912,
              48.2905603
            ],
            [
              14.2918389,
              48.2906032
            ],
            [
              14.2917913,
              48.2906355
            ],
            [
              14.2917739,
              48.2906558
            ],
            [
              14.2917484,
              48.2906926
            ],
            [
              14.2917285,
              48.2907159
            ],
            [
              14.2916463,
              48.2907912
            ],
            [
              14.2910971,
              48.2912755
            ],
            [
              14.2909473,
              48.2914238
            ],
            [
              14.2908974,
              48.2914857
            ],
            [
              14.2908626,
              48.291541
            ],
            [
              14.2908448,
              48.291584
            ],
            [
              14.2908314,
              48.2916313
            ],
            [
              14.2908264,
              48.2916715
            ],
            [
              14.2908324,
              48.2917156
            ],
            [
              14.2908432,
              48.2917455
            ],
            [
              14.2909297,
              48.2918722
            ],
            [
              14.2909887,
              48.2919407
            ],
            [
              14.2920888,
              48.2932409
            ],
            [
              14.2921823,
              48.2933759
            ],
            [
              14.2924107,
              48.2937344
            ],
            [
              14.2925547,
              48.2939498
            ],
            [
              14.2926527,
              48.2940963
            ],
            [
              14.2927462,
              48.2942513
            ],
            [
              14.2928301,
              48.294423
            ],
            [
              14.2928941,
              48.2945703
            ],
            [
              14.2929411,
              48.2946963
            ],
            [
              14.2929644,
              48.2948138
            ],
            [
              14.2929678,
              48.2949344
            ],
            [
              14.2929604,
              48.2949951
            ],
            [
              14.2929418,
              48.2950589
            ],
            [
              14.2929096,
              48.2951348
            ],
            [
              14.2928654,
              48.2952068
            ],
            [
              14.2928117,
              48.295281
            ],
            [
              14.2927478,
              48.2953536
            ],
            [
              14.2925914,
              48.295522
            ],
            [
              14.292123,
              48.2960266
            ],
            [
              14.2920701,
              48.296085
            ],
            [
              14.2920641,
              48.2960925
            ],
            [
              14.2920259,
              48.2961487
            ],
            [
              14.2920153,
              48.2961668
            ],
            [
              14.2920071,
              48.2961809
            ],
            [
              14.2919628,
              48.2962623
            ],
            [
              14.2919365,
              48.2963061
            ],
            [
              14.2919094,
              48.296364
            ],
            [
              14.2918885,
              48.2964155
            ],
            [
              14.2918676,
              48.2964803
            ],
            [
              14.2917053,
              48.2971852
            ],
            [
              14.2916936,
              48.2972361
            ],
            [
              14.2916526,
              48.2974143
            ],
            [
              14.2916435,
              48.2974624
            ],
            [
              14.2914847,
              48.2983037
            ],
            [
              14.2914693,
              48.2983869
            ],
            [
              14.2914424,
              48.2985304
            ],
            [
              14.2914214,
              48.2986369
            ],
            [
              14.291357,
              48.2989807
            ],
            [
              14.2913078,
              48.2993275
            ],
            [
              14.2913044,
              48.2993513
            ],
            [
              14.2912958,
              48.2993976
            ],
            [
              14.2912758,
              48.2995048
            ],
            [
              14.29125,
              48.2996111
            ],
            [
              14.2911962,
              48.2997621
            ],
            [
              14.291096,
              48.3000464
            ],
            [
              14.2910698,
              48.3001067
            ],
            [
              14.2910358,
              48.3001851
            ],
            [
              14.2910203,
              48.3002155
            ],
            [
              14.2909636,
              48.3003277
            ],
            [
              14.2909438,
              48.3003623
            ],
            [
              14.2909223,
              48.3003999
            ],
            [
              14.2907421,
              48.3007131
            ],
            [
              14.2906645,
              48.30084
            ],
            [
              14.2906454,
              48.3008724
            ],
            [
              14.2906255,
              48.3009061
            ],
            [
              14.2905785,
              48.300984
            ],
            [
              14.2903914,
              48.3012942
            ],
            [
              14.2901738,
              48.3016474
            ],
            [
              14.2899765,
              48.3019137
            ],
            [
              14.2897701,
              48.3021678
            ],
            [
              14.2896215,
              48.3023565
            ],
            [
              14.2892966,
              48.3027899
            ],
            [
              14.289118,
              48.3030072
            ],
            [
              14.2890567,
              48.3030814
            ],
            [
              14.2889046,
              48.3032594
            ],
            [
              14.2888547,
              48.3033178
            ],
            [
              14.2887063,
              48.3034878
            ],
            [
              14.2885531,
              48.3036564
            ],
            [
              14.2884039,
              48.3038115
            ],
            [
              14.2883161,
              48.3039034
            ],
            [
              14.2882259,
              48.303983
            ],
            [
              14.2881374,
              48.3040515
            ],
            [
              14.2881222,
              48.3040632
            ],
            [
              14.2880861,
              48.304091
            ],
            [
              14.2880316,
              48.304132
            ],
            [
              14.2879543,
              48.3041929
            ],
            [
              14.2878999,
              48.3042418
            ],
            [
              14.2876882,
              48.3044537
            ],
            [
              14.2874525,
              48.3046865
            ],
            [
              14.2872238,
              48.3049184
            ],
            [
              14.287187,
              48.3049631
            ],
            [
              14.2871746,
              48.3049798
            ],
            [
              14.2871681,
              48.3049887
            ],
            [
              14.2871388,
              48.3050286
            ],
            [
              14.2871276,
              48.3050437
            ],
            [
              14.2870973,
              48.3050895
            ],
            [
              14.2868431,
              48.305513
            ],
            [
              14.2867506,
              48.3056598
            ],
            [
              14.2866767,
              48.3057692
            ],
            [
              14.2865476,
              48.3059495
            ],
            [
              14.2864745,
              48.3060466
            ],
            [
              14.2863792,
              48.3061769
            ],
            [
              14.2862834,
              48.3063108
            ],
            [
              14.2861768,
              48.3064602
            ],
            [
              14.286149,
              48.3064991
            ],
            [
              14.2860566,
              48.3066204
            ],
            [
              14.2860481,
              48.3066315
            ],
            [
              14.2859026,
              48.3068258
            ],
            [
              14.2858538,
              48.3068914
            ],
            [
              14.2857997,
              48.3069658
            ],
            [
              14.285607,
              48.3072282
            ],
            [
              14.2848669,
              48.3082236
            ],
            [
              14.2841081,
              48.3092715
            ],
            [
              14.2839436,
              48.3094904
            ],
            [
              14.2837121,
              48.3098128
            ],
            [
              14.283559,
              48.3100162
            ],
            [
              14.2834892,
              48.3101158
            ],
            [
              14.2834174,
              48.3102149
            ],
            [
              14.2833403,
              48.3103294
            ],
            [
              14.2832668,
              48.3104428
            ],
            [
              14.283121,
              48.3106674
            ],
            [
              14.2830433,
              48.3107833
            ],
            [
              14.2830017,
              48.3108493
            ],
            [
              14.2829739,
              48.3108924
            ],
            [
              14.2829464,
              48.3109378
            ],
            [
              14.2829247,
              48.3109737
            ],
            [
              14.2829123,
              48.3109998
            ],
            [
              14.2829055,
              48.3110164
            ],
            [
              14.2829001,
              48.3110356
            ],
            [
              14.2828938,
              48.3110643
            ],
            [
              14.2828865,
              48.3110986
            ],
            [
              14.2828779,
              48.3111482
            ],
            [
              14.2828772,
              48.311181
            ],
            [
              14.282879,
              48.3112039
            ],
            [
              14.2828812,
              48.3112234
            ],
            [
              14.2828853,
              48.3112412
            ],
            [
              14.2828892,
              48.3112557
            ],
            [
              14.2829016,
              48.3112862
            ],
            [
              14.2829153,
              48.3113108
            ],
            [
              14.2829278,
              48.3113292
            ],
            [
              14.2829423,
              48.3113487
            ],
            [
              14.2829574,
              48.3113644
            ],
            [
              14.2829733,
              48.3113797
            ],
            [
              14.2829908,
              48.3113948
            ],
            [
              14.283006,
              48.3114063
            ],
            [
              14.2830247,
              48.311419
            ],
            [
              14.2830436,
              48.3114311
            ],
            [
              14.2830906,
              48.3114564
            ],
            [
              14.2831758,
              48.3114983
            ],
            [
              14.2833461,
              48.3115765
            ],
            [
              14.2835147,
              48.3116536
            ],
            [
              14.2835624,
              48.3116733
            ],
            [
              14.2836106,
              48.3116905
            ],
            [
              14.2836963,
              48.3117196
            ],
            [
              14.2840226,
              48.3118215
            ],
            [
              14.2842164,
              48.3118835
            ],
            [
              14.2845896,
              48.3119961
            ],
            [
              14.2847701,
              48.3120593
            ],
            [
              14.2852935,
              48.3122894
            ],
            [
              14.2864038,
              48.3128008
            ],
            [
              14.2866085,
              48.3128923
            ],
            [
              14.2867686,
              48.3129551
            ],
            [
              14.286809,
              48.3129709
            ],
            [
              14.2868649,
              48.3129928
            ],
            [
              14.287001,
              48.313049
            ],
            [
              14.2871389,
              48.313115
            ],
            [
              14.2872548,
              48.31318
            ],
            [
              14.2873257,
              48.3132244
            ],
            [
              14.2874321,
              48.3132912
            ],
            [
              14.2875948,
              48.313408
            ],
            [
              14.2877265,
              48.3135204
            ],
            [
              14.2878867,
              48.313682
            ],
            [
              14.2885567,
              48.3144854
            ],
            [
              14.2887525,
              48.3147148
            ],
            [
              14.2889625,
              48.3149417
            ],
            [
              14.2894037,
              48.3153916
            ],
            [
              14.289492,
              48.3154791
            ],
            [
              14.2896025,
              48.3155886
            ],
            [
              14.2896605,
              48.315646
            ],
            [
              14.2896951,
              48.3156803
            ],
            [
              14.2899662,
              48.3159545
            ],
            [
              14.2900352,
              48.3160247
            ],
            [
              14.2903511,
              48.3163499
            ],
            [
              14.2909101,
              48.3169152
            ],
            [
              14.2910938,
              48.3170981
            ],
            [
              14.2912091,
              48.3172096
            ],
            [
              14.2912452,
              48.3172461
            ],
            [
              14.2912768,
              48.3172779
            ],
            [
              14.2913491,
              48.3173509
            ],
            [
              14.2914415,
              48.3174467
            ],
            [
              14.2915121,
              48.317524
            ],
            [
              14.2915518,
              48.3175702
            ],
            [
              14.2915926,
              48.3176237
            ],
            [
              14.2916287,
              48.3176781
            ],
            [
              14.2916605,
              48.3177317
            ],
            [
              14.29167,
              48.3177498
            ],
            [
              14.291686,
              48.3177801
            ],
            [
              14.2917106,
              48.3178302
            ],
            [
              14.291732,
              48.3178812
            ],
            [
              14.2917484,
              48.3179362
            ],
            [
              14.2917607,
              48.317988
            ],
            [
              14.291773,
              48.3180449
            ],
            [
              14.2917805,
              48.3180963
            ],
            [
              14.2917844,
              48.3181533
            ],
            [
              14.2917848,
              48.3182075
            ],
            [
              14.2917819,
              48.3182637
            ],
            [
              14.291775,
              48.3183228
            ],
            [
              14.2917644,
              48.318378
            ],
            [
              14.2917474,
              48.3184411
            ],
            [
              14.291723,
              48.3185063
            ],
            [
              14.2916883,
              48.3185775
            ],
            [
              14.2916836,
              48.3185867
            ],
            [
              14.2916584,
              48.3186382
            ],
            [
              14.2916267,
              48.3186917
            ],
            [
              14.2915925,
              48.3187419
            ],
            [
              14.2915654,
              48.3187764
            ],
            [
              14.2915196,
              48.3188298
            ],
            [
              14.2914966,
              48.3188552
            ],
            [
              14.2914233,
              48.3189294
            ],
            [
              14.2913939,
              48.3189549
            ],
            [
              14.2913203,
              48.3190165
            ],
            [
              14.2912704,
              48.3190531
            ],
            [
              14.2912194,
              48.319087
            ],
            [
              14.2911646,
              48.3191217
            ],
            [
              14.2911072,
              48.3191541
            ],
            [
              14.2910425,
              48.3191921
            ],
            [
              14.2909027,
              48.3192645
            ],
            [
              14.290649,
              48.3193909
            ],
            [
              14.2898342,
              48.3198009
            ],
            [
              14.2894649,
              48.3199919
            ],
            [
              14.2894125,
              48.3200193
            ],
            [
              14.2892767,
              48.3200956
            ],
            [
              14.2891388,
              48.3201732
            ],
            [
              14.2875364,
              48.321118
            ],
            [
              14.2865872,
              48.3216836
            ],
            [
              14.2862051,
              48.321927
            ],
            [
              14.2854758,
              48.3224104
            ],
            [
              14.2854346,
              48.3224398
            ],
            [
              14.2853379,
              48.3225086
            ],
            [
              14.2852372,
              48.3225804
            ],
            [
              14.2852293,
              48.3225859
            ],
            [
              14.2847876,
              48.3229318
            ],
            [
              14.2846434,
              48.3230539
            ],
            [
              14.2845864,
              48.3231168
            ],
            [
              14.2845663,
              48.3231432
            ],
            [
              14.2845452,
              48.3231709
            ],
            [
              14.2844823,
              48.3232639
            ],
            [
              14.2844336,
              48.3233573
            ],
            [
              14.2843975,
              48.3234615
            ],
            [
              14.2843757,
              48.3235483
            ],
            [
              14.2843672,
              48.3236193
            ],
            [
              14.2843777,
              48.3238326
            ],
            [
              14.284414,
              48.3244025
            ],
            [
              14.2844233,
              48.324567
            ],
            [
              14.2844244,
              48.3246858
            ],
            [
              14.2844132,
              48.324805
            ],
            [
              14.284381,
              48.3249918
            ],
            [
              14.2843644,
              48.3251589
            ],
            [
              14.2843627,
              48.3253227
            ],
            [
              14.2843707,
              48.325415
            ],
            [
              14.2844089,
              48.325589
            ],
            [
              14.2846056,
              48.3263707
            ],
            [
              14.2846336,
              48.3264634
            ],
            [
              14.2846639,
              48.3265342
            ],
            [
              14.2847107,
              48.3266337
            ],
            [
              14.2847595,
              48.3267221
            ],
            [
              14.2847952,
              48.3267816
            ],
            [
              14.2848803,
              48.326898
            ],
            [
              14.284989,
              48.3270371
            ],
            [
              14.2850529,
              48.3271155
            ],
            [
              14.2851481,
              48.3272249
            ],
            [
              14.2852598,
              48.3273444
            ],
            [
              14.2855342,
              48.3276087
            ],
            [
              14.285665,
              48.3277241
            ],
            [
              14.2863219,
              48.3282499
            ],
            [
              14.2867246,
              48.328593
            ],
            [
              14.2871746,
              48.3290023
            ],
            [
              14.2874994,
              48.3293173
            ],
            [
              14.2877651,
              48.3295978
            ],
            [
              14.2878294,
              48.3296734
            ],
            [
              14.2878901,
              48.3297412
            ],
            [
              14.2879291,
              48.3297847
            ],
            [
              14.2881684,
              48.3300611
            ],
            [
              14.2887425,
              48.3307336
            ],
            [
              14.2892523,
              48.3312813
            ],
            [
              14.2897708,
              48.3318269
            ],
            [
              14.2899523,
              48.3320299
            ],
            [
              14.2902,
              48.3323161
            ],
            [
              14.2902142,
              48.3323325
            ],
            [
              14.2902594,
              48.3323847
            ],
            [
              14.2903066,
              48.3324397
            ],
            [
              14.2903368,
              48.3324745
            ],
            [
              14.290439,
              48.3325886
            ],
            [
              14.2905032,
              48.3326559
            ],
            [
              14.2905696,
              48.3327088
            ],
            [
              14.2906599,
              48.3327772
            ],
            [
              14.29072,
              48.3328148
            ],
            [
              14.2907722,
              48.3328431
            ],
            [
              14.2908561,
              48.3328836
            ],
            [
              14.2909547,
              48.3329244
            ],
            [
              14.2910651,
              48.3329593
            ],
            [
              14.291183,
              48.3329899
            ],
            [
              14.2913388,
              48.3330243
            ],
            [
              14.2917259,
              48.3331037
            ],
            [
              14.2919667,
              48.3331535
            ],
            [
              14.2923432,
              48.3332312
            ],
            [
              14.2928535,
              48.3333442
            ],
            [
              14.2932605,
              48.3334429
            ],
            [
              14.2933728,
              48.3334691
            ],
            [
              14.2936796,
              48.3335426
            ],
            [
              14.2941326,
              48.3336555
            ],
            [
              14.2947304,
              48.3337854
            ],
            [
              14.2953387,
              48.3338983
            ],
            [
              14.2956653,
              48.333958
            ],
            [
              14.2958768,
              48.3339922
            ],
            [
              14.296037,
              48.3340154
            ],
            [
              14.2963616,
              48.3340563
            ],
            [
              14.2968775,
              48.3341246
            ],
            [
              14.2968972,
              48.3341272
            ],
            [
              14.2970447,
              48.3341467
            ],
            [
              14.2972379,
              48.3341723
            ],
            [
              14.2974011,
              48.3341916
            ],
            [
              14.2975246,
              48.3342088
            ],
            [
              14.2976301,
              48.3342237
            ],
            [
              14.2977429,
              48.3342342
            ],
            [
              14.2978667,
              48.3342421
            ],
            [
              14.297993,
              48.3342469
            ],
            [
              14.2981231,
              48.3342486
            ],
            [
              14.2982163,
              48.3342465
            ],
            [
              14.2983037,
              48.3342438
            ],
            [
              14.2984751,
              48.3342361
            ],
            [
              14.298605,
              48.3342247
            ],
            [
              14.2986779,
              48.3342186
            ],
            [
              14.298864,
              48.3341998
            ],
            [
              14.2990767,
              48.3341786
            ],
            [
              14.2994607,
              48.3341407
            ],
            [
              14.2998296,
              48.3341039
            ],
            [
              14.2999676,
              48.3340918
            ],
            [
              14.3001413,
              48.3340788
            ],
            [
              14.3002403,
              48.3340732
            ],
            [
              14.3004945,
              48.334061
            ],
            [
              14.3005168,
              48.3340592
            ],
            [
              14.3006682,
              48.3340537
            ],
            [
              14.3007992,
              48.3340548
            ],
            [
              14.3009132,
              48.3340538
            ],
            [
              14.301264,
              48.3340576
            ],
            [
              14.3016566,
              48.3340772
            ],
            [
              14.3019289,
              48.3340955
            ],
            [
              14.302071,
              48.3341091
            ],
            [
              14.3022521,
              48.3341214
            ],
            [
              14.3024834,
              48.3341336
            ],
            [
              14.302708,
              48.3341498
            ],
            [
              14.3029929,
              48.3341646
            ],
            [
              14.3037851,
              48.3341984
            ],
            [
              14.3041755,
              48.3342174
            ],
            [
              14.3042775,
              48.3342223
            ],
            [
              14.3043475,
              48.3342253
            ],
            [
              14.3044237,
              48.3342255
            ],
            [
              14.3044583,
              48.3342247
            ],
            [
              14.3045232,
              48.3342206
            ],
            [
              14.3045917,
              48.3342149
            ],
            [
              14.304653,
              48.3342096
            ],
            [
              14.3047079,
              48.3342041
            ],
            [
              14.304804,
              48.3341912
            ],
            [
              14.3049191,
              48.3341694
            ],
            [
              14.3050461,
              48.3341459
            ],
            [
              14.3051676,
              48.3341223
            ],
            [
              14.3053606,
              48.334074
            ],
            [
              14.3055419,
              48.3340226
            ],
            [
              14.3056996,
              48.3339749
            ],
            [
              14.3058942,
              48.3339034
            ],
            [
              14.3060611,
              48.3338372
            ],
            [
              14.3062562,
              48.3337502
            ],
            [
              14.3065697,
              48.3335915
            ],
            [
              14.3069286,
              48.3334141
            ],
            [
              14.3073072,
              48.3332313
            ],
            [
              14.3075829,
              48.3331129
            ],
            [
              14.3078779,
              48.3330041
            ],
            [
              14.3081664,
              48.3329034
            ],
            [
              14.3086888,
              48.3327248
            ],
            [
              14.3087476,
              48.3327047
            ],
            [
              14.3088717,
              48.3326634
            ],
            [
              14.3089664,
              48.3326318
            ],
            [
              14.3090116,
              48.3326173
            ],
            [
              14.3092724,
              48.3325295
            ],
            [
              14.3095389,
              48.3324456
            ],
            [
              14.3097914,
              48.3323672
            ],
            [
              14.3101634,
              48.3322534
            ],
            [
              14.3105311,
              48.332144
            ],
            [
              14.3108962,
              48.332033
            ],
            [
              14.3112621,
              48.3319213
            ],
            [
              14.311418,
              48.3318793
            ],
            [
              14.3115313,
              48.3318498
            ],
            [
              14.3116256,
              48.3318305
            ],
            [
              14.3117253,
              48.3318128
            ],
            [
              14.3118561,
              48.3317928
            ],
            [
              14.3119575,
              48.3317818
            ],
            [
              14.3120038,
              48.3317775
            ],
            [
              14.3120507,
              48.3317737
            ],
            [
              14.3121502,
              48.3317687
            ],
            [
              14.31226,
              48.331768
            ],
            [
              14.3123735,
              48.3317735
            ],
            [
              14.3125106,
              48.3317885
            ],
            [
              14.3126636,
              48.3318105
            ],
            [
              14.3127375,
              48.3318217
            ],
            [
              14.3128761,
              48.3318426
            ],
            [
              14.3129948,
              48.3318613
            ],
            [
              14.3131652,
              48.3318875
            ],
            [
              14.3151669,
              48.3321934
            ],
            [
              14.3153411,
              48.3322206
            ],
            [
              14.315468,
              48.3322367
            ],
            [
              14.3155681,
              48.3322468
            ],
            [
              14.3156781,
              48.332252
            ],
            [
              14.3157913,
              48.3322527
            ],
            [
              14.3159051,
              48.3322514
            ],
            [
              14.3160056,
              48.3322466
            ],
            [
              14.316112,
              48.3322373
            ],
            [
              14.3162371,
              48.3322218
            ],
            [
              14.3163862,
              48.3321951
            ],
            [
              14.3165535,
              48.3321627
            ],
            [
              14.3166444,
              48.3321443
            ],
            [
              14.3167964,
              48.3321148
            ],
            [
              14.3172828,
              48.3320209
            ],
            [
              14.3173994,
              48.3320006
            ],
            [
              14.3174638,
              48.3319895
            ],
            [
              14.3175011,
              48.3319866
            ],
            [
              14.3175338,
              48.3319845
            ],
            [
              14.3175599,
              48.3319838
            ],
            [
              14.3175991,
              48.331985
            ],
            [
              14.3176378,
              48.3319905
            ],
            [
              14.3176924,
              48.3320009
            ],
            [
              14.3177267,
              48.3320109
            ],
            [
              14.3177699,
              48.3320261
            ],
            [
              14.3178103,
              48.3320466
            ],
            [
              14.3178353,
              48.3320636
            ],
            [
              14.3178671,
              48.3320837
            ],
            [
              14.3178968,
              48.3321065
            ],
            [
              14.317912,
              48.332121
            ],
            [
              14.3179334,
              48.3321474
            ],
            [
              14.3179511,
              48.3321809
            ],
            [
              14.3179593,
              48.332214
            ],
            [
              14.3179572,
              48.3322588
            ],
            [
              14.3179559,
              48.3322838
            ],
            [
              14.3179487,
              48.3323363
            ],
            [
              14.3179391,
              48.3324002
            ],
            [
              14.3179382,
              48.3324132
            ],
            [
              14.3179357,
              48.3324464
            ],
            [
              14.3179346,
              48.3324903
            ],
            [
              14.3179367,
              48.3325315
            ],
            [
              14.3179418,
              48.3325629
            ],
            [
              14.3179484,
              48.3325989
            ],
            [
              14.3179571,
              48.3326345
            ],
            [
              14.3179798,
              48.3327084
            ],
            [
              14.3180116,
              48.3327878
            ],
            [
              14.3180482,
              48.3328686
            ],
            [
              14.3180967,
              48.3329724
            ],
            [
              14.3181807,
              48.333129
            ],
            [
              14.318229,
              48.3332115
            ],
            [
              14.3182829,
              48.3332979
            ],
            [
              14.3183552,
              48.3334037
            ],
            [
              14.3184027,
              48.3334704
            ],
            [
              14.3184712,
              48.333553
            ],
            [
              14.3185356,
              48.3336275
            ],
            [
              14.3185716,
              48.3336657
            ],
            [
              14.3186538,
              48.3337467
            ],
            [
              14.3187107,
              48.3338011
            ],
            [
              14.318769,
              48.3338512
            ],
            [
              14.3189131,
              48.3339612
            ],
            [
              14.3189905,
              48.3340163
            ],
            [
              14.3190756,
              48.3340719
            ],
            [
              14.3191244,
              48.3341014
            ],
            [
              14.3191628,
              48.3341228
            ],
            [
              14.3192032,
              48.3341431
            ],
            [
              14.319255,
              48.3341667
            ],
            [
              14.3193085,
              48.3341878
            ],
            [
              14.3193646,
              48.3342106
            ],
            [
              14.3194303,
              48.334234
            ],
            [
              14.31949,
              48.334252
            ],
            [
              14.3195365,
              48.3342632
            ],
            [
              14.3195914,
              48.3342752
            ],
            [
              14.3196356,
              48.3342818
            ],
            [
              14.3196852,
              48.3342899
            ],
            [
              14.3197372,
              48.3342981
            ],
            [
              14.3197894,
              48.3343049
            ],
            [
              14.3198527,
              48.3343117
            ],
            [
              14.3199118,
              48.3343156
            ],
            [
              14.3199727,
              48.334318
            ],
            [
              14.3200626,
              48.3343208
            ],
            [
              14.320143,
              48.3343231
            ],
            [
              14.3202063,
              48.3343258
            ],
            [
              14.3202625,
              48.3343326
            ],
            [
              14.3203187,
              48.3343422
            ],
            [
              14.320375,
              48.334357
            ],
            [
              14.3204275,
              48.334372
            ],
            [
              14.3204718,
              48.3343871
            ],
            [
              14.3205143,
              48.334406
            ],
            [
              14.3205547,
              48.3344267
            ],
            [
              14.3205891,
              48.3344508
            ],
            [
              14.3206002,
              48.3344618
            ],
            [
              14.3206212,
              48.334478
            ],
            [
              14.3206459,
              48.3345046
            ],
            [
              14.3206625,
              48.3345308
            ],
            [
              14.3206721,
              48.3345536
            ],
            [
              14.3206808,
              48.3345828
            ],
            [
              14.3206833,
              48.3346087
            ],
            [
              14.3206798,
              48.3346355
            ],
            [
              14.3206702,
              48.3346647
            ],
            [
              14.3206572,
              48.3346947
            ],
            [
              14.3206403,
              48.3347216
            ],
            [
              14.3206178,
              48.3347458
            ],
            [
              14.3205847,
              48.3347699
            ],
            [
              14.3205469,
              48.3347902
            ],
            [
              14.3204979,
              48.3348103
            ],
            [
              14.3204574,
              48.3348228
            ],
            [
              14.3204228,
              48.3348293
            ],
            [
              14.3203912,
              48.3348323
            ],
            [
              14.3203631,
              48.3348344
            ],
            [
              14.3203439,
              48.3348352
            ],
            [
              14.3203185,
              48.3348349
            ],
            [
              14.3202903,
              48.3348324
            ],
            [
              14.3202381,
              48.3348224
            ],
            [
              14.320188,
              48.3348084
            ],
            [
              14.3201527,
              48.3347944
            ]
          ],
          [
            [
              14.3201403,
              48.334811
            ],
            [
              14.3201963,
              48.3348317
            ],
            [
              14.320241,
              48.3348466
            ],
            [
              14.3202886,
              48.3348565
            ],
            [
              14.3203076,
              48.3348583
            ],
            [
              14.3203485,
              48.3348621
            ],
            [
              14.3204052,
              48.3348607
            ],
            [
              14.3204207,
              48.3348582
            ],
            [
              14.3204675,
              48.3348507
            ],
            [
              14.3205243,
              48.3348346
            ],
            [
              14.3205781,
              48.3348118
            ],
            [
              14.3206255,
              48.3347824
            ],
            [
              14.3206663,
              48.3347511
            ],
            [
              14.3206934,
              48.3347212
            ],
            [
              14.320704,
              48.3347038
            ],
            [
              14.3207148,
              48.3346791
            ],
            [
              14.3207181,
              48.3346685
            ],
            [
              14.3207252,
              48.3346457
            ],
            [
              14.3207285,
              48.3346096
            ],
            [
              14.3207231,
              48.334571
            ],
            [
              14.3207094,
              48.3345325
            ],
            [
              14.3206858,
              48.3344914
            ],
            [
              14.3206342,
              48.3344401
            ],
            [
              14.3206163,
              48.3344265
            ],
            [
              14.3205679,
              48.334397
            ],
            [
              14.3205093,
              48.3343698
            ]
          ],
          [
            [
              14.3179905,
              48.3324157
            ],
            [
              14.3180014,
              48.3323416
            ],
            [
              14.3180081,
              48.3322705
            ],
            [
              14.3180096,
              48.3322285
            ],
            [
              14.3180064,
              48.3322008
            ],
            [
              14.3179963,
              48.3321655
            ],
            [
              14.3179767,
              48.3321274
            ],
            [
              14.3179446,
              48.3320899
            ],
            [
              14.3178962,
              48.3320507
            ],
            [
              14.3178441,
              48.3320186
            ]
          ],
          [
            [
              14.3127511,
              48.3317985
            ],
            [
              14.3126291,
              48.3317815
            ],
            [
              14.3124945,
              48.3317613
            ],
            [
              14.3124255,
              48.3317528
            ],
            [
              14.31237,
              48.3317482
            ],
            [
              14.312296,
              48.3317454
            ],
            [
              14.3122346,
              48.3317441
            ],
            [
              14.3121691,
              48.3317458
            ]
          ],
          [
            [
              14.3087356,
              48.3326889
            ],
            [
              14.3082111,
              48.3328683
            ]
          ],
          [
            [
              14.3004993,
              48.334044
            ],
            [
              14.3000506,
              48.3340651
            ],
            [
              14.2999674,
              48.3340726
            ]
          ],
          [
            [
              14.2963597,
              48.334029
            ],
            [
              14.2969045,
              48.3341017
            ]
          ],
          [
            [
              14.2902386,
              48.3323229
            ],
            [
              14.2901085,
              48.3321752
            ],
            [
              14.2899663,
              48.3320084
            ]
          ],
          [
            [
              14.2875426,
              48.3293265
            ],
            [
              14.2878154,
              48.3296145
            ]
          ],
          [
            [
              14.2848373,
              48.326788
            ],
            [
              14.2847928,
              48.3267247
            ],
            [
              14.28477,
              48.3266823
            ],
            [
              14.2847388,
              48.326625
            ],
            [
              14.2846949,
              48.3265212
            ]
          ],
          [
            [
              14.2854566,
              48.322454
            ],
            [
              14.2858597,
              48.3221793
            ]
          ],
          [
            [
              14.2894272,
              48.3200325
            ],
            [
              14.2898786,
              48.3198026
            ]
          ],
          [
            [
              14.2900517,
              48.3160173
            ],
            [
              14.2896762,
              48.3156391
            ]
          ],
          [
            [
              14.287296,
              48.3131828
            ],
            [
              14.2872355,
              48.3131481
            ],
            [
              14.2871755,
              48.313115
            ],
            [
              14.2870778,
              48.3130674
            ],
            [
              14.2869458,
              48.313008
            ],
            [
              14.2868209,
              48.3129554
            ]
          ],
          [
            [
              14.2829454,
              48.3109886
            ],
            [
              14.282967,
              48.3109557
            ],
            [
              14.2830044,
              48.310898
            ],
            [
              14.2830496,
              48.3108298
            ],
            [
              14.2831417,
              48.3106909
            ]
          ],
          [
            [
              14.2861414,
              48.3065472
            ],
            [
              14.2862011,
              48.3064671
            ],
            [
              14.2864103,
              48.3061863
            ]
          ],
          [
            [
              14.290925,
              48.3004884
            ],
            [
              14.2907888,
              48.300725
            ]
          ],
          [
            [
              14.288259,
              48.3039731
            ],
            [
              14.2882718,
              48.3039791
            ],
            [
              14.2884787,
              48.3037718
            ],
            [
              14.2884699,
              48.3037675
            ]
          ],
          [
            [
              14.291593,
              48.2983164
            ],
            [
              14.2916383,
              48.2980783
            ]
          ],
          [
            [
              14.2920947,
              48.2961038
            ],
            [
              14.2921732,
              48.2960164
            ],
            [
              14.2926208,
              48.2955337
            ]
          ],
          [
            [
              14.2917114,
              48.2907446
            ],
            [
              14.2915733,
              48.2908692
            ],
            [
              14.2912744,
              48.2911351
            ],
            [
              14.2911279,
              48.2912665
            ],
            [
              14.2911669,
              48.2912846
            ],
            [
              14.291187,
              48.291294
            ],
            [
              14.2913981,
              48.2911815
            ],
            [
              14.2913916,
              48.2911745
            ],
            [
              14.2913813,
              48.2911623
            ],
            [
              14.2913696,
              48.2911484
            ],
            [
              14.291359,
              48.291136
            ],
            [
              14.2915648,
              48.2909265
            ],
            [
              14.2916079,
              48.2909079
            ],
            [
              14.2916538,
              48.2908899
            ],
            [
              14.2916203,
              48.2908511
            ],
            [
              14.2916496,
              48.2908399
            ],
            [
              14.2917396,
              48.2907584
            ],
            [
              14.2917114,
              48.2907446
            ]
          ],
          [
            [
              14.3008107,
              48.2867525
            ],
            [
              14.3007968,
              48.2867677
            ],
            [
              14.3004771,
              48.287118
            ],
            [
              14.3004556,
              48.2871267
            ]
          ],
          [
            [
              14.3031887,
              48.2846552
            ],
            [
              14.3028807,
              48.284834
            ],
            [
              14.3026807,
              48.2849709
            ]
          ],
          [
            [
              14.3091259,
              48.2804925
            ],
            [
              14.3090428,
              48.2806108
            ],
            [
              14.3088692,
              48.2808265
            ],
            [
              14.3088458,
              48.2808541
            ]
          ],
          [
            [
              14.3129915,
              48.2758926
            ],
            [
              14.312789,
              48.2760462
            ],
            [
              14.3126174,
              48.276205
            ]
          ],
          [
            [
              14.3144026,
              48.2730147
            ],
            [
              14.3143943,
              48.2730134
            ],
            [
              14.3143816,
              48.2730759
            ],
            [
              14.3143809,
              48.2731317
            ],
            [
              14.3143873,
              48.2731879
            ],
            [
              14.3144,
              48.2732372
            ],
            [
              14.3144218,
              48.2732881
            ],
            [
              14.3144473,
              48.2733352
            ],
            [
              14.3144607,
              48.2733562
            ],
            [
              14.3144687,
              48.2733541
            ]
          ],
          [
            [
              14.3166568,
              48.2680866
            ],
            [
              14.3164564,
              48.2685039
            ]
          ],
          [
            [
              14.3179191,
              48.2654308
            ],
            [
              14.3180757,
              48.2651029
            ]
          ],
          [
            [
              14.3197279,
              48.2616049
            ],
            [
              14.3199097,
              48.261234
            ]
          ],
          [
            [
              14.3213401,
              48.2582613
            ],
            [
              14.3211781,
              48.2586023
            ]
          ],
          [
            [
              14.322368,
              48.2561696
            ],
            [
              14.3223377,
              48.2561601
            ],
            [
              14.3225214,
              48.2557743
            ],
            [
              14.3225482,
              48.2557109
            ],
            [
              14.3225777,
              48.2557184
            ]
          ],
          [
            [
              14.3175859,
              48.2539819
            ],
            [
              14.3171403,
              48.2538492
            ]
          ],
          [
            [
              14.3145021,
              48.2530084
            ],
            [
              14.3144739,
              48.2530298
            ],
            [
              14.3141221,
              48.2528238
            ],
            [
              14.3141474,
              48.2528046
            ]
          ],
          [
            [
              14.3117365,
              48.2512413
            ],
            [
              14.3117048,
              48.251244
            ],
            [
              14.3116307,
              48.2508582
            ],
            [
              14.3116668,
              48.2508551
            ]
          ],
          [
            [
              14.3089914,
              48.2490285
            ],
            [
              14.3088354,
              48.248978
            ],
            [
              14.3086075,
              48.2489006
            ]
          ]
        ]
      },
      "id": "relation/1149419"
    }
  ]
}